slug,cluster,pillar_url,action
"blogs/advance-income-tax-pakistan","General Tax","/income-tax-return-pakistan","already-has-link"
"blogs/advance-tax-installments-pakistan","Income Tax Filing","/income-tax-filing","already-has-link"
"blogs/advance-tax-pakistan-2026","Income Tax Filing","/income-tax-filing","already-has-link"
"blogs/advance-tax-section-147-pakistan","Income Tax Filing","/income-tax-filing","already-has-link"
"blogs/affordable-tax-consultant-pakistan","City Tax Consultant","/income-tax-filing","already-has-link"
"blogs/amazon-seller-tax-pakistan","E-commerce Tax","/amazon-seller-tax-pakistan","already-has-link"
"blogs/aop-tax-return-pakistan-2026","Income Tax Filing","/income-tax-filing","already-has-link"
"blogs/azad-kashmir-tax-guide-2026","General Tax","/income-tax-return-pakistan","already-has-link"
"blogs/balochistan-income-tax-guide-2026","General Tax","/income-tax-return-pakistan","already-has-link"
"blogs/best-tax-consultant-islamabad-2026","City Tax Consultant","/income-tax-filing","already-has-link"
"blogs/best-tax-consultant-karachi-2026","City Tax Consultant","/income-tax-filing","already-has-link"
"blogs/best-tax-consultant-near-me-pakistan","City Tax Consultant","/income-tax-filing","already-has-link"
"blogs/best-tax-consultant-pakistan-fbr-filing-2026","FBR Procedures","/fbr-ntn-registration-guide","ADDED"
"blogs/best-tax-consultant-pakistan","City Tax Consultant","/income-tax-filing","already-has-link"
"blogs/business-expense-deductible-pakistan","General Tax","/income-tax-return-pakistan","already-has-link"
"blogs/business-income-tax-return-pakistan","Income Tax Filing","/income-tax-filing","already-has-link"
"blogs/capital-gains-tax-pakistan-2026","Property Tax","/tax-on-commercial-property-pakistan","ADDED"
"blogs/capital-gains-tax-shares-pakistan-2026","Property Tax","/tax-on-commercial-property-pakistan","ADDED"
"blogs/capital-value-tax-pakistan-2026","General Tax","/income-tax-return-pakistan","already-has-link"
"blogs/charitable-donation-tax-pakistan","General Tax","/income-tax-return-pakistan","already-has-link"
"blogs/company-registration-pakistan-2026","Company Registration","/secp-company-registration-guide-2026","ADDED"
"blogs/company-registration-pakistan","Company Registration","/secp-company-registration-guide-2026","ADDED"
"blogs/contractor-tax-pakistan-2026","General Tax","/income-tax-return-pakistan","already-has-link"
"blogs/corporate-income-tax-pakistan-2026","General Tax","/income-tax-return-pakistan","already-has-link"
"blogs/corporate-tax-rate-pakistan-2026","General Tax","/income-tax-return-pakistan","ADDED"
"blogs/crypto-tax-pakistan-2026","Crypto Tax","/crypto-tax-rules-pakistan-2026","ADDED"
"blogs/cryptocurrency-tax-fbr-pakistan","FBR Procedures","/fbr-ntn-registration-guide","already-has-link"
"blogs/deemed-income-tax-property-pakistan","Property Tax","/tax-on-commercial-property-pakistan","already-has-link"
"blogs/depreciation-tax-pakistan","General Tax","/income-tax-return-pakistan","already-has-link"
"blogs/double-taxation-treaty-pakistan","General Tax","/income-tax-return-pakistan","ADDED"
"blogs/education-expense-tax-credit-pakistan","General Tax","/income-tax-return-pakistan","already-has-link"
"blogs/export-income-tax-pakistan-2026","General Tax","/income-tax-return-pakistan","already-has-link"
"blogs/fbr-active-taxpayer-list-guide","FBR Procedures","/fbr-ntn-registration-guide","already-has-link"
"blogs/fbr-audit-pakistan-2026","FBR Procedures","/fbr-ntn-registration-guide","ADDED"
"blogs/fbr-audit-procedure-pakistan-2026","FBR Procedures","/fbr-ntn-registration-guide","already-has-link"
"blogs/fbr-audit-selection-criteria","FBR Procedures","/fbr-ntn-registration-guide","already-has-link"
"blogs/fbr-broadening-tax-base-pakistan","FBR Procedures","/fbr-ntn-registration-guide","ADDED"
"blogs/fbr-income-tax-return-deadline-2026-pakistan","Income Tax Filing","/income-tax-filing","already-has-link"
"blogs/fbr-iris-portal-guide-pakistan","FBR Procedures","/fbr-ntn-registration-guide","already-has-link"
"blogs/fbr-notice-received-what-to-do-pakistan","FBR Procedures","/fbr-ntn-registration-guide","ADDED"
"blogs/fbr-notice-response-guide-pakistan","FBR Procedures","/fbr-ntn-registration-guide","ADDED"
"blogs/fbr-notice-section-122-pakistan","FBR Procedures","/fbr-ntn-registration-guide","already-has-link"
"blogs/fbr-notice-section-176-pakistan","FBR Procedures","/fbr-ntn-registration-guide","already-has-link"
"blogs/fbr-penalty-pakistan-2026","FBR Procedures","/fbr-ntn-registration-guide","ADDED"
"blogs/fbr-registration-new-business-pakistan","FBR Procedures","/fbr-ntn-registration-guide","ADDED"
"blogs/fbr-registration-step-by-step","FBR Procedures","/fbr-ntn-registration-guide","already-has-link"
"blogs/fbr-section-111-notice-response-guide","FBR Procedures","/fbr-ntn-registration-guide","ADDED"
"blogs/fbr-section-122-notice-pakistan","FBR Procedures","/fbr-ntn-registration-guide","ADDED"
"blogs/fbr-tax-payment-psid-guide-2026","FBR Procedures","/fbr-ntn-registration-guide","ADDED"
"blogs/filer-benefits-pakistan-2026","General Tax","/income-tax-return-pakistan","already-has-link"
"blogs/filer-vs-non-filer-pakistan-2026","General Tax","/income-tax-return-pakistan","already-has-link"
"blogs/finance-act-2026-key-changes-pakistan","General Tax","/income-tax-return-pakistan","ADDED"
"blogs/finance-act-2026-pakistan-tax-changes","General Tax","/income-tax-return-pakistan","ADDED"
"blogs/freelancer-ntn-filer-status-guide","Freelancer Tax","/freelancer-tax-pakistan","already-has-link"
"blogs/freelancer-tax-pakistan-2026","Freelancer Tax","/freelancer-tax-pakistan","already-has-link"
"blogs/gift-tax-pakistan-2026","General Tax","/income-tax-return-pakistan","already-has-link"
"blogs/gilgit-baltistan-tax-guide-2026","General Tax","/income-tax-return-pakistan","already-has-link"
"blogs/gratuity-tax-pakistan","General Tax","/income-tax-return-pakistan","already-has-link"
"blogs/hospital-clinic-tax-pakistan","General Tax","/income-tax-return-pakistan","already-has-link"
"blogs/house-rent-allowance-tax-pakistan","Property Tax","/tax-on-commercial-property-pakistan","already-has-link"
"blogs/how-to-avoid-fbr-notice-pakistan","FBR Procedures","/fbr-ntn-registration-guide","ADDED"
"blogs/how-to-become-active-filer-pakistan-2026","General Tax","/income-tax-return-pakistan","already-has-link"
"blogs/how-to-download-ntn-certificate-fbr","NTN Registration","/ntn-registration","already-has-link"
"blogs/how-to-file-income-tax-return-fbr-iris-2026","Income Tax Filing","/income-tax-filing","already-has-link"
"blogs/how-to-file-income-tax-return-pakistan-2026","Income Tax Filing","/income-tax-filing","already-has-link"
"blogs/how-to-file-nil-return-pakistan","Income Tax Filing","/income-tax-filing","already-has-link"
"blogs/how-to-reset-fbr-iris-password","FBR Procedures","/fbr-ntn-registration-guide","ADDED"
"blogs/how-to-respond-fbr-notice-section-111","FBR Procedures","/fbr-ntn-registration-guide","ADDED"
"blogs/import-export-tax-pakistan-2026","General Tax","/income-tax-return-pakistan","already-has-link"
"blogs/income-tax-2025-budget-changes","General Tax","/income-tax-return-pakistan","already-has-link"
"blogs/income-tax-appeal-pakistan","General Tax","/income-tax-return-pakistan","ADDED"
"blogs/income-tax-exemptions-pakistan-2026","General Tax","/income-tax-return-pakistan","ADDED"
"blogs/income-tax-exemptions-salaried-pakistan","Salaried Tax","/salaried-person-tax-return-pakistan","already-has-link"
"blogs/income-tax-filing-abbottabad","Income Tax Filing","/income-tax-filing","already-has-link"
"blogs/income-tax-filing-ahmedpur-east","Income Tax Filing","/income-tax-filing","already-has-link"
"blogs/income-tax-filing-arifwala","Income Tax Filing","/income-tax-filing","already-has-link"
"blogs/income-tax-filing-attock","Income Tax Filing","/income-tax-filing","already-has-link"
"blogs/income-tax-filing-badin","Income Tax Filing","/income-tax-filing","already-has-link"
"blogs/income-tax-filing-bahawalpur","Income Tax Filing","/income-tax-filing","already-has-link"
"blogs/income-tax-filing-bannu","Income Tax Filing","/income-tax-filing","already-has-link"
"blogs/income-tax-filing-bhakkar","Income Tax Filing","/income-tax-filing","already-has-link"
"blogs/income-tax-filing-bhawalnagar","Income Tax Filing","/income-tax-filing","already-has-link"
"blogs/income-tax-filing-bhimber","Income Tax Filing","/income-tax-filing","already-has-link"
"blogs/income-tax-filing-burewala","Income Tax Filing","/income-tax-filing","already-has-link"
"blogs/income-tax-filing-chakwal","Income Tax Filing","/income-tax-filing","already-has-link"
"blogs/income-tax-filing-chaman","Income Tax Filing","/income-tax-filing","already-has-link"
"blogs/income-tax-filing-charsadda","Income Tax Filing","/income-tax-filing","already-has-link"
"blogs/income-tax-filing-chiniot","Income Tax Filing","/income-tax-filing","already-has-link"
"blogs/income-tax-filing-chishtian","Income Tax Filing","/income-tax-filing","already-has-link"
"blogs/income-tax-filing-chitral","Income Tax Filing","/income-tax-filing","already-has-link"
"blogs/income-tax-filing-dadu","Income Tax Filing","/income-tax-filing","already-has-link"
"blogs/income-tax-filing-daska","Income Tax Filing","/income-tax-filing","already-has-link"
"blogs/income-tax-filing-depalpur","Income Tax Filing","/income-tax-filing","already-has-link"
"blogs/income-tax-filing-dera-ghazi-khan","Income Tax Filing","/income-tax-filing","already-has-link"
"blogs/income-tax-filing-dera-ismail-khan","Income Tax Filing","/income-tax-filing","already-has-link"
"blogs/income-tax-filing-dina","Income Tax Filing","/income-tax-filing","already-has-link"
"blogs/income-tax-filing-dinga","Income Tax Filing","/income-tax-filing","already-has-link"
"blogs/income-tax-filing-faisalabad","Income Tax Filing","/income-tax-filing","already-has-link"
"blogs/income-tax-filing-fort-abbas","Income Tax Filing","/income-tax-filing","already-has-link"
"blogs/income-tax-filing-ghotki","Income Tax Filing","/income-tax-filing","already-has-link"
"blogs/income-tax-filing-gilgit","Income Tax Filing","/income-tax-filing","already-has-link"
"blogs/income-tax-filing-gojra","Income Tax Filing","/income-tax-filing","already-has-link"
"blogs/income-tax-filing-gujranwala","Income Tax Filing","/income-tax-filing","already-has-link"
"blogs/income-tax-filing-gujrat","Income Tax Filing","/income-tax-filing","already-has-link"
"blogs/income-tax-filing-gwadar","Income Tax Filing","/income-tax-filing","already-has-link"
"blogs/income-tax-filing-hafizabad","Income Tax Filing","/income-tax-filing","already-has-link"
"blogs/income-tax-filing-hangu","Income Tax Filing","/income-tax-filing","already-has-link"
"blogs/income-tax-filing-haripur","Income Tax Filing","/income-tax-filing","already-has-link"
"blogs/income-tax-filing-haroonabad","Income Tax Filing","/income-tax-filing","already-has-link"
"blogs/income-tax-filing-haveli-lakha","Income Tax Filing","/income-tax-filing","already-has-link"
"blogs/income-tax-filing-hub","Income Tax Filing","/income-tax-filing","already-has-link"
"blogs/income-tax-filing-hunza","Income Tax Filing","/income-tax-filing","already-has-link"
"blogs/income-tax-filing-hyderabad","Income Tax Filing","/income-tax-filing","already-has-link"
"blogs/income-tax-filing-islamabad","Income Tax Filing","/income-tax-filing","already-has-link"
"blogs/income-tax-filing-jacobabad","Income Tax Filing","/income-tax-filing","already-has-link"
"blogs/income-tax-filing-jaranwala","Income Tax Filing","/income-tax-filing","already-has-link"
"blogs/income-tax-filing-jhang","Income Tax Filing","/income-tax-filing","already-has-link"
"blogs/income-tax-filing-jhelum","Income Tax Filing","/income-tax-filing","already-has-link"
"blogs/income-tax-filing-kabirwala","Income Tax Filing","/income-tax-filing","already-has-link"
"blogs/income-tax-filing-kalat","Income Tax Filing","/income-tax-filing","already-has-link"
"blogs/income-tax-filing-kamalia","Income Tax Filing","/income-tax-filing","already-has-link"
"blogs/income-tax-filing-kamoke","Income Tax Filing","/income-tax-filing","already-has-link"
"blogs/income-tax-filing-karachi","Income Tax Filing","/income-tax-filing","already-has-link"
"blogs/income-tax-filing-karak","Income Tax Filing","/income-tax-filing","already-has-link"
"blogs/income-tax-filing-kasur","Income Tax Filing","/income-tax-filing","already-has-link"
"blogs/income-tax-filing-khairpur","Income Tax Filing","/income-tax-filing","already-has-link"
"blogs/income-tax-filing-khanewal","Income Tax Filing","/income-tax-filing","already-has-link"
"blogs/income-tax-filing-khanpur","Income Tax Filing","/income-tax-filing","already-has-link"
"blogs/income-tax-filing-kharian","Income Tax Filing","/income-tax-filing","already-has-link"
"blogs/income-tax-filing-khushab","Income Tax Filing","/income-tax-filing","already-has-link"
"blogs/income-tax-filing-khuzdar","Income Tax Filing","/income-tax-filing","already-has-link"
"blogs/income-tax-filing-kohat","Income Tax Filing","/income-tax-filing","already-has-link"
"blogs/income-tax-filing-kotli","Income Tax Filing","/income-tax-filing","already-has-link"
"blogs/income-tax-filing-lahore","Income Tax Filing","/income-tax-filing","already-has-link"
"blogs/income-tax-filing-lakki-marwat","Income Tax Filing","/income-tax-filing","already-has-link"
"blogs/income-tax-filing-lalamusa","Income Tax Filing","/income-tax-filing","already-has-link"
"blogs/income-tax-filing-larkana","Income Tax Filing","/income-tax-filing","already-has-link"
"blogs/income-tax-filing-lasbela","Income Tax Filing","/income-tax-filing","already-has-link"
"blogs/income-tax-filing-layyah","Income Tax Filing","/income-tax-filing","already-has-link"
"blogs/income-tax-filing-liaquatpur","Income Tax Filing","/income-tax-filing","already-has-link"
"blogs/income-tax-filing-lodhran","Income Tax Filing","/income-tax-filing","already-has-link"
"blogs/income-tax-filing-loralai","Income Tax Filing","/income-tax-filing","already-has-link"
"blogs/income-tax-filing-mailsi","Income Tax Filing","/income-tax-filing","already-has-link"
"blogs/income-tax-filing-malakwal","Income Tax Filing","/income-tax-filing","already-has-link"
"blogs/income-tax-filing-mandi-bahauddin","Income Tax Filing","/income-tax-filing","already-has-link"
"blogs/income-tax-filing-mansehra","Income Tax Filing","/income-tax-filing","already-has-link"
"blogs/income-tax-filing-mardan","Income Tax Filing","/income-tax-filing","already-has-link"
"blogs/income-tax-filing-mastung","Income Tax Filing","/income-tax-filing","already-has-link"
"blogs/income-tax-filing-matiari","Income Tax Filing","/income-tax-filing","already-has-link"
"blogs/income-tax-filing-mian-channu","Income Tax Filing","/income-tax-filing","already-has-link"
"blogs/income-tax-filing-mingora","Income Tax Filing","/income-tax-filing","already-has-link"
"blogs/income-tax-filing-mirpur","Income Tax Filing","/income-tax-filing","already-has-link"
"blogs/income-tax-filing-mirpurkhas","Income Tax Filing","/income-tax-filing","already-has-link"
"blogs/income-tax-filing-multan","Income Tax Filing","/income-tax-filing","already-has-link"
"blogs/income-tax-filing-muzaffarabad","Income Tax Filing","/income-tax-filing","already-has-link"
"blogs/income-tax-filing-muzaffargarh","Income Tax Filing","/income-tax-filing","already-has-link"
"blogs/income-tax-filing-narowal","Income Tax Filing","/income-tax-filing","already-has-link"
"blogs/income-tax-filing-nawabshah","Income Tax Filing","/income-tax-filing","already-has-link"
"blogs/income-tax-filing-nowshera","Income Tax Filing","/income-tax-filing","already-has-link"
"blogs/income-tax-filing-okara","Income Tax Filing","/income-tax-filing","already-has-link"
"blogs/income-tax-filing-pakpattan","Income Tax Filing","/income-tax-filing","already-has-link"
"blogs/income-tax-filing-pasrur","Income Tax Filing","/income-tax-filing","already-has-link"
"blogs/income-tax-filing-peshawar","Income Tax Filing","/income-tax-filing","already-has-link"
"blogs/income-tax-filing-phalia","Income Tax Filing","/income-tax-filing","already-has-link"
"blogs/income-tax-filing-pishin","Income Tax Filing","/income-tax-filing","already-has-link"
"blogs/income-tax-filing-quetta","Income Tax Filing","/income-tax-filing","already-has-link"
"blogs/income-tax-filing-rahim-yar-khan","Income Tax Filing","/income-tax-filing","already-has-link"
"blogs/income-tax-filing-rajanpur","Income Tax Filing","/income-tax-filing","already-has-link"
"blogs/income-tax-filing-rawalakot","Income Tax Filing","/income-tax-filing","already-has-link"
"blogs/income-tax-filing-rawalpindi","Income Tax Filing","/income-tax-filing","already-has-link"
"blogs/income-tax-filing-renala-khurd","Income Tax Filing","/income-tax-filing","already-has-link"
"blogs/income-tax-filing-sadiqabad","Income Tax Filing","/income-tax-filing","already-has-link"
"blogs/income-tax-filing-sahiwal","Income Tax Filing","/income-tax-filing","already-has-link"
"blogs/income-tax-filing-sambrial","Income Tax Filing","/income-tax-filing","already-has-link"
"blogs/income-tax-filing-sammundri","Income Tax Filing","/income-tax-filing","already-has-link"
"blogs/income-tax-filing-sanghar","Income Tax Filing","/income-tax-filing","already-has-link"
"blogs/income-tax-filing-sargodha","Income Tax Filing","/income-tax-filing","already-has-link"
"blogs/income-tax-filing-shakargarh","Income Tax Filing","/income-tax-filing","already-has-link"
"blogs/income-tax-filing-sheikhupura","Income Tax Filing","/income-tax-filing","already-has-link"
"blogs/income-tax-filing-shikarpur","Income Tax Filing","/income-tax-filing","already-has-link"
"blogs/income-tax-filing-sialkot","Income Tax Filing","/income-tax-filing","already-has-link"
"blogs/income-tax-filing-sibi","Income Tax Filing","/income-tax-filing","already-has-link"
"blogs/income-tax-filing-skardu","Income Tax Filing","/income-tax-filing","already-has-link"
"blogs/income-tax-filing-sukkur","Income Tax Filing","/income-tax-filing","already-has-link"
"blogs/income-tax-filing-swabi","Income Tax Filing","/income-tax-filing","already-has-link"
"blogs/income-tax-filing-talagang","Income Tax Filing","/income-tax-filing","already-has-link"
"blogs/income-tax-filing-tando-adam","Income Tax Filing","/income-tax-filing","already-has-link"
"blogs/income-tax-filing-tando-allahyar","Income Tax Filing","/income-tax-filing","already-has-link"
"blogs/income-tax-filing-thatta","Income Tax Filing","/income-tax-filing","already-has-link"
"blogs/income-tax-filing-timergara","Income Tax Filing","/income-tax-filing","already-has-link"
"blogs/income-tax-filing-toba-tek-singh","Income Tax Filing","/income-tax-filing","already-has-link"
"blogs/income-tax-filing-turbat","Income Tax Filing","/income-tax-filing","already-has-link"
"blogs/income-tax-filing-vehari","Income Tax Filing","/income-tax-filing","already-has-link"
"blogs/income-tax-filing-wah-cantt","Income Tax Filing","/income-tax-filing","already-has-link"
"blogs/income-tax-filing-wazirabad","Income Tax Filing","/income-tax-filing","already-has-link"
"blogs/income-tax-filing-zafarwal","Income Tax Filing","/income-tax-filing","already-has-link"
"blogs/income-tax-filing-zhob","Income Tax Filing","/income-tax-filing","already-has-link"
"blogs/income-tax-for-overseas-pakistan","General Tax","/income-tax-return-pakistan","already-has-link"
"blogs/income-tax-on-property-sale-2026","Property Tax","/tax-on-commercial-property-pakistan","already-has-link"
"blogs/income-tax-return-deadline-pakistan-2026","Income Tax Filing","/income-tax-filing","already-has-link"
"blogs/income-tax-return-filing-faisalabad","Income Tax Filing","/income-tax-filing","already-has-link"
"blogs/income-tax-return-filing-islamabad","Income Tax Filing","/income-tax-filing","already-has-link"
"blogs/income-tax-return-filing-karachi","Income Tax Filing","/income-tax-filing","already-has-link"
"blogs/income-tax-return-filing-multan","Income Tax Filing","/income-tax-filing","already-has-link"
"blogs/income-tax-return-filing-pakistan","Income Tax Filing","/income-tax-filing","already-has-link"
"blogs/income-tax-return-filing-rawalpindi","Income Tax Filing","/income-tax-filing","already-has-link"
"blogs/income-tax-return-late-filing-pakistan","Income Tax Filing","/income-tax-filing","already-has-link"
"blogs/income-tax-second-schedule-pakistan","General Tax","/income-tax-return-pakistan","already-has-link"
"blogs/income-tax-slab-pakistan-2026","General Tax","/income-tax-return-pakistan","ADDED"
"blogs/inheritance-wealth-declaration-pakistan","Income Tax Filing","/income-tax-filing","already-has-link"
"blogs/kamboh-associates-reviews-pakistan-tax-consultant","City Tax Consultant","/income-tax-filing","already-has-link"
"blogs/kpk-income-tax-guide-2026","General Tax","/income-tax-return-pakistan","already-has-link"
"blogs/late-filing-penalty-income-tax-pakistan","FBR Penalties","/blogs/fbr-penalty-pakistan-2026","ADDED"
"blogs/medical-allowance-tax-exemption-pakistan","General Tax","/income-tax-return-pakistan","already-has-link"
"blogs/minimum-tax-section-113-pakistan","General Tax","/income-tax-return-pakistan","already-has-link"
"blogs/minimum-tax-turnover-pakistan","General Tax","/income-tax-return-pakistan","ADDED"
"blogs/mutual-fund-tax-pakistan-2026","General Tax","/income-tax-return-pakistan","already-has-link"
"blogs/national-savings-tax-pakistan","General Tax","/income-tax-return-pakistan","already-has-link"
"blogs/nicop-holder-tax-obligations-pakistan","General Tax","/income-tax-return-pakistan","ADDED"
"blogs/non-filer-consequences-pakistan-2026","General Tax","/income-tax-return-pakistan","already-has-link"
"blogs/ntn-registration-abbottabad","NTN Registration","/ntn-registration","already-has-link"
"blogs/ntn-registration-ahmedpur-east","NTN Registration","/ntn-registration","already-has-link"
"blogs/ntn-registration-arifwala","NTN Registration","/ntn-registration","already-has-link"
"blogs/ntn-registration-attock","NTN Registration","/ntn-registration","already-has-link"
"blogs/ntn-registration-badin","NTN Registration","/ntn-registration","already-has-link"
"blogs/ntn-registration-bahawalpur","NTN Registration","/ntn-registration","already-has-link"
"blogs/ntn-registration-bannu","NTN Registration","/ntn-registration","already-has-link"
"blogs/ntn-registration-bhakkar","NTN Registration","/ntn-registration","already-has-link"
"blogs/ntn-registration-bhawalnagar","NTN Registration","/ntn-registration","already-has-link"
"blogs/ntn-registration-bhimber","NTN Registration","/ntn-registration","already-has-link"
"blogs/ntn-registration-burewala","NTN Registration","/ntn-registration","already-has-link"
"blogs/ntn-registration-chakwal","NTN Registration","/ntn-registration","already-has-link"
"blogs/ntn-registration-chaman","NTN Registration","/ntn-registration","already-has-link"
"blogs/ntn-registration-charsadda","NTN Registration","/ntn-registration","already-has-link"
"blogs/ntn-registration-chiniot","NTN Registration","/ntn-registration","already-has-link"
"blogs/ntn-registration-chishtian","NTN Registration","/ntn-registration","already-has-link"
"blogs/ntn-registration-chitral","NTN Registration","/ntn-registration","already-has-link"
"blogs/ntn-registration-dadu","NTN Registration","/ntn-registration","already-has-link"
"blogs/ntn-registration-daska","NTN Registration","/ntn-registration","already-has-link"
"blogs/ntn-registration-depalpur","NTN Registration","/ntn-registration","already-has-link"
"blogs/ntn-registration-dera-ghazi-khan","NTN Registration","/ntn-registration","already-has-link"
"blogs/ntn-registration-dera-ismail-khan","NTN Registration","/ntn-registration","already-has-link"
"blogs/ntn-registration-dina","NTN Registration","/ntn-registration","already-has-link"
"blogs/ntn-registration-dinga","NTN Registration","/ntn-registration","already-has-link"
"blogs/ntn-registration-faisalabad","NTN Registration","/ntn-registration","already-has-link"
"blogs/ntn-registration-fort-abbas","NTN Registration","/ntn-registration","already-has-link"
"blogs/ntn-registration-ghotki","NTN Registration","/ntn-registration","already-has-link"
"blogs/ntn-registration-gilgit","NTN Registration","/ntn-registration","already-has-link"
"blogs/ntn-registration-gojra","NTN Registration","/ntn-registration","already-has-link"
"blogs/ntn-registration-gujranwala","NTN Registration","/ntn-registration","already-has-link"
"blogs/ntn-registration-gujrat","NTN Registration","/ntn-registration","already-has-link"
"blogs/ntn-registration-gwadar","NTN Registration","/ntn-registration","already-has-link"
"blogs/ntn-registration-hafizabad","NTN Registration","/ntn-registration","already-has-link"
"blogs/ntn-registration-hangu","NTN Registration","/ntn-registration","already-has-link"
"blogs/ntn-registration-haripur","NTN Registration","/ntn-registration","already-has-link"
"blogs/ntn-registration-haroonabad","NTN Registration","/ntn-registration","already-has-link"
"blogs/ntn-registration-haveli-lakha","NTN Registration","/ntn-registration","already-has-link"
"blogs/ntn-registration-hub","NTN Registration","/ntn-registration","already-has-link"
"blogs/ntn-registration-hunza","NTN Registration","/ntn-registration","already-has-link"
"blogs/ntn-registration-hyderabad","NTN Registration","/ntn-registration","already-has-link"
"blogs/ntn-registration-islamabad","NTN Registration","/ntn-registration","already-has-link"
"blogs/ntn-registration-jacobabad","NTN Registration","/ntn-registration","already-has-link"
"blogs/ntn-registration-jaranwala","NTN Registration","/ntn-registration","already-has-link"
"blogs/ntn-registration-jhang","NTN Registration","/ntn-registration","already-has-link"
"blogs/ntn-registration-jhelum","NTN Registration","/ntn-registration","already-has-link"
"blogs/ntn-registration-kabirwala","NTN Registration","/ntn-registration","already-has-link"
"blogs/ntn-registration-kalat","NTN Registration","/ntn-registration","already-has-link"
"blogs/ntn-registration-kamalia","NTN Registration","/ntn-registration","already-has-link"
"blogs/ntn-registration-kamoke","NTN Registration","/ntn-registration","already-has-link"
"blogs/ntn-registration-karachi","NTN Registration","/ntn-registration","already-has-link"
"blogs/ntn-registration-karak","NTN Registration","/ntn-registration","already-has-link"
"blogs/ntn-registration-kasur","NTN Registration","/ntn-registration","already-has-link"
"blogs/ntn-registration-khairpur","NTN Registration","/ntn-registration","already-has-link"
"blogs/ntn-registration-khanewal","NTN Registration","/ntn-registration","already-has-link"
"blogs/ntn-registration-khanpur","NTN Registration","/ntn-registration","already-has-link"
"blogs/ntn-registration-kharian","NTN Registration","/ntn-registration","already-has-link"
"blogs/ntn-registration-khushab","NTN Registration","/ntn-registration","already-has-link"
"blogs/ntn-registration-khuzdar","NTN Registration","/ntn-registration","already-has-link"
"blogs/ntn-registration-kohat","NTN Registration","/ntn-registration","already-has-link"
"blogs/ntn-registration-kotli","NTN Registration","/ntn-registration","already-has-link"
"blogs/ntn-registration-lakki-marwat","NTN Registration","/ntn-registration","already-has-link"
"blogs/ntn-registration-lalamusa","NTN Registration","/ntn-registration","already-has-link"
"blogs/ntn-registration-larkana","NTN Registration","/ntn-registration","already-has-link"
"blogs/ntn-registration-lasbela","NTN Registration","/ntn-registration","already-has-link"
"blogs/ntn-registration-layyah","NTN Registration","/ntn-registration","already-has-link"
"blogs/ntn-registration-liaquatpur","NTN Registration","/ntn-registration","already-has-link"
"blogs/ntn-registration-lodhran","NTN Registration","/ntn-registration","already-has-link"
"blogs/ntn-registration-loralai","NTN Registration","/ntn-registration","already-has-link"
"blogs/ntn-registration-mailsi","NTN Registration","/ntn-registration","already-has-link"
"blogs/ntn-registration-malakwal","NTN Registration","/ntn-registration","already-has-link"
"blogs/ntn-registration-mandi-bahauddin","NTN Registration","/ntn-registration","already-has-link"
"blogs/ntn-registration-mansehra","NTN Registration","/ntn-registration","already-has-link"
"blogs/ntn-registration-mardan","NTN Registration","/ntn-registration","already-has-link"
"blogs/ntn-registration-mastung","NTN Registration","/ntn-registration","already-has-link"
"blogs/ntn-registration-matiari","NTN Registration","/ntn-registration","already-has-link"
"blogs/ntn-registration-mian-channu","NTN Registration","/ntn-registration","already-has-link"
"blogs/ntn-registration-mingora","NTN Registration","/ntn-registration","already-has-link"
"blogs/ntn-registration-mirpur","NTN Registration","/ntn-registration","already-has-link"
"blogs/ntn-registration-mirpurkhas","NTN Registration","/ntn-registration","already-has-link"
"blogs/ntn-registration-multan","NTN Registration","/ntn-registration","already-has-link"
"blogs/ntn-registration-muzaffarabad","NTN Registration","/ntn-registration","already-has-link"
"blogs/ntn-registration-muzaffargarh","NTN Registration","/ntn-registration","already-has-link"
"blogs/ntn-registration-narowal","NTN Registration","/ntn-registration","already-has-link"
"blogs/ntn-registration-nawabshah","NTN Registration","/ntn-registration","already-has-link"
"blogs/ntn-registration-nowshera","NTN Registration","/ntn-registration","already-has-link"
"blogs/ntn-registration-okara","NTN Registration","/ntn-registration","already-has-link"
"blogs/ntn-registration-online-pakistan-2026","NTN Registration","/ntn-registration","already-has-link"
"blogs/ntn-registration-online-pakistan","NTN Registration","/ntn-registration","already-has-link"
"blogs/ntn-registration-pakistan","NTN Registration","/ntn-registration","already-has-link"
"blogs/ntn-registration-pakistanis-dubai","NTN Registration","/ntn-registration","already-has-link"
"blogs/ntn-registration-pakpattan","NTN Registration","/ntn-registration","already-has-link"
"blogs/ntn-registration-pasrur","NTN Registration","/ntn-registration","already-has-link"
"blogs/ntn-registration-peshawar","NTN Registration","/ntn-registration","already-has-link"
"blogs/ntn-registration-phalia","NTN Registration","/ntn-registration","already-has-link"
"blogs/ntn-registration-pishin","NTN Registration","/ntn-registration","already-has-link"
"blogs/ntn-registration-quetta","NTN Registration","/ntn-registration","already-has-link"
"blogs/ntn-registration-rahim-yar-khan","NTN Registration","/ntn-registration","already-has-link"
"blogs/ntn-registration-rajanpur","NTN Registration","/ntn-registration","already-has-link"
"blogs/ntn-registration-rawalakot","NTN Registration","/ntn-registration","already-has-link"
"blogs/ntn-registration-rawalpindi","NTN Registration","/ntn-registration","already-has-link"
"blogs/ntn-registration-renala-khurd","NTN Registration","/ntn-registration","already-has-link"
"blogs/ntn-registration-sadiqabad","NTN Registration","/ntn-registration","already-has-link"
"blogs/ntn-registration-sahiwal","NTN Registration","/ntn-registration","already-has-link"
"blogs/ntn-registration-sambrial","NTN Registration","/ntn-registration","already-has-link"
"blogs/ntn-registration-sammundri","NTN Registration","/ntn-registration","already-has-link"
"blogs/ntn-registration-sanghar","NTN Registration","/ntn-registration","already-has-link"
"blogs/ntn-registration-sargodha","NTN Registration","/ntn-registration","already-has-link"
"blogs/ntn-registration-shakargarh","NTN Registration","/ntn-registration","already-has-link"
"blogs/ntn-registration-sheikhupura","NTN Registration","/ntn-registration","already-has-link"
"blogs/ntn-registration-shikarpur","NTN Registration","/ntn-registration","already-has-link"
"blogs/ntn-registration-sialkot","NTN Registration","/ntn-registration","already-has-link"
"blogs/ntn-registration-sibi","NTN Registration","/ntn-registration","already-has-link"
"blogs/ntn-registration-skardu","NTN Registration","/ntn-registration","already-has-link"
"blogs/ntn-registration-sukkur","NTN Registration","/ntn-registration","already-has-link"
"blogs/ntn-registration-swabi","NTN Registration","/ntn-registration","already-has-link"
"blogs/ntn-registration-talagang","NTN Registration","/ntn-registration","already-has-link"
"blogs/ntn-registration-tando-adam","NTN Registration","/ntn-registration","already-has-link"
"blogs/ntn-registration-tando-allahyar","NTN Registration","/ntn-registration","already-has-link"
"blogs/ntn-registration-thatta","NTN Registration","/ntn-registration","already-has-link"
"blogs/ntn-registration-timergara","NTN Registration","/ntn-registration","already-has-link"
"blogs/ntn-registration-toba-tek-singh","NTN Registration","/ntn-registration","already-has-link"
"blogs/ntn-registration-turbat","NTN Registration","/ntn-registration","already-has-link"
"blogs/ntn-registration-vehari","NTN Registration","/ntn-registration","already-has-link"
"blogs/ntn-registration-wah-cantt","NTN Registration","/ntn-registration","already-has-link"
"blogs/ntn-registration-wazirabad","NTN Registration","/ntn-registration","already-has-link"
"blogs/ntn-registration-zafarwal","NTN Registration","/ntn-registration","already-has-link"
"blogs/ntn-registration-zhob","NTN Registration","/ntn-registration","already-has-link"
"blogs/online-income-tax-return-filing-pakistan-2026","Income Tax Filing","/income-tax-filing","already-has-link"
"blogs/online-tax-consultant-pakistan","City Tax Consultant","/income-tax-filing","already-has-link"
"blogs/overseas-pakistani-investment-tax-pakistan","General Tax","/income-tax-return-pakistan","ADDED"
"blogs/overseas-pakistani-property-tax-pakistan","Property Tax","/tax-on-commercial-property-pakistan","ADDED"
"blogs/overseas-pakistani-tax-filing-2026","Income Tax Filing","/income-tax-filing","already-has-link"
"blogs/overseas-pakistani-tax-return","Income Tax Filing","/income-tax-filing","already-has-link"
"blogs/pakistan-tax-calendar-2026-27","General Tax","/income-tax-return-pakistan","already-has-link"
"blogs/pakistan-tax-refund-claim-guide","General Tax","/income-tax-return-pakistan","already-has-link"
"blogs/partnership-firm-tax-pakistan","General Tax","/income-tax-return-pakistan","already-has-link"
"blogs/pension-death-gratuity-tax","Salaried Tax","/salaried-person-tax-return-pakistan","ADDED"
"blogs/pension-fund-tax-pakistan","Salaried Tax","/salaried-person-tax-return-pakistan","ADDED"
"blogs/pension-tax-pakistan-2026","Salaried Tax","/salaried-person-tax-return-pakistan","ADDED"
"blogs/pos-integration-fbr-pakistan","FBR Procedures","/fbr-ntn-registration-guide","ADDED"
"blogs/private-limited-company-tax-return-pakistan","Income Tax Filing","/income-tax-filing","already-has-link"
"blogs/private-school-tax-pakistan","General Tax","/income-tax-return-pakistan","already-has-link"
"blogs/prize-bond-tax-pakistan","General Tax","/income-tax-return-pakistan","already-has-link"
"blogs/professional-tax-pakistan-2026","General Tax","/income-tax-return-pakistan","ADDED"
"blogs/property-purchase-pakistan-dubai-pakistanis","Property Tax","/tax-on-commercial-property-pakistan","ADDED"
"blogs/property-tax-islamabad-2026","Property Tax","/tax-on-commercial-property-pakistan","already-has-link"
"blogs/property-tax-karachi-2026","Property Tax","/tax-on-commercial-property-pakistan","already-has-link"
"blogs/property-tax-lahore-2026","Property Tax","/tax-on-commercial-property-pakistan","already-has-link"
"blogs/property-tax-pakistan-2026","Property Tax","/tax-on-commercial-property-pakistan","ADDED"
"blogs/provident-fund-gratuity-tax-pakistan","General Tax","/income-tax-return-pakistan","ADDED"
"blogs/punjab-sales-tax-services-pakistan","Sales Tax / GST","/gst-registration-lahore","already-has-link"
"blogs/real-estate-agent-tax-pakistan","Property Tax","/tax-on-commercial-property-pakistan","already-has-link"
"blogs/real-estate-developer-tax-pakistan","Property Tax","/tax-on-commercial-property-pakistan","ADDED"
"blogs/remittance-tax-pakistan-2026","General Tax","/income-tax-return-pakistan","ADDED"
"blogs/rental-income-tax-pakistan-2026","Property Tax","/tax-on-commercial-property-pakistan","already-has-link"
"blogs/restaurant-tax-pakistan-2026","General Tax","/income-tax-return-pakistan","already-has-link"
"blogs/roshan-digital-account-tax-pakistan","General Tax","/income-tax-return-pakistan","ADDED"
"blogs/roshan-digital-account-tax","General Tax","/income-tax-return-pakistan","already-has-link"
"blogs/salary-person-tax-return-pakistan","Income Tax Filing","/income-tax-filing","already-has-link"
"blogs/sales-tax-on-services-pakistan","Sales Tax / GST","/gst-registration-lahore","already-has-link"
"blogs/sales-tax-registration-guide-pakistan","Sales Tax / GST","/gst-registration-lahore","ADDED"
"blogs/sales-tax-return-filing-pakistan-2026","Income Tax Filing","/income-tax-filing","already-has-link"
"blogs/sales-tax-return-filing-pakistan","Income Tax Filing","/income-tax-filing","already-has-link"
"blogs/same-day-income-tax-return-filing-pakistan","Income Tax Filing","/income-tax-filing","already-has-link"
"blogs/secp-company-registration-guide","Company Registration","/secp-company-registration-guide-2026","already-has-link"
"blogs/section-7e-tax-pakistan","General Tax","/income-tax-return-pakistan","ADDED"
"blogs/sindh-income-tax-guide-2026","General Tax","/income-tax-return-pakistan","already-has-link"
"blogs/small-business-tax-consultant-pakistan","City Tax Consultant","/income-tax-filing","already-has-link"
"blogs/small-company-tax-pakistan","Company Registration","/secp-company-registration-guide-2026","already-has-link"
"blogs/sme-tax-consultant-pakistan","City Tax Consultant","/income-tax-filing","already-has-link"
"blogs/sole-proprietor-tax-return-pakistan-2026","Income Tax Filing","/income-tax-filing","already-has-link"
"blogs/stock-broker-tax-pakistan","General Tax","/income-tax-return-pakistan","already-has-link"
"blogs/strn-registration-pakistan","General Tax","/income-tax-return-pakistan","ADDED"
"blogs/super-tax-pakistan-2026","General Tax","/income-tax-return-pakistan","ADDED"
"blogs/tax-appeal-procedure-pakistan","General Tax","/income-tax-return-pakistan","already-has-link"
"blogs/tax-clearance-certificate-pakistan","General Tax","/income-tax-return-pakistan","already-has-link"
"blogs/tax-consultant-abbot-road-lahore","City Tax Consultant","/income-tax-filing","already-has-link"
"blogs/tax-consultant-abbottabad-cantt","City Tax Consultant","/income-tax-filing","already-has-link"
"blogs/tax-consultant-abbottabad-city","City Tax Consultant","/income-tax-filing","already-has-link"
"blogs/tax-consultant-abbottabad-havelian","City Tax Consultant","/income-tax-filing","already-has-link"
"blogs/tax-consultant-abbottabad","City Tax Consultant","/income-tax-filing","already-has-link"
"blogs/tax-consultant-abpara-islamabad","City Tax Consultant","/income-tax-filing","already-has-link"
"blogs/tax-consultant-abu-dhabi-pakistanis","City Tax Consultant","/income-tax-filing","already-has-link"
"blogs/tax-consultant-adalat-road-quetta","City Tax Consultant","/income-tax-filing","already-has-link"
"blogs/tax-consultant-adelaide-pakistanis","City Tax Consultant","/income-tax-filing","already-has-link"
"blogs/tax-consultant-adiala-rawalpindi","City Tax Consultant","/income-tax-filing","already-has-link"
"blogs/tax-consultant-ahmadpur-east","City Tax Consultant","/income-tax-filing","already-has-link"
"blogs/tax-consultant-ahmedpur-east","City Tax Consultant","/income-tax-filing","already-has-link"
"blogs/tax-consultant-airport-housing-society-islamabad","City Tax Consultant","/income-tax-filing","already-has-link"
"blogs/tax-consultant-airport-housing-society-lahore","City Tax Consultant","/income-tax-filing","already-has-link"
"blogs/tax-consultant-airport-road-lahore","City Tax Consultant","/income-tax-filing","already-has-link"
"blogs/tax-consultant-airport-road-quetta","City Tax Consultant","/income-tax-filing","already-has-link"
"blogs/tax-consultant-airport-road-rawalpindi","City Tax Consultant","/income-tax-filing","already-has-link"
"blogs/tax-consultant-ait-block-a-lahore","City Tax Consultant","/income-tax-filing","already-has-link"
"blogs/tax-consultant-ait-block-b-lahore","City Tax Consultant","/income-tax-filing","already-has-link"
"blogs/tax-consultant-ait-block-c-lahore","City Tax Consultant","/income-tax-filing","already-has-link"
"blogs/tax-consultant-ait-block-d-lahore","City Tax Consultant","/income-tax-filing","already-has-link"
"blogs/tax-consultant-ait-block-e-lahore","City Tax Consultant","/income-tax-filing","already-has-link"
"blogs/tax-consultant-ait-block-f-lahore","City Tax Consultant","/income-tax-filing","already-has-link"
"blogs/tax-consultant-ait-block-g-lahore","City Tax Consultant","/income-tax-filing","already-has-link"
"blogs/tax-consultant-ait-block-h-lahore","City Tax Consultant","/income-tax-filing","already-has-link"
"blogs/tax-consultant-ajman-pakistanis","City Tax Consultant","/income-tax-filing","already-has-link"
"blogs/tax-consultant-akbari-gate-lahore","City Tax Consultant","/income-tax-filing","already-has-link"
"blogs/tax-consultant-al-hamra-town-lahore","City Tax Consultant","/income-tax-filing","already-has-link"
"blogs/tax-consultant-al-kabir-town-lahore","City Tax Consultant","/income-tax-filing","already-has-link"
"blogs/tax-consultant-al-noor-town-lahore","City Tax Consultant","/income-tax-filing","already-has-link"
"blogs/tax-consultant-ali-pur-chatha-gujranwala","City Tax Consultant","/income-tax-filing","already-has-link"
"blogs/tax-consultant-ali-town-lahore","City Tax Consultant","/income-tax-filing","already-has-link"
"blogs/tax-consultant-allama-iqbal-industrial-estate-lahore","City Tax Consultant","/income-tax-filing","already-has-link"
"blogs/tax-consultant-allama-iqbal-town-sialkot","City Tax Consultant","/income-tax-filing","already-has-link"
"blogs/tax-consultant-alt-buksh-colony-lahore","City Tax Consultant","/income-tax-filing","already-has-link"
"blogs/tax-consultant-american-chowk-faisalabad","City Tax Consultant","/income-tax-filing","already-has-link"
"blogs/tax-consultant-anarkali-lahore","City Tax Consultant","/income-tax-filing","already-has-link"
"blogs/tax-consultant-ancholi-karachi","City Tax Consultant","/income-tax-filing","already-has-link"
"blogs/tax-consultant-arifwala","City Tax Consultant","/income-tax-filing","already-has-link"
"blogs/tax-consultant-army-officers-pakistan","City Tax Consultant","/income-tax-filing","already-has-link"
"blogs/tax-consultant-askari-1-lahore","City Tax Consultant","/income-tax-filing","already-has-link"
"blogs/tax-consultant-askari-10-lahore","City Tax Consultant","/income-tax-filing","already-has-link"
"blogs/tax-consultant-askari-11-lahore","City Tax Consultant","/income-tax-filing","already-has-link"
"blogs/tax-consultant-askari-13-lahore","City Tax Consultant","/income-tax-filing","already-has-link"
"blogs/tax-consultant-askari-14-lahore","City Tax Consultant","/income-tax-filing","already-has-link"
"blogs/tax-consultant-askari-14-rawalpindi","City Tax Consultant","/income-tax-filing","already-has-link"
"blogs/tax-consultant-askari-2-lahore","City Tax Consultant","/income-tax-filing","already-has-link"
"blogs/tax-consultant-askari-3-lahore","City Tax Consultant","/income-tax-filing","already-has-link"
"blogs/tax-consultant-askari-4-lahore","City Tax Consultant","/income-tax-filing","already-has-link"
"blogs/tax-consultant-askari-5-lahore","City Tax Consultant","/income-tax-filing","already-has-link"
"blogs/tax-consultant-askari-6-lahore","City Tax Consultant","/income-tax-filing","already-has-link"
"blogs/tax-consultant-askari-7-lahore","City Tax Consultant","/income-tax-filing","already-has-link"
"blogs/tax-consultant-askari-8-lahore","City Tax Consultant","/income-tax-filing","already-has-link"
"blogs/tax-consultant-askari-9-lahore","City Tax Consultant","/income-tax-filing","already-has-link"
"blogs/tax-consultant-askari-lahore","City Tax Consultant","/income-tax-filing","already-has-link"
"blogs/tax-consultant-astore","City Tax Consultant","/income-tax-filing","already-has-link"
"blogs/tax-consultant-atlanta-pakistanis","ATL Status","/how-to-become-active-taxpayer-pakistan","ADDED"
"blogs/tax-consultant-attaturk-avenue-islamabad","City Tax Consultant","/income-tax-filing","already-has-link"
"blogs/tax-consultant-attock-city-centre","City Tax Consultant","/income-tax-filing","already-has-link"
"blogs/tax-consultant-attock-city","City Tax Consultant","/income-tax-filing","already-has-link"
"blogs/tax-consultant-attock","City Tax Consultant","/income-tax-filing","already-has-link"
"blogs/tax-consultant-auto-bhan-road-hyderabad","City Tax Consultant","/income-tax-filing","already-has-link"
"blogs/tax-consultant-awan-town-lahore","City Tax Consultant","/income-tax-filing","already-has-link"
"blogs/tax-consultant-awaran","City Tax Consultant","/income-tax-filing","already-has-link"
"blogs/tax-consultant-b-15-islamabad","City Tax Consultant","/income-tax-filing","already-has-link"
"blogs/tax-consultant-b-16-islamabad","City Tax Consultant","/income-tax-filing","already-has-link"
"blogs/tax-consultant-b-17-islamabad","City Tax Consultant","/income-tax-filing","already-has-link"
"blogs/tax-consultant-b-18-islamabad","City Tax Consultant","/income-tax-filing","already-has-link"
"blogs/tax-consultant-badami-bagh-lahore","City Tax Consultant","/income-tax-filing","already-has-link"
"blogs/tax-consultant-badin-city","City Tax Consultant","/income-tax-filing","already-has-link"
"blogs/tax-consultant-badin","City Tax Consultant","/income-tax-filing","already-has-link"
"blogs/tax-consultant-bagh-ajk","City Tax Consultant","/income-tax-filing","already-has-link"
"blogs/tax-consultant-baghbanpura-lahore","City Tax Consultant","/income-tax-filing","already-has-link"
"blogs/tax-consultant-bahadurabad-karachi","City Tax Consultant","/income-tax-filing","already-has-link"
"blogs/tax-consultant-bahawalpur-cantt","City Tax Consultant","/income-tax-filing","already-has-link"
"blogs/tax-consultant-bahawalpur-model-town","City Tax Consultant","/income-tax-filing","already-has-link"
"blogs/tax-consultant-bahawalpur","City Tax Consultant","/income-tax-filing","already-has-link"
"blogs/tax-consultant-bahria-education-city-lahore","City Tax Consultant","/income-tax-filing","already-has-link"
"blogs/tax-consultant-bahria-nasheman-lahore","City Tax Consultant","/income-tax-filing","already-has-link"
"blogs/tax-consultant-bahria-nishtar-block-lahore","City Tax Consultant","/income-tax-filing","already-has-link"
"blogs/tax-consultant-bahria-orchard-lahore","City Tax Consultant","/income-tax-filing","already-has-link"
"blogs/tax-consultant-bahria-precinct-karachi","City Tax Consultant","/income-tax-filing","already-has-link"
"blogs/tax-consultant-bahria-rafi-block-lahore","City Tax Consultant","/income-tax-filing","already-has-link"
"blogs/tax-consultant-bahria-sector-a-lahore","City Tax Consultant","/income-tax-filing","already-has-link"
"blogs/tax-consultant-bahria-sector-b-lahore","City Tax Consultant","/income-tax-filing","already-has-link"
"blogs/tax-consultant-bahria-sector-c-lahore","City Tax Consultant","/income-tax-filing","already-has-link"
"blogs/tax-consultant-bahria-sector-d-lahore","City Tax Consultant","/income-tax-filing","already-has-link"
"blogs/tax-consultant-bahria-sector-e-lahore","City Tax Consultant","/income-tax-filing","already-has-link"
"blogs/tax-consultant-bahria-sector-f-lahore","City Tax Consultant","/income-tax-filing","already-has-link"
"blogs/tax-consultant-bahria-sector-g-lahore","City Tax Consultant","/income-tax-filing","already-has-link"
"blogs/tax-consultant-bahria-sector-h-lahore","City Tax Consultant","/income-tax-filing","already-has-link"
"blogs/tax-consultant-bahria-town-islamabad","City Tax Consultant","/income-tax-filing","already-has-link"
"blogs/tax-consultant-bahria-town-karachi","City Tax Consultant","/income-tax-filing","already-has-link"
"blogs/tax-consultant-bahria-town-lahore","City Tax Consultant","/income-tax-filing","already-has-link"
"blogs/tax-consultant-bahria-town-rawalpindi","City Tax Consultant","/income-tax-filing","already-has-link"
"blogs/tax-consultant-bahria-umer-block-lahore","City Tax Consultant","/income-tax-filing","already-has-link"
"blogs/tax-consultant-bahria-usman-block-lahore","City Tax Consultant","/income-tax-filing","already-has-link"
"blogs/tax-consultant-baldia-town-karachi","City Tax Consultant","/income-tax-filing","already-has-link"
"blogs/tax-consultant-baleli-quetta","City Tax Consultant","/income-tax-filing","already-has-link"
"blogs/tax-consultant-banda-road-lahore","City Tax Consultant","/income-tax-filing","already-has-link"
"blogs/tax-consultant-bani-gala-islamabad","City Tax Consultant","/income-tax-filing","already-has-link"
"blogs/tax-consultant-bannu-city","City Tax Consultant","/income-tax-filing","already-has-link"
"blogs/tax-consultant-bannu","City Tax Consultant","/income-tax-filing","already-has-link"
"blogs/tax-consultant-bara-road-peshawar","City Tax Consultant","/income-tax-filing","already-has-link"
"blogs/tax-consultant-barkat-market-lahore","City Tax Consultant","/income-tax-filing","already-has-link"
"blogs/tax-consultant-barkat-nagar-lahore","City Tax Consultant","/income-tax-filing","already-has-link"
"blogs/tax-consultant-batala-colony-faisalabad","City Tax Consultant","/income-tax-filing","already-has-link"
"blogs/tax-consultant-batapur-lahore","City Tax Consultant","/income-tax-filing","already-has-link"
"blogs/tax-consultant-bath-island-karachi","City Tax Consultant","/income-tax-filing","already-has-link"
"blogs/tax-consultant-battagram-city","City Tax Consultant","/income-tax-filing","already-has-link"
"blogs/tax-consultant-battagram","City Tax Consultant","/income-tax-filing","already-has-link"
"blogs/tax-consultant-bedian-road-lahore","City Tax Consultant","/income-tax-filing","already-has-link"
"blogs/tax-consultant-bhakkar-city-centre","City Tax Consultant","/income-tax-filing","already-has-link"
"blogs/tax-consultant-bhakkar-city","City Tax Consultant","/income-tax-filing","already-has-link"
"blogs/tax-consultant-bhakkar","City Tax Consultant","/income-tax-filing","already-has-link"
"blogs/tax-consultant-bhalwal","City Tax Consultant","/income-tax-filing","already-has-link"
"blogs/tax-consultant-bhara-kahu-islamabad","City Tax Consultant","/income-tax-filing","already-has-link"
"blogs/tax-consultant-bhatti-gate-lahore","City Tax Consultant","/income-tax-filing","already-has-link"
"blogs/tax-consultant-bhawalnagar","City Tax Consultant","/income-tax-filing","already-has-link"
"blogs/tax-consultant-bhimber-city","City Tax Consultant","/income-tax-filing","already-has-link"
"blogs/tax-consultant-bhimber","City Tax Consultant","/income-tax-filing","already-has-link"
"blogs/tax-consultant-bin-qasim-karachi","City Tax Consultant","/income-tax-filing","already-has-link"
"blogs/tax-consultant-birmingham-pakistanis","City Tax Consultant","/income-tax-filing","already-has-link"
"blogs/tax-consultant-blackburn-pakistanis","City Tax Consultant","/income-tax-filing","already-has-link"
"blogs/tax-consultant-blue-area-islamabad","City Tax Consultant","/income-tax-filing","already-has-link"
"blogs/tax-consultant-bohar-gate-multan","City Tax Consultant","/income-tax-filing","already-has-link"
"blogs/tax-consultant-bolton-market-karachi","City Tax Consultant","/income-tax-filing","already-has-link"
"blogs/tax-consultant-bosan-road-multan","City Tax Consultant","/income-tax-filing","already-has-link"
"blogs/tax-consultant-bradford-pakistanis","City Tax Consultant","/income-tax-filing","already-has-link"
"blogs/tax-consultant-brampton-pakistanis","City Tax Consultant","/income-tax-filing","already-has-link"
"blogs/tax-consultant-brandreth-road-lahore","City Tax Consultant","/income-tax-filing","already-has-link"
"blogs/tax-consultant-brewery-road-quetta","City Tax Consultant","/income-tax-filing","already-has-link"
"blogs/tax-consultant-brisbane-pakistanis","City Tax Consultant","/income-tax-filing","already-has-link"
"blogs/tax-consultant-buffer-zone-karachi","City Tax Consultant","/income-tax-filing","already-has-link"
"blogs/tax-consultant-builders-developers-pakistan","City Tax Consultant","/income-tax-filing","already-has-link"
"blogs/tax-consultant-bund-road-lahore","City Tax Consultant","/income-tax-filing","already-has-link"
"blogs/tax-consultant-buner-city","City Tax Consultant","/income-tax-filing","already-has-link"
"blogs/tax-consultant-buner","City Tax Consultant","/income-tax-filing","already-has-link"
"blogs/tax-consultant-burewala","City Tax Consultant","/income-tax-filing","already-has-link"
"blogs/tax-consultant-burns-road-karachi","City Tax Consultant","/income-tax-filing","already-has-link"
"blogs/tax-consultant-c-18-islamabad","City Tax Consultant","/income-tax-filing","already-has-link"
"blogs/tax-consultant-calgary-pakistanis","City Tax Consultant","/income-tax-filing","already-has-link"
"blogs/tax-consultant-canal-bank-road-lahore","City Tax Consultant","/income-tax-filing","already-has-link"
"blogs/tax-consultant-canal-colony-lahore","City Tax Consultant","/income-tax-filing","already-has-link"
"blogs/tax-consultant-canal-park-lahore","City Tax Consultant","/income-tax-filing","already-has-link"
"blogs/tax-consultant-canal-road-lahore","City Tax Consultant","/income-tax-filing","already-has-link"
"blogs/tax-consultant-canal-view-lahore","City Tax Consultant","/income-tax-filing","already-has-link"
"blogs/tax-consultant-cantt-hyderabad","City Tax Consultant","/income-tax-filing","already-has-link"
"blogs/tax-consultant-cantt-lahore","City Tax Consultant","/income-tax-filing","already-has-link"
"blogs/tax-consultant-cantt-multan","City Tax Consultant","/income-tax-filing","already-has-link"
"blogs/tax-consultant-cantt-peshawar","City Tax Consultant","/income-tax-filing","already-has-link"
"blogs/tax-consultant-cantt-quetta","City Tax Consultant","/income-tax-filing","already-has-link"
"blogs/tax-consultant-cantt-rawalpindi","City Tax Consultant","/income-tax-filing","already-has-link"
"blogs/tax-consultant-cantt-sialkot","City Tax Consultant","/income-tax-filing","already-has-link"
"blogs/tax-consultant-capital-smart-city-islamabad","City Tax Consultant","/income-tax-filing","already-has-link"
"blogs/tax-consultant-cavalry-ground-lahore-area","City Tax Consultant","/income-tax-filing","already-has-link"
"blogs/tax-consultant-cavalry-ground-lahore","City Tax Consultant","/income-tax-filing","already-has-link"
"blogs/tax-consultant-cbr-town-islamabad","City Tax Consultant","/income-tax-filing","already-has-link"
"blogs/tax-consultant-centaurus-islamabad","City Tax Consultant","/income-tax-filing","already-has-link"
"blogs/tax-consultant-central-park-lahore","City Tax Consultant","/income-tax-filing","already-has-link"
"blogs/tax-consultant-chaklala-rawalpindi","City Tax Consultant","/income-tax-filing","already-has-link"
"blogs/tax-consultant-chakwal-city-centre","City Tax Consultant","/income-tax-filing","already-has-link"
"blogs/tax-consultant-chakwal-city","City Tax Consultant","/income-tax-filing","already-has-link"
"blogs/tax-consultant-chakwal","City Tax Consultant","/income-tax-filing","already-has-link"
"blogs/tax-consultant-chaman-city","City Tax Consultant","/income-tax-filing","already-has-link"
"blogs/tax-consultant-chaman","City Tax Consultant","/income-tax-filing","already-has-link"
"blogs/tax-consultant-charsadda-city","City Tax Consultant","/income-tax-filing","already-has-link"
"blogs/tax-consultant-charsadda-road-psh-peshawar","City Tax Consultant","/income-tax-filing","already-has-link"
"blogs/tax-consultant-charsadda","City Tax Consultant","/income-tax-filing","already-has-link"
"blogs/tax-consultant-chauburji-lahore","City Tax Consultant","/income-tax-filing","already-has-link"
"blogs/tax-consultant-chicago-pakistanis","City Tax Consultant","/income-tax-filing","already-has-link"
"blogs/tax-consultant-chichawatni","City Tax Consultant","/income-tax-filing","already-has-link"
"blogs/tax-consultant-chilas","City Tax Consultant","/income-tax-filing","already-has-link"
"blogs/tax-consultant-chiniot-city-centre","City Tax Consultant","/income-tax-filing","already-has-link"
"blogs/tax-consultant-chiniot-city","City Tax Consultant","/income-tax-filing","already-has-link"
"blogs/tax-consultant-chiniot","City Tax Consultant","/income-tax-filing","already-has-link"
"blogs/tax-consultant-chishtian","City Tax Consultant","/income-tax-filing","already-has-link"
"blogs/tax-consultant-chitral-city","City Tax Consultant","/income-tax-filing","already-has-link"
"blogs/tax-consultant-chitral","City Tax Consultant","/income-tax-filing","already-has-link"
"blogs/tax-consultant-choa-saidan-shah","City Tax Consultant","/income-tax-filing","already-has-link"
"blogs/tax-consultant-chungi-amar-sadhu-lahore","City Tax Consultant","/income-tax-filing","already-has-link"
"blogs/tax-consultant-chungi-no-9-multan","City Tax Consultant","/income-tax-filing","already-has-link"
"blogs/tax-consultant-chungi-no9-multan","City Tax Consultant","/income-tax-filing","already-has-link"
"blogs/tax-consultant-chunian-lahore","City Tax Consultant","/income-tax-filing","already-has-link"
"blogs/tax-consultant-chunian","City Tax Consultant","/income-tax-filing","already-has-link"
"blogs/tax-consultant-circular-road-lahore","City Tax Consultant","/income-tax-filing","already-has-link"
"blogs/tax-consultant-city-centre-bahawalpur","City Tax Consultant","/income-tax-filing","already-has-link"
"blogs/tax-consultant-city-housing-society-lahore","City Tax Consultant","/income-tax-filing","already-has-link"
"blogs/tax-consultant-civil-lines-faisalabad","City Tax Consultant","/income-tax-filing","already-has-link"
"blogs/tax-consultant-civil-lines-gujranwala","City Tax Consultant","/income-tax-filing","already-has-link"
"blogs/tax-consultant-civil-lines-karachi","City Tax Consultant","/income-tax-filing","already-has-link"
"blogs/tax-consultant-clifton-block-2-karachi","City Tax Consultant","/income-tax-filing","already-has-link"
"blogs/tax-consultant-clifton-block-5-karachi","City Tax Consultant","/income-tax-filing","already-has-link"
"blogs/tax-consultant-clifton-block-9-karachi","City Tax Consultant","/income-tax-filing","already-has-link"
"blogs/tax-consultant-clifton-heights-islamabad","City Tax Consultant","/income-tax-filing","already-has-link"
"blogs/tax-consultant-clifton-karachi","City Tax Consultant","/income-tax-filing","already-has-link"
"blogs/tax-consultant-clock-tower-faisalabad","City Tax Consultant","/income-tax-filing","already-has-link"
"blogs/tax-consultant-college-road-lahore","City Tax Consultant","/income-tax-filing","already-has-link"
"blogs/tax-consultant-commercial-market-rawalpindi","City Tax Consultant","/income-tax-filing","already-has-link"
"blogs/tax-consultant-d-12-islamabad","City Tax Consultant","/income-tax-filing","already-has-link"
"blogs/tax-consultant-d-13-islamabad","City Tax Consultant","/income-tax-filing","already-has-link"
"blogs/tax-consultant-d-14-islamabad","City Tax Consultant","/income-tax-filing","already-has-link"
"blogs/tax-consultant-d-15-islamabad","City Tax Consultant","/income-tax-filing","already-has-link"
"blogs/tax-consultant-d-16-islamabad","City Tax Consultant","/income-tax-filing","already-has-link"
"blogs/tax-consultant-d-17-islamabad","City Tax Consultant","/income-tax-filing","already-has-link"
"blogs/tax-consultant-d-ground-faisalabad","City Tax Consultant","/income-tax-filing","already-has-link"
"blogs/tax-consultant-d12-islamabad","City Tax Consultant","/income-tax-filing","already-has-link"
"blogs/tax-consultant-dadu-city","City Tax Consultant","/income-tax-filing","already-has-link"
"blogs/tax-consultant-dadu","City Tax Consultant","/income-tax-filing","already-has-link"
"blogs/tax-consultant-daharki","City Tax Consultant","/income-tax-filing","already-has-link"
"blogs/tax-consultant-dalazak-road-peshawar","City Tax Consultant","/income-tax-filing","already-has-link"
"blogs/tax-consultant-dallas-pakistanis","City Tax Consultant","/income-tax-filing","already-has-link"
"blogs/tax-consultant-darya-khan","City Tax Consultant","/income-tax-filing","already-has-link"
"blogs/tax-consultant-daska-city-centre","City Tax Consultant","/income-tax-filing","already-has-link"
"blogs/tax-consultant-daska-sialkot","City Tax Consultant","/income-tax-filing","already-has-link"
"blogs/tax-consultant-daska","City Tax Consultant","/income-tax-filing","already-has-link"
"blogs/tax-consultant-data-darbar-lahore","City Tax Consultant","/income-tax-filing","already-has-link"
"blogs/tax-consultant-data-ganj-bakhsh-lahore","City Tax Consultant","/income-tax-filing","already-has-link"
"blogs/tax-consultant-data-nagar-lahore","City Tax Consultant","/income-tax-filing","already-has-link"
"blogs/tax-consultant-davis-road-lahore","City Tax Consultant","/income-tax-filing","already-has-link"
"blogs/tax-consultant-defence-karachi","City Tax Consultant","/income-tax-filing","already-has-link"
"blogs/tax-consultant-defence-phase-2-karachi","City Tax Consultant","/income-tax-filing","already-has-link"
"blogs/tax-consultant-defence-phase-5-karachi","City Tax Consultant","/income-tax-filing","already-has-link"
"blogs/tax-consultant-defence-phase-8-karachi","City Tax Consultant","/income-tax-filing","already-has-link"
"blogs/tax-consultant-defence-road-lahore","City Tax Consultant","/income-tax-filing","already-has-link"
"blogs/tax-consultant-defence-view-karachi","City Tax Consultant","/income-tax-filing","already-has-link"
"blogs/tax-consultant-delhi-gate-lahore","City Tax Consultant","/income-tax-filing","already-has-link"
"blogs/tax-consultant-depalpur","City Tax Consultant","/income-tax-filing","already-has-link"
"blogs/tax-consultant-dera-bugti","City Tax Consultant","/income-tax-filing","already-has-link"
"blogs/tax-consultant-dera-ghazi-khan-city","City Tax Consultant","/income-tax-filing","already-has-link"
"blogs/tax-consultant-dera-ismail-khan-city","City Tax Consultant","/income-tax-filing","already-has-link"
"blogs/tax-consultant-dera-ismail-khan","City Tax Consultant","/income-tax-filing","already-has-link"
"blogs/tax-consultant-dg-khan","City Tax Consultant","/income-tax-filing","already-has-link"
"blogs/tax-consultant-dha-city-karachi","City Tax Consultant","/income-tax-filing","already-has-link"
"blogs/tax-consultant-dha-islamabad","City Tax Consultant","/income-tax-filing","already-has-link"
"blogs/tax-consultant-dha-karachi","City Tax Consultant","/income-tax-filing","already-has-link"
"blogs/tax-consultant-dha-lahore-area","City Tax Consultant","/income-tax-filing","already-has-link"
"blogs/tax-consultant-dha-lahore","City Tax Consultant","/income-tax-filing","already-has-link"
"blogs/tax-consultant-dha-phase-1-karachi","City Tax Consultant","/income-tax-filing","already-has-link"
"blogs/tax-consultant-dha-phase-1-lahore","City Tax Consultant","/income-tax-filing","already-has-link"
"blogs/tax-consultant-dha-phase-10-lahore","City Tax Consultant","/income-tax-filing","already-has-link"
"blogs/tax-consultant-dha-phase-11-lahore","City Tax Consultant","/income-tax-filing","already-has-link"
"blogs/tax-consultant-dha-phase-2-karachi","City Tax Consultant","/income-tax-filing","already-has-link"
"blogs/tax-consultant-dha-phase-2-lahore","City Tax Consultant","/income-tax-filing","already-has-link"
"blogs/tax-consultant-dha-phase-3-lahore","City Tax Consultant","/income-tax-filing","already-has-link"
"blogs/tax-consultant-dha-phase-4-lahore","City Tax Consultant","/income-tax-filing","already-has-link"
"blogs/tax-consultant-dha-phase-5-lahore","City Tax Consultant","/income-tax-filing","already-has-link"
"blogs/tax-consultant-dha-phase-6-karachi","City Tax Consultant","/income-tax-filing","already-has-link"
"blogs/tax-consultant-dha-phase-6-lahore","City Tax Consultant","/income-tax-filing","already-has-link"
"blogs/tax-consultant-dha-phase-7-lahore","City Tax Consultant","/income-tax-filing","already-has-link"
"blogs/tax-consultant-dha-phase-8-lahore","City Tax Consultant","/income-tax-filing","already-has-link"
"blogs/tax-consultant-dha-phase-9-lahore","City Tax Consultant","/income-tax-filing","already-has-link"
"blogs/tax-consultant-dha-phase-9-prism-lahore","City Tax Consultant","/income-tax-filing","already-has-link"
"blogs/tax-consultant-dha-phase-9-town-lahore","City Tax Consultant","/income-tax-filing","already-has-link"
"blogs/tax-consultant-dha-q-block-lahore","City Tax Consultant","/income-tax-filing","already-has-link"
"blogs/tax-consultant-dha-rahbar-lahore","City Tax Consultant","/income-tax-filing","already-has-link"
"blogs/tax-consultant-dha-raya-lahore","City Tax Consultant","/income-tax-filing","already-has-link"
"blogs/tax-consultant-dha-y-block-lahore","City Tax Consultant","/income-tax-filing","already-has-link"
"blogs/tax-consultant-dharampura-lahore","City Tax Consultant","/income-tax-filing","already-has-link"
"blogs/tax-consultant-dhoke-hassu-rawalpindi","City Tax Consultant","/income-tax-filing","already-has-link"
"blogs/tax-consultant-dijkot-faisalabad","City Tax Consultant","/income-tax-filing","already-has-link"
"blogs/tax-consultant-dijkot-road-faisalabad","City Tax Consultant","/income-tax-filing","already-has-link"
"blogs/tax-consultant-dina-jhelum","City Tax Consultant","/income-tax-filing","already-has-link"
"blogs/tax-consultant-dina","City Tax Consultant","/income-tax-filing","already-has-link"
"blogs/tax-consultant-dinga","City Tax Consultant","/income-tax-filing","already-has-link"
"blogs/tax-consultant-diplomatic-enclave-islamabad","City Tax Consultant","/income-tax-filing","already-has-link"
"blogs/tax-consultant-dir-lower","City Tax Consultant","/income-tax-filing","already-has-link"
"blogs/tax-consultant-doctors-pakistan","City Tax Consultant","/income-tax-filing","already-has-link"
"blogs/tax-consultant-double-road-quetta","City Tax Consultant","/income-tax-filing","already-has-link"
"blogs/tax-consultant-dubai-pakistanis","City Tax Consultant","/income-tax-filing","already-has-link"
"blogs/tax-consultant-e-10-islamabad","City Tax Consultant","/income-tax-filing","already-has-link"
"blogs/tax-consultant-e-11-islamabad","City Tax Consultant","/income-tax-filing","already-has-link"
"blogs/tax-consultant-e-7-islamabad","City Tax Consultant","/income-tax-filing","already-has-link"
"blogs/tax-consultant-e-8-islamabad","City Tax Consultant","/income-tax-filing","already-has-link"
"blogs/tax-consultant-e-9-islamabad","City Tax Consultant","/income-tax-filing","already-has-link"
"blogs/tax-consultant-e11-islamabad","City Tax Consultant","/income-tax-filing","already-has-link"
"blogs/tax-consultant-e7-islamabad","City Tax Consultant","/income-tax-filing","already-has-link"
"blogs/tax-consultant-eden-abad-lahore","City Tax Consultant","/income-tax-filing","already-has-link"
"blogs/tax-consultant-eden-boulevard-lahore","City Tax Consultant","/income-tax-filing","already-has-link"
"blogs/tax-consultant-eden-city-lahore","City Tax Consultant","/income-tax-filing","already-has-link"
"blogs/tax-consultant-eden-garden-lahore","City Tax Consultant","/income-tax-filing","already-has-link"
"blogs/tax-consultant-eden-motions-lahore","City Tax Consultant","/income-tax-filing","already-has-link"
"blogs/tax-consultant-eden-orchard-lahore","City Tax Consultant","/income-tax-filing","already-has-link"
"blogs/tax-consultant-eden-residencia-lahore","City Tax Consultant","/income-tax-filing","already-has-link"
"blogs/tax-consultant-eden-value-homes-lahore","City Tax Consultant","/income-tax-filing","already-has-link"
"blogs/tax-consultant-eminabad","City Tax Consultant","/income-tax-filing","already-has-link"
"blogs/tax-consultant-emporium-mall-lahore","City Tax Consultant","/income-tax-filing","already-has-link"
"blogs/tax-consultant-empress-road-lahore","City Tax Consultant","/income-tax-filing","already-has-link"
"blogs/tax-consultant-engineers-pakistan","City Tax Consultant","/income-tax-filing","already-has-link"
"blogs/tax-consultant-engineers-town-islamabad","City Tax Consultant","/income-tax-filing","already-has-link"
"blogs/tax-consultant-engineers-town-lahore","City Tax Consultant","/income-tax-filing","already-has-link"
"blogs/tax-consultant-exporters-pakistan","City Tax Consultant","/income-tax-filing","already-has-link"
"blogs/tax-consultant-f-10-islamabad","City Tax Consultant","/income-tax-filing","already-has-link"
"blogs/tax-consultant-f-11-islamabad","City Tax Consultant","/income-tax-filing","already-has-link"
"blogs/tax-consultant-f-12-islamabad","City Tax Consultant","/income-tax-filing","already-has-link"
"blogs/tax-consultant-f-13-islamabad","City Tax Consultant","/income-tax-filing","already-has-link"
"blogs/tax-consultant-f-14-islamabad","City Tax Consultant","/income-tax-filing","already-has-link"
"blogs/tax-consultant-f-15-islamabad","City Tax Consultant","/income-tax-filing","already-has-link"
"blogs/tax-consultant-f-16-islamabad","City Tax Consultant","/income-tax-filing","already-has-link"
"blogs/tax-consultant-f-17-islamabad","City Tax Consultant","/income-tax-filing","already-has-link"
"blogs/tax-consultant-f-4-islamabad","City Tax Consultant","/income-tax-filing","already-has-link"
"blogs/tax-consultant-f-5-islamabad","City Tax Consultant","/income-tax-filing","already-has-link"
"blogs/tax-consultant-f-6-islamabad","City Tax Consultant","/income-tax-filing","already-has-link"
"blogs/tax-consultant-f-7-islamabad","City Tax Consultant","/income-tax-filing","already-has-link"
"blogs/tax-consultant-f-8-islamabad","City Tax Consultant","/income-tax-filing","already-has-link"
"blogs/tax-consultant-f-9-islamabad","City Tax Consultant","/income-tax-filing","already-has-link"
"blogs/tax-consultant-f10-islamabad","City Tax Consultant","/income-tax-filing","already-has-link"
"blogs/tax-consultant-f11-islamabad","City Tax Consultant","/income-tax-filing","already-has-link"
"blogs/tax-consultant-f7-islamabad","City Tax Consultant","/income-tax-filing","already-has-link"
"blogs/tax-consultant-f8-islamabad","City Tax Consultant","/income-tax-filing","already-has-link"
"blogs/tax-consultant-faisal-avenue-islamabad","City Tax Consultant","/income-tax-filing","already-has-link"
"blogs/tax-consultant-faisal-town-block-a-lahore","City Tax Consultant","/income-tax-filing","already-has-link"
"blogs/tax-consultant-faisal-town-block-b-lahore","City Tax Consultant","/income-tax-filing","already-has-link"
"blogs/tax-consultant-faisal-town-block-c-lahore","City Tax Consultant","/income-tax-filing","already-has-link"
"blogs/tax-consultant-faisal-town-block-d-lahore","City Tax Consultant","/income-tax-filing","already-has-link"
"blogs/tax-consultant-faisal-town-block-e-lahore","City Tax Consultant","/income-tax-filing","already-has-link"
"blogs/tax-consultant-faisal-town-block-f-lahore","City Tax Consultant","/income-tax-filing","already-has-link"
"blogs/tax-consultant-faisal-town-islamabad","City Tax Consultant","/income-tax-filing","already-has-link"
"blogs/tax-consultant-faisalabad-district","City Tax Consultant","/income-tax-filing","already-has-link"
"blogs/tax-consultant-faisalabad","City Tax Consultant","/income-tax-filing","already-has-link"
"blogs/tax-consultant-faizabad-rawalpindi","City Tax Consultant","/income-tax-filing","already-has-link"
"blogs/tax-consultant-faqirabad-peshawar","City Tax Consultant","/income-tax-filing","already-has-link"
"blogs/tax-consultant-farash-town-islamabad","City Tax Consultant","/income-tax-filing","already-has-link"
"blogs/tax-consultant-farid-town-gujranwala","City Tax Consultant","/income-tax-filing","already-has-link"
"blogs/tax-consultant-farooq-colony-lahore","City Tax Consultant","/income-tax-filing","already-has-link"
"blogs/tax-consultant-fateh-jang","City Tax Consultant","/income-tax-filing","already-has-link"
"blogs/tax-consultant-fatehjang","City Tax Consultant","/income-tax-filing","already-has-link"
"blogs/tax-consultant-fb-area-karachi","City Tax Consultant","/income-tax-filing","already-has-link"
"blogs/tax-consultant-federal-b-area-karachi","City Tax Consultant","/income-tax-filing","already-has-link"
"blogs/tax-consultant-fees-pakistan","City Tax Consultant","/income-tax-filing","already-has-link"
"blogs/tax-consultant-ferozepur-road-lahore","City Tax Consultant","/income-tax-filing","already-has-link"
"blogs/tax-consultant-ferozewala-lahore","City Tax Consultant","/income-tax-filing","already-has-link"
"blogs/tax-consultant-ferozewala","City Tax Consultant","/income-tax-filing","already-has-link"
"blogs/tax-consultant-ferozwala","City Tax Consultant","/income-tax-filing","already-has-link"
"blogs/tax-consultant-formanites-housing-lahore","City Tax Consultant","/income-tax-filing","already-has-link"
"blogs/tax-consultant-fort-abbas","City Tax Consultant","/income-tax-filing","already-has-link"
"blogs/tax-consultant-freelancers-online-pakistan","Freelancer Tax","/freelancer-tax-pakistan","already-has-link"
"blogs/tax-consultant-frere-town-karachi","City Tax Consultant","/income-tax-filing","already-has-link"
"blogs/tax-consultant-g-10-islamabad","City Tax Consultant","/income-tax-filing","already-has-link"
"blogs/tax-consultant-g-11-islamabad","City Tax Consultant","/income-tax-filing","already-has-link"
"blogs/tax-consultant-g-12-islamabad","City Tax Consultant","/income-tax-filing","already-has-link"
"blogs/tax-consultant-g-13-islamabad","City Tax Consultant","/income-tax-filing","already-has-link"
"blogs/tax-consultant-g-14-islamabad","City Tax Consultant","/income-tax-filing","already-has-link"
"blogs/tax-consultant-g-15-islamabad","City Tax Consultant","/income-tax-filing","already-has-link"
"blogs/tax-consultant-g-16-islamabad","City Tax Consultant","/income-tax-filing","already-has-link"
"blogs/tax-consultant-g-5-islamabad","City Tax Consultant","/income-tax-filing","already-has-link"
"blogs/tax-consultant-g-6-islamabad","City Tax Consultant","/income-tax-filing","already-has-link"
"blogs/tax-consultant-g-7-islamabad","City Tax Consultant","/income-tax-filing","already-has-link"
"blogs/tax-consultant-g-8-islamabad","City Tax Consultant","/income-tax-filing","already-has-link"
"blogs/tax-consultant-g-9-islamabad","City Tax Consultant","/income-tax-filing","already-has-link"
"blogs/tax-consultant-g10-islamabad","City Tax Consultant","/income-tax-filing","already-has-link"
"blogs/tax-consultant-g11-islamabad","City Tax Consultant","/income-tax-filing","already-has-link"
"blogs/tax-consultant-g13-islamabad","City Tax Consultant","/income-tax-filing","already-has-link"
"blogs/tax-consultant-g14-islamabad","City Tax Consultant","/income-tax-filing","already-has-link"
"blogs/tax-consultant-g15-islamabad","City Tax Consultant","/income-tax-filing","already-has-link"
"blogs/tax-consultant-g9-islamabad","City Tax Consultant","/income-tax-filing","already-has-link"
"blogs/tax-consultant-gadap-town-karachi","City Tax Consultant","/income-tax-filing","already-has-link"
"blogs/tax-consultant-gajumata-lahore","City Tax Consultant","/income-tax-filing","already-has-link"
"blogs/tax-consultant-gambat","City Tax Consultant","/income-tax-filing","already-has-link"
"blogs/tax-consultant-garden-block-lahore","City Tax Consultant","/income-tax-filing","already-has-link"
"blogs/tax-consultant-garden-karachi","City Tax Consultant","/income-tax-filing","already-has-link"
"blogs/tax-consultant-garden-town-block-a-lahore","City Tax Consultant","/income-tax-filing","already-has-link"
"blogs/tax-consultant-garden-town-block-b-lahore","City Tax Consultant","/income-tax-filing","already-has-link"
"blogs/tax-consultant-garden-town-multan","City Tax Consultant","/income-tax-filing","already-has-link"
"blogs/tax-consultant-garden-town-super-market-lahore","City Tax Consultant","/income-tax-filing","already-has-link"
"blogs/tax-consultant-garden-west-karachi","City Tax Consultant","/income-tax-filing","already-has-link"
"blogs/tax-consultant-garhi-shahu-lahore","City Tax Consultant","/income-tax-filing","already-has-link"
"blogs/tax-consultant-ghalib-market-lahore","City Tax Consultant","/income-tax-filing","already-has-link"
"blogs/tax-consultant-ghanche","City Tax Consultant","/income-tax-filing","already-has-link"
"blogs/tax-consultant-ghauri-town-islamabad","City Tax Consultant","/income-tax-filing","already-has-link"
"blogs/tax-consultant-ghizer","City Tax Consultant","/income-tax-filing","already-has-link"
"blogs/tax-consultant-ghosia-colony-lahore","City Tax Consultant","/income-tax-filing","already-has-link"
"blogs/tax-consultant-ghotki-city","City Tax Consultant","/income-tax-filing","already-has-link"
"blogs/tax-consultant-ghotki","City Tax Consultant","/income-tax-filing","already-has-link"
"blogs/tax-consultant-ghulam-muhammad-abad-faisalabad","City Tax Consultant","/income-tax-filing","already-has-link"
"blogs/tax-consultant-gilgit-city","City Tax Consultant","/income-tax-filing","already-has-link"
"blogs/tax-consultant-gilgit","City Tax Consultant","/income-tax-filing","already-has-link"
"blogs/tax-consultant-gojra","City Tax Consultant","/income-tax-filing","already-has-link"
"blogs/tax-consultant-golra-islamabad","City Tax Consultant","/income-tax-filing","already-has-link"
"blogs/tax-consultant-gondlanwala-gujranwala","City Tax Consultant","/income-tax-filing","already-has-link"
"blogs/tax-consultant-government-employees-pakistan","City Tax Consultant","/income-tax-filing","already-has-link"
"blogs/tax-consultant-green-acres-lahore","City Tax Consultant","/income-tax-filing","already-has-link"
"blogs/tax-consultant-green-city-lahore","City Tax Consultant","/income-tax-filing","already-has-link"
"blogs/tax-consultant-green-fort-lahore","City Tax Consultant","/income-tax-filing","already-has-link"
"blogs/tax-consultant-green-town-block-a-lahore","City Tax Consultant","/income-tax-filing","already-has-link"
"blogs/tax-consultant-green-town-block-b-lahore","City Tax Consultant","/income-tax-filing","already-has-link"
"blogs/tax-consultant-green-town-block-c-lahore","City Tax Consultant","/income-tax-filing","already-has-link"
"blogs/tax-consultant-green-town-block-d-lahore","City Tax Consultant","/income-tax-filing","already-has-link"
"blogs/tax-consultant-green-town-block-e-lahore","City Tax Consultant","/income-tax-filing","already-has-link"
"blogs/tax-consultant-green-town-block-f-lahore","City Tax Consultant","/income-tax-filing","already-has-link"
"blogs/tax-consultant-green-town-block-g-lahore","City Tax Consultant","/income-tax-filing","already-has-link"
"blogs/tax-consultant-green-town-lahore","City Tax Consultant","/income-tax-filing","already-has-link"
"blogs/tax-consultant-gt-road-lahore","City Tax Consultant","/income-tax-filing","already-has-link"
"blogs/tax-consultant-gujar-khan","City Tax Consultant","/income-tax-filing","already-has-link"
"blogs/tax-consultant-gujranwala-satellite-town","City Tax Consultant","/income-tax-filing","already-has-link"
"blogs/tax-consultant-gujranwala","City Tax Consultant","/income-tax-filing","already-has-link"
"blogs/tax-consultant-gujrat-cantt","City Tax Consultant","/income-tax-filing","already-has-link"
"blogs/tax-consultant-gujrat-city-centre","City Tax Consultant","/income-tax-filing","already-has-link"
"blogs/tax-consultant-gujrat-city","City Tax Consultant","/income-tax-filing","already-has-link"
"blogs/tax-consultant-gujrat","City Tax Consultant","/income-tax-filing","already-has-link"
"blogs/tax-consultant-gul-ahmed-colony-lahore","City Tax Consultant","/income-tax-filing","already-has-link"
"blogs/tax-consultant-gulbahar-peshawar","City Tax Consultant","/income-tax-filing","already-has-link"
"blogs/tax-consultant-gulberg-1-lahore","City Tax Consultant","/income-tax-filing","already-has-link"
"blogs/tax-consultant-gulberg-2-lahore","City Tax Consultant","/income-tax-filing","already-has-link"
"blogs/tax-consultant-gulberg-3-lahore","City Tax Consultant","/income-tax-filing","already-has-link"
"blogs/tax-consultant-gulberg-4-lahore","City Tax Consultant","/income-tax-filing","already-has-link"
"blogs/tax-consultant-gulberg-5-lahore","City Tax Consultant","/income-tax-filing","already-has-link"
"blogs/tax-consultant-gulberg-faisalabad","City Tax Consultant","/income-tax-filing","already-has-link"
"blogs/tax-consultant-gulberg-green-lahore","City Tax Consultant","/income-tax-filing","already-has-link"
"blogs/tax-consultant-gulberg-greens-islamabad","City Tax Consultant","/income-tax-filing","already-has-link"
"blogs/tax-consultant-gulberg-iii-lahore","City Tax Consultant","/income-tax-filing","already-has-link"
"blogs/tax-consultant-gulberg-karachi","City Tax Consultant","/income-tax-filing","already-has-link"
"blogs/tax-consultant-gulberg-lahore","City Tax Consultant","/income-tax-filing","already-has-link"
"blogs/tax-consultant-gulberg-main-market-lahore","City Tax Consultant","/income-tax-filing","already-has-link"
"blogs/tax-consultant-gulberg-v-lahore","City Tax Consultant","/income-tax-filing","already-has-link"
"blogs/tax-consultant-gulberg-vi-lahore","City Tax Consultant","/income-tax-filing","already-has-link"
"blogs/tax-consultant-gulgasht-multan","City Tax Consultant","/income-tax-filing","already-has-link"
"blogs/tax-consultant-gulistan-colony-faisalabad","City Tax Consultant","/income-tax-filing","already-has-link"
"blogs/tax-consultant-gulistan-colony-lahore","City Tax Consultant","/income-tax-filing","already-has-link"
"blogs/tax-consultant-gulistan-e-johar-karachi","City Tax Consultant","/income-tax-filing","already-has-link"
"blogs/tax-consultant-gulistan-jauhar-karachi","City Tax Consultant","/income-tax-filing","already-has-link"
"blogs/tax-consultant-gulraiz-housing-islamabad","City Tax Consultant","/income-tax-filing","already-has-link"
"blogs/tax-consultant-gulshan-block-1-karachi","City Tax Consultant","/income-tax-filing","already-has-link"
"blogs/tax-consultant-gulshan-block-13-karachi","City Tax Consultant","/income-tax-filing","already-has-link"
"blogs/tax-consultant-gulshan-block-6-karachi","City Tax Consultant","/income-tax-filing","already-has-link"
"blogs/tax-consultant-gulshan-block-7-karachi","City Tax Consultant","/income-tax-filing","already-has-link"
"blogs/tax-consultant-gulshan-e-iqbal-karachi","City Tax Consultant","/income-tax-filing","already-has-link"
"blogs/tax-consultant-gulshan-e-lahore","City Tax Consultant","/income-tax-filing","already-has-link"
"blogs/tax-consultant-gulshan-e-maymar-karachi","City Tax Consultant","/income-tax-filing","already-has-link"
"blogs/tax-consultant-gulshan-e-ravi-lahore","City Tax Consultant","/income-tax-filing","already-has-link"
"blogs/tax-consultant-gulshan-iqbal-karachi","City Tax Consultant","/income-tax-filing","already-has-link"
"blogs/tax-consultant-gulshan-park-lahore","City Tax Consultant","/income-tax-filing","already-has-link"
"blogs/tax-consultant-gulshan-ravi-block-a-lahore","City Tax Consultant","/income-tax-filing","already-has-link"
"blogs/tax-consultant-gulshan-ravi-block-b-lahore","City Tax Consultant","/income-tax-filing","already-has-link"
"blogs/tax-consultant-gulshan-ravi-block-c-lahore","City Tax Consultant","/income-tax-filing","already-has-link"
"blogs/tax-consultant-gulshan-ravi-block-d-lahore","City Tax Consultant","/income-tax-filing","already-has-link"
"blogs/tax-consultant-gulshan-ravi-block-e-lahore","City Tax Consultant","/income-tax-filing","already-has-link"
"blogs/tax-consultant-gulshan-ravi-block-f-lahore","City Tax Consultant","/income-tax-filing","already-has-link"
"blogs/tax-consultant-gulshan-ravi-block-g-lahore","City Tax Consultant","/income-tax-filing","already-has-link"
"blogs/tax-consultant-gulshan-ravi-block-h-lahore","City Tax Consultant","/income-tax-filing","already-has-link"
"blogs/tax-consultant-gulshan-ravi-lahore-area","City Tax Consultant","/income-tax-filing","already-has-link"
"blogs/tax-consultant-gulzar-e-quaid-rawalpindi","City Tax Consultant","/income-tax-filing","already-has-link"
"blogs/tax-consultant-gunjmandi-rawalpindi","City Tax Consultant","/income-tax-filing","already-has-link"
"blogs/tax-consultant-gwadar-city","City Tax Consultant","/income-tax-filing","already-has-link"
"blogs/tax-consultant-gwadar","City Tax Consultant","/income-tax-filing","already-has-link"
"blogs/tax-consultant-h-10-islamabad","City Tax Consultant","/income-tax-filing","already-has-link"
"blogs/tax-consultant-h-11-islamabad","City Tax Consultant","/income-tax-filing","already-has-link"
"blogs/tax-consultant-h-12-islamabad","City Tax Consultant","/income-tax-filing","already-has-link"
"blogs/tax-consultant-h-13-islamabad","City Tax Consultant","/income-tax-filing","already-has-link"
"blogs/tax-consultant-h-14-islamabad","City Tax Consultant","/income-tax-filing","already-has-link"
"blogs/tax-consultant-h-15-islamabad","City Tax Consultant","/income-tax-filing","already-has-link"
"blogs/tax-consultant-h-8-islamabad","City Tax Consultant","/income-tax-filing","already-has-link"
"blogs/tax-consultant-h-9-islamabad","City Tax Consultant","/income-tax-filing","already-has-link"
"blogs/tax-consultant-h13-islamabad","City Tax Consultant","/income-tax-filing","already-has-link"
"blogs/tax-consultant-hafeezabad-multan","City Tax Consultant","/income-tax-filing","already-has-link"
"blogs/tax-consultant-hafizabad-city-centre","City Tax Consultant","/income-tax-filing","already-has-link"
"blogs/tax-consultant-hafizabad-city","City Tax Consultant","/income-tax-filing","already-has-link"
"blogs/tax-consultant-hafizabad","City Tax Consultant","/income-tax-filing","already-has-link"
"blogs/tax-consultant-hala","City Tax Consultant","/income-tax-filing","already-has-link"
"blogs/tax-consultant-hali-road-hyderabad","City Tax Consultant","/income-tax-filing","already-has-link"
"blogs/tax-consultant-hall-road-lahore","City Tax Consultant","/income-tax-filing","already-has-link"
"blogs/tax-consultant-hangu-city","City Tax Consultant","/income-tax-filing","already-has-link"
"blogs/tax-consultant-hangu","City Tax Consultant","/income-tax-filing","already-has-link"
"blogs/tax-consultant-hanjarwal-lahore","City Tax Consultant","/income-tax-filing","already-has-link"
"blogs/tax-consultant-harbanspura-lahore","City Tax Consultant","/income-tax-filing","already-has-link"
"blogs/tax-consultant-harbanspura-road-lahore","City Tax Consultant","/income-tax-filing","already-has-link"
"blogs/tax-consultant-haripur-city","City Tax Consultant","/income-tax-filing","already-has-link"
"blogs/tax-consultant-haripur","City Tax Consultant","/income-tax-filing","already-has-link"
"blogs/tax-consultant-harnai","City Tax Consultant","/income-tax-filing","already-has-link"
"blogs/tax-consultant-haroonabad","City Tax Consultant","/income-tax-filing","already-has-link"
"blogs/tax-consultant-hattian-bala","City Tax Consultant","/income-tax-filing","already-has-link"
"blogs/tax-consultant-haveli-lakha","City Tax Consultant","/income-tax-filing","already-has-link"
"blogs/tax-consultant-havelian","City Tax Consultant","/income-tax-filing","already-has-link"
"blogs/tax-consultant-hawkes-bay-karachi","City Tax Consultant","/income-tax-filing","already-has-link"
"blogs/tax-consultant-hayatabad-peshawar","City Tax Consultant","/income-tax-filing","already-has-link"
"blogs/tax-consultant-hazro","City Tax Consultant","/income-tax-filing","already-has-link"
"blogs/tax-consultant-hirabad-hyderabad","City Tax Consultant","/income-tax-filing","already-has-link"
"blogs/tax-consultant-houston-pakistanis","City Tax Consultant","/income-tax-filing","already-has-link"
"blogs/tax-consultant-hub-city","City Tax Consultant","/income-tax-filing","already-has-link"
"blogs/tax-consultant-hub","City Tax Consultant","/income-tax-filing","already-has-link"
"blogs/tax-consultant-humak-islamabad","City Tax Consultant","/income-tax-filing","already-has-link"
"blogs/tax-consultant-hunza-city","City Tax Consultant","/income-tax-filing","already-has-link"
"blogs/tax-consultant-hunza","City Tax Consultant","/income-tax-filing","already-has-link"
"blogs/tax-consultant-hussain-agahi-multan","City Tax Consultant","/income-tax-filing","already-has-link"
"blogs/tax-consultant-hussainabad-hyd-hyderabad","City Tax Consultant","/income-tax-filing","already-has-link"
"blogs/tax-consultant-hyderabad-latifabad","City Tax Consultant","/income-tax-filing","already-has-link"
"blogs/tax-consultant-hyderabad-qasimabad","City Tax Consultant","/income-tax-filing","already-has-link"
"blogs/tax-consultant-hyderabad","City Tax Consultant","/income-tax-filing","already-has-link"
"blogs/tax-consultant-hyderi-karachi","City Tax Consultant","/income-tax-filing","already-has-link"
"blogs/tax-consultant-i-10-islamabad","City Tax Consultant","/income-tax-filing","already-has-link"
"blogs/tax-consultant-i-11-islamabad","City Tax Consultant","/income-tax-filing","already-has-link"
"blogs/tax-consultant-i-12-islamabad","City Tax Consultant","/income-tax-filing","already-has-link"
"blogs/tax-consultant-i-13-islamabad","City Tax Consultant","/income-tax-filing","already-has-link"
"blogs/tax-consultant-i-14-islamabad","City Tax Consultant","/income-tax-filing","already-has-link"
"blogs/tax-consultant-i-15-islamabad","City Tax Consultant","/income-tax-filing","already-has-link"
"blogs/tax-consultant-i-16-islamabad","City Tax Consultant","/income-tax-filing","already-has-link"
"blogs/tax-consultant-i-8-islamabad","City Tax Consultant","/income-tax-filing","already-has-link"
"blogs/tax-consultant-i-9-islamabad","City Tax Consultant","/income-tax-filing","already-has-link"
"blogs/tax-consultant-i10-islamabad","City Tax Consultant","/income-tax-filing","already-has-link"
"blogs/tax-consultant-i14-islamabad","City Tax Consultant","/income-tax-filing","already-has-link"
"blogs/tax-consultant-i8-islamabad","City Tax Consultant","/income-tax-filing","already-has-link"
"blogs/tax-consultant-ibrahim-hyderi-karachi","City Tax Consultant","/income-tax-filing","already-has-link"
"blogs/tax-consultant-ichhra-lahore","City Tax Consultant","/income-tax-filing","already-has-link"
"blogs/tax-consultant-ichra-lahore","City Tax Consultant","/income-tax-filing","already-has-link"
"blogs/tax-consultant-importers-pakistan-2026","City Tax Consultant","/income-tax-filing","already-has-link"
"blogs/tax-consultant-industrial-estate-faisalabad","City Tax Consultant","/income-tax-filing","already-has-link"
"blogs/tax-consultant-iqbal-avenue-lahore","City Tax Consultant","/income-tax-filing","already-has-link"
"blogs/tax-consultant-iqbal-park-lahore","City Tax Consultant","/income-tax-filing","already-has-link"
"blogs/tax-consultant-iqbal-town-block-a-lahore","City Tax Consultant","/income-tax-filing","already-has-link"
"blogs/tax-consultant-iqbal-town-block-b-lahore","City Tax Consultant","/income-tax-filing","already-has-link"
"blogs/tax-consultant-iqbal-town-block-c-lahore","City Tax Consultant","/income-tax-filing","already-has-link"
"blogs/tax-consultant-iqbal-town-block-j-lahore","City Tax Consultant","/income-tax-filing","already-has-link"
"blogs/tax-consultant-iqbal-town-lahore","City Tax Consultant","/income-tax-filing","already-has-link"
"blogs/tax-consultant-iqbal-town-sialkot","City Tax Consultant","/income-tax-filing","already-has-link"
"blogs/tax-consultant-isa-khel","City Tax Consultant","/income-tax-filing","already-has-link"
"blogs/tax-consultant-islamabad","City Tax Consultant","/income-tax-filing","already-has-link"
"blogs/tax-consultant-islamia-park-lahore","City Tax Consultant","/income-tax-filing","already-has-link"
"blogs/tax-consultant-islampura-lahore","City Tax Consultant","/income-tax-filing","already-has-link"
"blogs/tax-consultant-jacobabad-city","City Tax Consultant","/income-tax-filing","already-has-link"
"blogs/tax-consultant-jacobabad","City Tax Consultant","/income-tax-filing","already-has-link"
"blogs/tax-consultant-jaffarabad-balochistan","City Tax Consultant","/income-tax-filing","already-has-link"
"blogs/tax-consultant-jail-road-lahore","City Tax Consultant","/income-tax-filing","already-has-link"
"blogs/tax-consultant-jalalpur-pirwala","City Tax Consultant","/income-tax-filing","already-has-link"
"blogs/tax-consultant-jamrud-road-peshawar","City Tax Consultant","/income-tax-filing","already-has-link"
"blogs/tax-consultant-jamshoro","City Tax Consultant","/income-tax-filing","already-has-link"
"blogs/tax-consultant-jaranwala","City Tax Consultant","/income-tax-filing","already-has-link"
"blogs/tax-consultant-jasmine-block-bahria-lahore","City Tax Consultant","/income-tax-filing","already-has-link"
"blogs/tax-consultant-jasmine-garden-lahore","City Tax Consultant","/income-tax-filing","already-has-link"
"blogs/tax-consultant-jhang-city-centre","City Tax Consultant","/income-tax-filing","already-has-link"
"blogs/tax-consultant-jhang-city","City Tax Consultant","/income-tax-filing","already-has-link"
"blogs/tax-consultant-jhang","City Tax Consultant","/income-tax-filing","already-has-link"
"blogs/tax-consultant-jhelum-city-centre","City Tax Consultant","/income-tax-filing","already-has-link"
"blogs/tax-consultant-jhelum-city","City Tax Consultant","/income-tax-filing","already-has-link"
"blogs/tax-consultant-jhelum","City Tax Consultant","/income-tax-filing","already-has-link"
"blogs/tax-consultant-jinnah-colony-faisalabad","City Tax Consultant","/income-tax-filing","already-has-link"
"blogs/tax-consultant-jinnah-colony-gujranwala","City Tax Consultant","/income-tax-filing","already-has-link"
"blogs/tax-consultant-jinnah-super-islamabad","City Tax Consultant","/income-tax-filing","already-has-link"
"blogs/tax-consultant-jinnah-town-quetta","City Tax Consultant","/income-tax-filing","already-has-link"
"blogs/tax-consultant-johar-mor-karachi","City Tax Consultant","/income-tax-filing","already-has-link"
"blogs/tax-consultant-johar-town-block-a-lahore","City Tax Consultant","/income-tax-filing","already-has-link"
"blogs/tax-consultant-johar-town-block-b-lahore","City Tax Consultant","/income-tax-filing","already-has-link"
"blogs/tax-consultant-johar-town-block-c-lahore","City Tax Consultant","/income-tax-filing","already-has-link"
"blogs/tax-consultant-johar-town-block-d-lahore","City Tax Consultant","/income-tax-filing","already-has-link"
"blogs/tax-consultant-johar-town-block-e1-lahore","City Tax Consultant","/income-tax-filing","already-has-link"
"blogs/tax-consultant-johar-town-block-e2-lahore","City Tax Consultant","/income-tax-filing","already-has-link"
"blogs/tax-consultant-johar-town-block-g-lahore","City Tax Consultant","/income-tax-filing","already-has-link"
"blogs/tax-consultant-johar-town-block-k-lahore","City Tax Consultant","/income-tax-filing","already-has-link"
"blogs/tax-consultant-johar-town-block-l-lahore","City Tax Consultant","/income-tax-filing","already-has-link"
"blogs/tax-consultant-johar-town-f-block-lahore","City Tax Consultant","/income-tax-filing","already-has-link"
"blogs/tax-consultant-johar-town-h1-lahore","City Tax Consultant","/income-tax-filing","already-has-link"
"blogs/tax-consultant-johar-town-h2-lahore","City Tax Consultant","/income-tax-filing","already-has-link"
"blogs/tax-consultant-johar-town-h3-lahore","City Tax Consultant","/income-tax-filing","already-has-link"
"blogs/tax-consultant-johar-town-h4-lahore","City Tax Consultant","/income-tax-filing","already-has-link"
"blogs/tax-consultant-johar-town-j1-lahore","City Tax Consultant","/income-tax-filing","already-has-link"
"blogs/tax-consultant-johar-town-j2-lahore","City Tax Consultant","/income-tax-filing","already-has-link"
"blogs/tax-consultant-johar-town-j3-lahore","City Tax Consultant","/income-tax-filing","already-has-link"
"blogs/tax-consultant-johar-town-j4-lahore","City Tax Consultant","/income-tax-filing","already-has-link"
"blogs/tax-consultant-johar-town-j5-lahore","City Tax Consultant","/income-tax-filing","already-has-link"
"blogs/tax-consultant-johar-town-lahore-area","City Tax Consultant","/income-tax-filing","already-has-link"
"blogs/tax-consultant-johar-town-p-block-lahore","City Tax Consultant","/income-tax-filing","already-has-link"
"blogs/tax-consultant-johar-town-phase-1-lahore","City Tax Consultant","/income-tax-filing","already-has-link"
"blogs/tax-consultant-johar-town-phase-2-lahore","City Tax Consultant","/income-tax-filing","already-has-link"
"blogs/tax-consultant-johar-town-phase-3-lahore","City Tax Consultant","/income-tax-filing","already-has-link"
"blogs/tax-consultant-johar-town-q-block-lahore","City Tax Consultant","/income-tax-filing","already-has-link"
"blogs/tax-consultant-joharabad","City Tax Consultant","/income-tax-filing","already-has-link"
"blogs/tax-consultant-jubilee-town-lahore","City Tax Consultant","/income-tax-filing","already-has-link"
"blogs/tax-consultant-kabirwala","City Tax Consultant","/income-tax-filing","already-has-link"
"blogs/tax-consultant-kahna-lahore","City Tax Consultant","/income-tax-filing","already-has-link"
"blogs/tax-consultant-kahuta-rawalpindi","City Tax Consultant","/income-tax-filing","already-has-link"
"blogs/tax-consultant-kala-shah-kaku-lahore","City Tax Consultant","/income-tax-filing","already-has-link"
"blogs/tax-consultant-kala-shah-kaku","City Tax Consultant","/income-tax-filing","already-has-link"
"blogs/tax-consultant-kalat","City Tax Consultant","/income-tax-filing","already-has-link"
"blogs/tax-consultant-kallar-syedan-rawalpindi","City Tax Consultant","/income-tax-filing","already-has-link"
"blogs/tax-consultant-kalur-kot","City Tax Consultant","/income-tax-filing","already-has-link"
"blogs/tax-consultant-kamahan-lahore","City Tax Consultant","/income-tax-filing","already-has-link"
"blogs/tax-consultant-kamahan-road-lahore","City Tax Consultant","/income-tax-filing","already-has-link"
"blogs/tax-consultant-kamalia-city","City Tax Consultant","/income-tax-filing","already-has-link"
"blogs/tax-consultant-kamalia","City Tax Consultant","/income-tax-filing","already-has-link"
"blogs/tax-consultant-kamoke-road-gwl-gujranwala","City Tax Consultant","/income-tax-filing","already-has-link"
"blogs/tax-consultant-kamoke","City Tax Consultant","/income-tax-filing","already-has-link"
"blogs/tax-consultant-kamonke","City Tax Consultant","/income-tax-filing","already-has-link"
"blogs/tax-consultant-kandhkot","City Tax Consultant","/income-tax-filing","already-has-link"
"blogs/tax-consultant-karachi","City Tax Consultant","/income-tax-filing","already-has-link"
"blogs/tax-consultant-karak-city","City Tax Consultant","/income-tax-filing","already-has-link"
"blogs/tax-consultant-karak","City Tax Consultant","/income-tax-filing","already-has-link"
"blogs/tax-consultant-karim-block-lahore","City Tax Consultant","/income-tax-filing","already-has-link"
"blogs/tax-consultant-kashmiri-gate-lahore","City Tax Consultant","/income-tax-filing","already-has-link"
"blogs/tax-consultant-kashmor","City Tax Consultant","/income-tax-filing","already-has-link"
"blogs/tax-consultant-kashmore","City Tax Consultant","/income-tax-filing","already-has-link"
"blogs/tax-consultant-kasur-city-centre","City Tax Consultant","/income-tax-filing","already-has-link"
"blogs/tax-consultant-kasur-city","City Tax Consultant","/income-tax-filing","already-has-link"
"blogs/tax-consultant-kasur","City Tax Consultant","/income-tax-filing","already-has-link"
"blogs/tax-consultant-katchery-road-faisalabad","City Tax Consultant","/income-tax-filing","already-has-link"
"blogs/tax-consultant-keamari-karachi","City Tax Consultant","/income-tax-filing","already-has-link"
"blogs/tax-consultant-kemari-karachi","City Tax Consultant","/income-tax-filing","already-has-link"
"blogs/tax-consultant-khairpur-city","City Tax Consultant","/income-tax-filing","already-has-link"
"blogs/tax-consultant-khairpur","City Tax Consultant","/income-tax-filing","already-has-link"
"blogs/tax-consultant-khanewal-city","City Tax Consultant","/income-tax-filing","already-has-link"
"blogs/tax-consultant-khanewal-road-multan","City Tax Consultant","/income-tax-filing","already-has-link"
"blogs/tax-consultant-khanewal","City Tax Consultant","/income-tax-filing","already-has-link"
"blogs/tax-consultant-khanpur-ryk","City Tax Consultant","/income-tax-filing","already-has-link"
"blogs/tax-consultant-khanpur","City Tax Consultant","/income-tax-filing","already-has-link"
"blogs/tax-consultant-kharadar-karachi","City Tax Consultant","/income-tax-filing","already-has-link"
"blogs/tax-consultant-kharan-city","City Tax Consultant","/income-tax-filing","already-has-link"
"blogs/tax-consultant-kharian","City Tax Consultant","/income-tax-filing","already-has-link"
"blogs/tax-consultant-khayaban-e-amin-lahore","City Tax Consultant","/income-tax-filing","already-has-link"
"blogs/tax-consultant-khayaban-e-iqbal-islamabad","City Tax Consultant","/income-tax-filing","already-has-link"
"blogs/tax-consultant-khayaban-e-jinnah-lahore","City Tax Consultant","/income-tax-filing","already-has-link"
"blogs/tax-consultant-khayaban-e-mujahid-lahore","City Tax Consultant","/income-tax-filing","already-has-link"
"blogs/tax-consultant-khayaban-e-rahat-lahore","City Tax Consultant","/income-tax-filing","already-has-link"
"blogs/tax-consultant-khayaban-e-sir-syed-lahore","City Tax Consultant","/income-tax-filing","already-has-link"
"blogs/tax-consultant-khiali-gujranwala","City Tax Consultant","/income-tax-filing","already-has-link"
"blogs/tax-consultant-khushab-city","City Tax Consultant","/income-tax-filing","already-has-link"
"blogs/tax-consultant-khushab","City Tax Consultant","/income-tax-filing","already-has-link"
"blogs/tax-consultant-khuzdar-city","City Tax Consultant","/income-tax-filing","already-has-link"
"blogs/tax-consultant-khuzdar","City Tax Consultant","/income-tax-filing","already-has-link"
"blogs/tax-consultant-kirani-road-quetta","City Tax Consultant","/income-tax-filing","already-has-link"
"blogs/tax-consultant-kohat-city","City Tax Consultant","/income-tax-filing","already-has-link"
"blogs/tax-consultant-kohat-road-psh-peshawar","City Tax Consultant","/income-tax-filing","already-has-link"
"blogs/tax-consultant-kohat-road-rwp-rawalpindi","City Tax Consultant","/income-tax-filing","already-has-link"
"blogs/tax-consultant-kohat","City Tax Consultant","/income-tax-filing","already-has-link"
"blogs/tax-consultant-kohinoor-city-faisalabad","City Tax Consultant","/income-tax-filing","already-has-link"
"blogs/tax-consultant-kohsar-market-islamabad","City Tax Consultant","/income-tax-filing","already-has-link"
"blogs/tax-consultant-koral-town-islamabad","City Tax Consultant","/income-tax-filing","already-has-link"
"blogs/tax-consultant-korangi-industrial-karachi","City Tax Consultant","/income-tax-filing","already-has-link"
"blogs/tax-consultant-korangi-karachi","City Tax Consultant","/income-tax-filing","already-has-link"
"blogs/tax-consultant-korangi-township-karachi","City Tax Consultant","/income-tax-filing","already-has-link"
"blogs/tax-consultant-kot-abdul-malik-lahore","City Tax Consultant","/income-tax-filing","already-has-link"
"blogs/tax-consultant-kot-addu","City Tax Consultant","/income-tax-filing","already-has-link"
"blogs/tax-consultant-kot-khawaja-lahore","City Tax Consultant","/income-tax-filing","already-has-link"
"blogs/tax-consultant-kot-khawaja-saeed-lahore","City Tax Consultant","/income-tax-filing","already-has-link"
"blogs/tax-consultant-kot-lakhpat-industrial-lahore","City Tax Consultant","/income-tax-filing","already-has-link"
"blogs/tax-consultant-kot-lakhpat-lahore","City Tax Consultant","/income-tax-filing","already-has-link"
"blogs/tax-consultant-kot-momin","City Tax Consultant","/income-tax-filing","already-has-link"
"blogs/tax-consultant-kot-radha-kishan","City Tax Consultant","/income-tax-filing","already-has-link"
"blogs/tax-consultant-kotli-city","City Tax Consultant","/income-tax-filing","already-has-link"
"blogs/tax-consultant-kotli","City Tax Consultant","/income-tax-filing","already-has-link"
"blogs/tax-consultant-kotri","City Tax Consultant","/income-tax-filing","already-has-link"
"blogs/tax-consultant-krishan-nagar-lahore","City Tax Consultant","/income-tax-filing","already-has-link"
"blogs/tax-consultant-kuchlak-road-quetta","City Tax Consultant","/income-tax-filing","already-has-link"
"blogs/tax-consultant-kunjah","City Tax Consultant","/income-tax-filing","already-has-link"
"blogs/tax-consultant-lahore-smart-city","City Tax Consultant","/income-tax-filing","already-has-link"
"blogs/tax-consultant-lahore","City Tax Consultant","/income-tax-filing","already-has-link"
"blogs/tax-consultant-lahori-gate-lahore","City Tax Consultant","/income-tax-filing","already-has-link"
"blogs/tax-consultant-lake-city-lahore","City Tax Consultant","/income-tax-filing","already-has-link"
"blogs/tax-consultant-lakki-marwat-city","City Tax Consultant","/income-tax-filing","already-has-link"
"blogs/tax-consultant-lakki-marwat","City Tax Consultant","/income-tax-filing","already-has-link"
"blogs/tax-consultant-lakshmi-chowk-lahore","City Tax Consultant","/income-tax-filing","already-has-link"
"blogs/tax-consultant-lalamusa","City Tax Consultant","/income-tax-filing","already-has-link"
"blogs/tax-consultant-landhi-industrial-karachi","City Tax Consultant","/income-tax-filing","already-has-link"
"blogs/tax-consultant-landhi-karachi","City Tax Consultant","/income-tax-filing","already-has-link"
"blogs/tax-consultant-larkana-city","City Tax Consultant","/income-tax-filing","already-has-link"
"blogs/tax-consultant-larkana","City Tax Consultant","/income-tax-filing","already-has-link"
"blogs/tax-consultant-lasbela","City Tax Consultant","/income-tax-filing","already-has-link"
"blogs/tax-consultant-latifabad-hyderabad","City Tax Consultant","/income-tax-filing","already-has-link"
"blogs/tax-consultant-lawrence-road-lahore","City Tax Consultant","/income-tax-filing","already-has-link"
"blogs/tax-consultant-lawyers-pakistan","City Tax Consultant","/income-tax-filing","already-has-link"
"blogs/tax-consultant-layyah-city-centre","City Tax Consultant","/income-tax-filing","already-has-link"
"blogs/tax-consultant-layyah-city","City Tax Consultant","/income-tax-filing","already-has-link"
"blogs/tax-consultant-layyah","City Tax Consultant","/income-tax-filing","already-has-link"
"blogs/tax-consultant-lda-avenue-1-lahore","City Tax Consultant","/income-tax-filing","already-has-link"
"blogs/tax-consultant-lda-avenue-2-lahore","City Tax Consultant","/income-tax-filing","already-has-link"
"blogs/tax-consultant-lda-avenue-lahore","City Tax Consultant","/income-tax-filing","already-has-link"
"blogs/tax-consultant-leeds-pakistanis","City Tax Consultant","/income-tax-filing","already-has-link"
"blogs/tax-consultant-liaquat-bagh-rawalpindi","City Tax Consultant","/income-tax-filing","already-has-link"
"blogs/tax-consultant-liaquat-colony-lahore","City Tax Consultant","/income-tax-filing","already-has-link"
"blogs/tax-consultant-liaquatabad-karachi","City Tax Consultant","/income-tax-filing","already-has-link"
"blogs/tax-consultant-liaquatpur","City Tax Consultant","/income-tax-filing","already-has-link"
"blogs/tax-consultant-liberty-chowk-lahore","City Tax Consultant","/income-tax-filing","already-has-link"
"blogs/tax-consultant-liberty-market-lahore","City Tax Consultant","/income-tax-filing","already-has-link"
"blogs/tax-consultant-link-road-lahore","City Tax Consultant","/income-tax-filing","already-has-link"
"blogs/tax-consultant-lodhran-city","City Tax Consultant","/income-tax-filing","already-has-link"
"blogs/tax-consultant-lodhran","City Tax Consultant","/income-tax-filing","already-has-link"
"blogs/tax-consultant-lohari-gate-lahore","City Tax Consultant","/income-tax-filing","already-has-link"
"blogs/tax-consultant-london-east-pakistanis","City Tax Consultant","/income-tax-filing","already-has-link"
"blogs/tax-consultant-loralai-city","City Tax Consultant","/income-tax-filing","already-has-link"
"blogs/tax-consultant-loralai","City Tax Consultant","/income-tax-filing","already-has-link"
"blogs/tax-consultant-los-angeles-pakistanis","City Tax Consultant","/income-tax-filing","already-has-link"
"blogs/tax-consultant-low-income-scheme-multan","City Tax Consultant","/income-tax-filing","already-has-link"
"blogs/tax-consultant-lower-dir","City Tax Consultant","/income-tax-filing","already-has-link"
"blogs/tax-consultant-lower-haripur-abbottabad","City Tax Consultant","/income-tax-filing","already-has-link"
"blogs/tax-consultant-luton-pakistanis","City Tax Consultant","/income-tax-filing","already-has-link"
"blogs/tax-consultant-lyari-karachi","City Tax Consultant","/income-tax-filing","already-has-link"
"blogs/tax-consultant-madina-town-faisalabad","City Tax Consultant","/income-tax-filing","already-has-link"
"blogs/tax-consultant-mailsi","City Tax Consultant","/income-tax-filing","already-has-link"
"blogs/tax-consultant-main-boulevard-gulberg-lahore","City Tax Consultant","/income-tax-filing","already-has-link"
"blogs/tax-consultant-main-boulevard-lahore","City Tax Consultant","/income-tax-filing","already-has-link"
"blogs/tax-consultant-malakand-city","City Tax Consultant","/income-tax-filing","already-has-link"
"blogs/tax-consultant-malakand","City Tax Consultant","/income-tax-filing","already-has-link"
"blogs/tax-consultant-malakwal","City Tax Consultant","/income-tax-filing","already-has-link"
"blogs/tax-consultant-malikwal","City Tax Consultant","/income-tax-filing","already-has-link"
"blogs/tax-consultant-malir-city-karachi","City Tax Consultant","/income-tax-filing","already-has-link"
"blogs/tax-consultant-malir-halt-karachi","City Tax Consultant","/income-tax-filing","already-has-link"
"blogs/tax-consultant-malir-karachi","City Tax Consultant","/income-tax-filing","already-has-link"
"blogs/tax-consultant-mall-road-lahore","City Tax Consultant","/income-tax-filing","already-has-link"
"blogs/tax-consultant-manchester-pakistanis","City Tax Consultant","/income-tax-filing","already-has-link"
"blogs/tax-consultant-mandi-bahauddin-city","City Tax Consultant","/income-tax-filing","already-has-link"
"blogs/tax-consultant-mandi-bahauddin","City Tax Consultant","/income-tax-filing","already-has-link"
"blogs/tax-consultant-manga-mandi-lahore","City Tax Consultant","/income-tax-filing","already-has-link"
"blogs/tax-consultant-manga-road-lahore","City Tax Consultant","/income-tax-filing","already-has-link"
"blogs/tax-consultant-manghopir-karachi","City Tax Consultant","/income-tax-filing","already-has-link"
"blogs/tax-consultant-mankera","City Tax Consultant","/income-tax-filing","already-has-link"
"blogs/tax-consultant-mansehra-city","City Tax Consultant","/income-tax-filing","already-has-link"
"blogs/tax-consultant-mansehra","City Tax Consultant","/income-tax-filing","already-has-link"
"blogs/tax-consultant-mardan-cantt","City Tax Consultant","/income-tax-filing","already-has-link"
"blogs/tax-consultant-mardan-city-centre","City Tax Consultant","/income-tax-filing","already-has-link"
"blogs/tax-consultant-mardan-city","City Tax Consultant","/income-tax-filing","already-has-link"
"blogs/tax-consultant-mardan-industrial-estate","City Tax Consultant","/income-tax-filing","already-has-link"
"blogs/tax-consultant-mardan","City Tax Consultant","/income-tax-filing","already-has-link"
"blogs/tax-consultant-margalla-hills-islamabad","City Tax Consultant","/income-tax-filing","already-has-link"
"blogs/tax-consultant-margalla-town-islamabad","City Tax Consultant","/income-tax-filing","already-has-link"
"blogs/tax-consultant-maripur-karachi","City Tax Consultant","/income-tax-filing","already-has-link"
"blogs/tax-consultant-market-quarter-hyderabad","City Tax Consultant","/income-tax-filing","already-has-link"
"blogs/tax-consultant-mastung","City Tax Consultant","/income-tax-filing","already-has-link"
"blogs/tax-consultant-matiari-city","City Tax Consultant","/income-tax-filing","already-has-link"
"blogs/tax-consultant-matiari","City Tax Consultant","/income-tax-filing","already-has-link"
"blogs/tax-consultant-mattni-peshawar","City Tax Consultant","/income-tax-filing","already-has-link"
"blogs/tax-consultant-mauripur-karachi","City Tax Consultant","/income-tax-filing","already-has-link"
"blogs/tax-consultant-mcleod-road-lahore","City Tax Consultant","/income-tax-filing","already-has-link"
"blogs/tax-consultant-mda-chowk-multan","City Tax Consultant","/income-tax-filing","already-has-link"
"blogs/tax-consultant-media-town-islamabad","City Tax Consultant","/income-tax-filing","already-has-link"
"blogs/tax-consultant-medical-housing-society-lahore","City Tax Consultant","/income-tax-filing","already-has-link"
"blogs/tax-consultant-mehmoodabad-karachi","City Tax Consultant","/income-tax-filing","already-has-link"
"blogs/tax-consultant-mehrabpur","City Tax Consultant","/income-tax-filing","already-has-link"
"blogs/tax-consultant-melbourne-pakistanis","City Tax Consultant","/income-tax-filing","already-has-link"
"blogs/tax-consultant-mian-channu-city","City Tax Consultant","/income-tax-filing","already-has-link"
"blogs/tax-consultant-mian-channu","City Tax Consultant","/income-tax-filing","already-has-link"
"blogs/tax-consultant-mianwali","City Tax Consultant","/income-tax-filing","already-has-link"
"blogs/tax-consultant-millat-road-faisalabad","City Tax Consultant","/income-tax-filing","already-has-link"
"blogs/tax-consultant-millat-town-faisalabad","City Tax Consultant","/income-tax-filing","already-has-link"
"blogs/tax-consultant-mingora-swat","City Tax Consultant","/income-tax-filing","already-has-link"
"blogs/tax-consultant-minhaj-town-lahore","City Tax Consultant","/income-tax-filing","already-has-link"
"blogs/tax-consultant-mirpur-ajk-city","City Tax Consultant","/income-tax-filing","already-has-link"
"blogs/tax-consultant-mirpur-ajk","City Tax Consultant","/income-tax-filing","already-has-link"
"blogs/tax-consultant-mirpur-mathelo","City Tax Consultant","/income-tax-filing","already-has-link"
"blogs/tax-consultant-mirpurkhas-city","City Tax Consultant","/income-tax-filing","already-has-link"
"blogs/tax-consultant-mirpurkhas","City Tax Consultant","/income-tax-filing","already-has-link"
"blogs/tax-consultant-mississauga-pakistanis","City Tax Consultant","/income-tax-filing","already-has-link"
"blogs/tax-consultant-mm-alam-road-lahore","City Tax Consultant","/income-tax-filing","already-has-link"
"blogs/tax-consultant-mochi-gate-lahore","City Tax Consultant","/income-tax-filing","already-has-link"
"blogs/tax-consultant-model-colony-karachi","City Tax Consultant","/income-tax-filing","already-has-link"
"blogs/tax-consultant-model-town-a-lahore","City Tax Consultant","/income-tax-filing","already-has-link"
"blogs/tax-consultant-model-town-b-lahore","City Tax Consultant","/income-tax-filing","already-has-link"
"blogs/tax-consultant-model-town-bahawalpur","City Tax Consultant","/income-tax-filing","already-has-link"
"blogs/tax-consultant-model-town-block-d-lahore","City Tax Consultant","/income-tax-filing","already-has-link"
"blogs/tax-consultant-model-town-block-e-lahore","City Tax Consultant","/income-tax-filing","already-has-link"
"blogs/tax-consultant-model-town-block-f-lahore","City Tax Consultant","/income-tax-filing","already-has-link"
"blogs/tax-consultant-model-town-block-g-lahore","City Tax Consultant","/income-tax-filing","already-has-link"
"blogs/tax-consultant-model-town-block-h-lahore","City Tax Consultant","/income-tax-filing","already-has-link"
"blogs/tax-consultant-model-town-block-i-lahore","City Tax Consultant","/income-tax-filing","already-has-link"
"blogs/tax-consultant-model-town-block-j-lahore","City Tax Consultant","/income-tax-filing","already-has-link"
"blogs/tax-consultant-model-town-block-k-lahore","City Tax Consultant","/income-tax-filing","already-has-link"
"blogs/tax-consultant-model-town-block-l-lahore","City Tax Consultant","/income-tax-filing","already-has-link"
"blogs/tax-consultant-model-town-block-m-lahore","City Tax Consultant","/income-tax-filing","already-has-link"
"blogs/tax-consultant-model-town-block-n-lahore","City Tax Consultant","/income-tax-filing","already-has-link"
"blogs/tax-consultant-model-town-c-lahore","City Tax Consultant","/income-tax-filing","already-has-link"
"blogs/tax-consultant-model-town-commercial-lahore","City Tax Consultant","/income-tax-filing","already-has-link"
"blogs/tax-consultant-model-town-extension-lahore","City Tax Consultant","/income-tax-filing","already-has-link"
"blogs/tax-consultant-model-town-gujranwala","City Tax Consultant","/income-tax-filing","already-has-link"
"blogs/tax-consultant-mori-gate-lahore","City Tax Consultant","/income-tax-filing","already-has-link"
"blogs/tax-consultant-moro","City Tax Consultant","/income-tax-filing","already-has-link"
"blogs/tax-consultant-mozang-lahore","City Tax Consultant","/income-tax-filing","already-has-link"
"blogs/tax-consultant-mughalpura-lahore","City Tax Consultant","/income-tax-filing","already-has-link"
"blogs/tax-consultant-multan-garden-town-multan","City Tax Consultant","/income-tax-filing","already-has-link"
"blogs/tax-consultant-multan-nishatabad-multan","City Tax Consultant","/income-tax-filing","already-has-link"
"blogs/tax-consultant-multan-road-lahore","City Tax Consultant","/income-tax-filing","already-has-link"
"blogs/tax-consultant-multan-road-q-block-lahore","City Tax Consultant","/income-tax-filing","already-has-link"
"blogs/tax-consultant-multan","City Tax Consultant","/income-tax-filing","already-has-link"
"blogs/tax-consultant-muridke-lahore","City Tax Consultant","/income-tax-filing","already-has-link"
"blogs/tax-consultant-muridke","City Tax Consultant","/income-tax-filing","already-has-link"
"blogs/tax-consultant-murree-road-rawalpindi","City Tax Consultant","/income-tax-filing","already-has-link"
"blogs/tax-consultant-murree","City Tax Consultant","/income-tax-filing","already-has-link"
"blogs/tax-consultant-muslim-park-lahore","City Tax Consultant","/income-tax-filing","already-has-link"
"blogs/tax-consultant-muslim-town-lahore","City Tax Consultant","/income-tax-filing","already-has-link"
"blogs/tax-consultant-mustafa-town-lahore","City Tax Consultant","/income-tax-filing","already-has-link"
"blogs/tax-consultant-muzaffarabad-city","City Tax Consultant","/income-tax-filing","already-has-link"
"blogs/tax-consultant-muzaffarabad","City Tax Consultant","/income-tax-filing","already-has-link"
"blogs/tax-consultant-muzaffargarh-city","City Tax Consultant","/income-tax-filing","already-has-link"
"blogs/tax-consultant-muzaffargarh","City Tax Consultant","/income-tax-filing","already-has-link"
"blogs/tax-consultant-nagan-chowrangi-karachi","City Tax Consultant","/income-tax-filing","already-has-link"
"blogs/tax-consultant-nagar-valley","City Tax Consultant","/income-tax-filing","already-has-link"
"blogs/tax-consultant-nankana-sahib","City Tax Consultant","/income-tax-filing","already-has-link"
"blogs/tax-consultant-narowal-city-centre","City Tax Consultant","/income-tax-filing","already-has-link"
"blogs/tax-consultant-narowal-city","City Tax Consultant","/income-tax-filing","already-has-link"
"blogs/tax-consultant-narowal","City Tax Consultant","/income-tax-filing","already-has-link"
"blogs/tax-consultant-naseerabad-lahore","City Tax Consultant","/income-tax-filing","already-has-link"
"blogs/tax-consultant-nasheman-e-iqbal-lahore","City Tax Consultant","/income-tax-filing","already-has-link"
"blogs/tax-consultant-naushahro-feroze","City Tax Consultant","/income-tax-filing","already-has-link"
"blogs/tax-consultant-naval-anchorage-islamabad","City Tax Consultant","/income-tax-filing","already-has-link"
"blogs/tax-consultant-nawab-town-lahore","City Tax Consultant","/income-tax-filing","already-has-link"
"blogs/tax-consultant-nawabshah-city","City Tax Consultant","/income-tax-filing","already-has-link"
"blogs/tax-consultant-nawabshah","City Tax Consultant","/income-tax-filing","already-has-link"
"blogs/tax-consultant-naya-karachi-karachi","City Tax Consultant","/income-tax-filing","already-has-link"
"blogs/tax-consultant-nazimabad-4-karachi","City Tax Consultant","/income-tax-filing","already-has-link"
"blogs/tax-consultant-nazimabad-5-karachi","City Tax Consultant","/income-tax-filing","already-has-link"
"blogs/tax-consultant-nazimabad-karachi","City Tax Consultant","/income-tax-filing","already-has-link"
"blogs/tax-consultant-near-airport-lahore","City Tax Consultant","/income-tax-filing","already-has-link"
"blogs/tax-consultant-near-comsats-lahore","City Tax Consultant","/income-tax-filing","already-has-link"
"blogs/tax-consultant-near-doctors-hospital-lahore","City Tax Consultant","/income-tax-filing","already-has-link"
"blogs/tax-consultant-near-fast-nuces-lahore","City Tax Consultant","/income-tax-filing","already-has-link"
"blogs/tax-consultant-near-ganga-ram-lahore","City Tax Consultant","/income-tax-filing","already-has-link"
"blogs/tax-consultant-near-gcu-lahore","City Tax Consultant","/income-tax-filing","already-has-link"
"blogs/tax-consultant-near-high-court-lahore","City Tax Consultant","/income-tax-filing","already-has-link"
"blogs/tax-consultant-near-ittefaq-hospital-lahore","City Tax Consultant","/income-tax-filing","already-has-link"
"blogs/tax-consultant-near-jinnah-hospital-lahore","City Tax Consultant","/income-tax-filing","already-has-link"
"blogs/tax-consultant-near-lums-lahore","City Tax Consultant","/income-tax-filing","already-has-link"
"blogs/tax-consultant-near-mayo-hospital-lahore","City Tax Consultant","/income-tax-filing","already-has-link"
"blogs/tax-consultant-near-pu-lahore","City Tax Consultant","/income-tax-filing","already-has-link"
"blogs/tax-consultant-near-services-hospital-lahore","City Tax Consultant","/income-tax-filing","already-has-link"
"blogs/tax-consultant-near-shalamar-hospital-lahore","City Tax Consultant","/income-tax-filing","already-has-link"
"blogs/tax-consultant-near-sheikh-zayed-lahore","City Tax Consultant","/income-tax-filing","already-has-link"
"blogs/tax-consultant-near-ucp-lahore","City Tax Consultant","/income-tax-filing","already-has-link"
"blogs/tax-consultant-near-uet-lahore","City Tax Consultant","/income-tax-filing","already-has-link"
"blogs/tax-consultant-neelum-ajk","City Tax Consultant","/income-tax-filing","already-has-link"
"blogs/tax-consultant-nespak-housing-lahore","City Tax Consultant","/income-tax-filing","already-has-link"
"blogs/tax-consultant-new-city-paradise-lahore","City Tax Consultant","/income-tax-filing","already-has-link"
"blogs/tax-consultant-new-garden-town-lahore","City Tax Consultant","/income-tax-filing","already-has-link"
"blogs/tax-consultant-new-jersey-pakistanis","City Tax Consultant","/income-tax-filing","already-has-link"
"blogs/tax-consultant-new-karachi","City Tax Consultant","/income-tax-filing","already-has-link"
"blogs/tax-consultant-new-lahore-city","City Tax Consultant","/income-tax-filing","already-has-link"
"blogs/tax-consultant-new-lalazar-rawalpindi","City Tax Consultant","/income-tax-filing","already-has-link"
"blogs/tax-consultant-new-multan","City Tax Consultant","/income-tax-filing","already-has-link"
"blogs/tax-consultant-new-muslim-town-lahore","City Tax Consultant","/income-tax-filing","already-has-link"
"blogs/tax-consultant-new-sariab-quetta","City Tax Consultant","/income-tax-filing","already-has-link"
"blogs/tax-consultant-new-york-pakistanis","City Tax Consultant","/income-tax-filing","already-has-link"
"blogs/tax-consultant-nfc-housing-society-lahore","City Tax Consultant","/income-tax-filing","already-has-link"
"blogs/tax-consultant-ngo-pakistan","City Tax Consultant","/income-tax-filing","already-has-link"
"blogs/tax-consultant-nishat-colony-lahore","City Tax Consultant","/income-tax-filing","already-has-link"
"blogs/tax-consultant-nishatabad-faisalabad","City Tax Consultant","/income-tax-filing","already-has-link"
"blogs/tax-consultant-nishtar-colony-block-a-lahore","City Tax Consultant","/income-tax-filing","already-has-link"
"blogs/tax-consultant-nishtar-colony-block-b-lahore","City Tax Consultant","/income-tax-filing","already-has-link"
"blogs/tax-consultant-nishtar-colony-lahore","City Tax Consultant","/income-tax-filing","already-has-link"
"blogs/tax-consultant-nishtar-town-lahore","City Tax Consultant","/income-tax-filing","already-has-link"
"blogs/tax-consultant-noor-colony-lahore","City Tax Consultant","/income-tax-filing","already-has-link"
"blogs/tax-consultant-noor-pur-town-lahore","City Tax Consultant","/income-tax-filing","already-has-link"
"blogs/tax-consultant-noorpur-thal","City Tax Consultant","/income-tax-filing","already-has-link"
"blogs/tax-consultant-north-karachi-karachi","City Tax Consultant","/income-tax-filing","already-has-link"
"blogs/tax-consultant-north-nazimabad-karachi","City Tax Consultant","/income-tax-filing","already-has-link"
"blogs/tax-consultant-nowshera-city","City Tax Consultant","/income-tax-filing","already-has-link"
"blogs/tax-consultant-nowshera-virkan-gujranwala","City Tax Consultant","/income-tax-filing","already-has-link"
"blogs/tax-consultant-nowshera","City Tax Consultant","/income-tax-filing","already-has-link"
"blogs/tax-consultant-nushki","City Tax Consultant","/income-tax-filing","already-has-link"
"blogs/tax-consultant-officers-colony-lahore","City Tax Consultant","/income-tax-filing","already-has-link"
"blogs/tax-consultant-okara-city","City Tax Consultant","/income-tax-filing","already-has-link"
"blogs/tax-consultant-okara","City Tax Consultant","/income-tax-filing","already-has-link"
"blogs/tax-consultant-oldham-pakistanis","City Tax Consultant","/income-tax-filing","already-has-link"
"blogs/tax-consultant-orangi-town-karachi","City Tax Consultant","/income-tax-filing","already-has-link"
"blogs/tax-consultant-packages-mall-lahore","City Tax Consultant","/income-tax-filing","already-has-link"
"blogs/tax-consultant-paf-colony-lahore","City Tax Consultant","/income-tax-filing","already-has-link"
"blogs/tax-consultant-pak-arab-housing-lahore","City Tax Consultant","/income-tax-filing","already-has-link"
"blogs/tax-consultant-pak-colony-karachi","City Tax Consultant","/income-tax-filing","already-has-link"
"blogs/tax-consultant-pak-kisan-town-lahore","City Tax Consultant","/income-tax-filing","already-has-link"
"blogs/tax-consultant-pak-mount-lahore","City Tax Consultant","/income-tax-filing","already-has-link"
"blogs/tax-consultant-pak-town-islamabad","City Tax Consultant","/income-tax-filing","already-has-link"
"blogs/tax-consultant-pak-town-lahore","City Tax Consultant","/income-tax-filing","already-has-link"
"blogs/tax-consultant-pakistan-town-lahore","City Tax Consultant","/income-tax-filing","already-has-link"
"blogs/tax-consultant-pakpattan-city","City Tax Consultant","/income-tax-filing","already-has-link"
"blogs/tax-consultant-pakpattan","City Tax Consultant","/income-tax-filing","already-has-link"
"blogs/tax-consultant-panjgur","City Tax Consultant","/income-tax-filing","already-has-link"
"blogs/tax-consultant-paragon-city-lahore","City Tax Consultant","/income-tax-filing","already-has-link"
"blogs/tax-consultant-paragon-city-phase-1-lahore","City Tax Consultant","/income-tax-filing","already-has-link"
"blogs/tax-consultant-paragon-city-phase-2-lahore","City Tax Consultant","/income-tax-filing","already-has-link"
"blogs/tax-consultant-paragon-city-phase-3-lahore","City Tax Consultant","/income-tax-filing","already-has-link"
"blogs/tax-consultant-paris-road-sialkot","City Tax Consultant","/income-tax-filing","already-has-link"
"blogs/tax-consultant-park-view-city-islamabad","City Tax Consultant","/income-tax-filing","already-has-link"
"blogs/tax-consultant-pasrur","City Tax Consultant","/income-tax-filing","already-has-link"
"blogs/tax-consultant-pattoki-lahore","City Tax Consultant","/income-tax-filing","already-has-link"
"blogs/tax-consultant-pattoki","City Tax Consultant","/income-tax-filing","already-has-link"
"blogs/tax-consultant-pcsir-lahore","City Tax Consultant","/income-tax-filing","already-has-link"
"blogs/tax-consultant-pechs-karachi","City Tax Consultant","/income-tax-filing","already-has-link"
"blogs/tax-consultant-peoples-colony-faisalabad","City Tax Consultant","/income-tax-filing","already-has-link"
"blogs/tax-consultant-peoples-colony-gujranwala","City Tax Consultant","/income-tax-filing","already-has-link"
"blogs/tax-consultant-peoples-colony-lahore","City Tax Consultant","/income-tax-filing","already-has-link"
"blogs/tax-consultant-peoples-colony-sargodha","City Tax Consultant","/income-tax-filing","already-has-link"
"blogs/tax-consultant-perth-pakistanis","City Tax Consultant","/income-tax-filing","already-has-link"
"blogs/tax-consultant-peshawar","City Tax Consultant","/income-tax-filing","already-has-link"
"blogs/tax-consultant-phalia","City Tax Consultant","/income-tax-filing","already-has-link"
"blogs/tax-consultant-phase-4-hayatabad-peshawar","City Tax Consultant","/income-tax-filing","already-has-link"
"blogs/tax-consultant-phase-4-peshawar","City Tax Consultant","/income-tax-filing","already-has-link"
"blogs/tax-consultant-pib-colony-karachi","City Tax Consultant","/income-tax-filing","already-has-link"
"blogs/tax-consultant-pindigheb","City Tax Consultant","/income-tax-filing","already-has-link"
"blogs/tax-consultant-pindora-rawalpindi","City Tax Consultant","/income-tax-filing","already-has-link"
"blogs/tax-consultant-piplan","City Tax Consultant","/income-tax-filing","already-has-link"
"blogs/tax-consultant-pishin","City Tax Consultant","/income-tax-filing","already-has-link"
"blogs/tax-consultant-pishtakhara-peshawar","City Tax Consultant","/income-tax-filing","already-has-link"
"blogs/tax-consultant-police-foundation-islamabad","City Tax Consultant","/income-tax-filing","already-has-link"
"blogs/tax-consultant-poonch-ajk","City Tax Consultant","/income-tax-filing","already-has-link"
"blogs/tax-consultant-private-job-pakistan","City Tax Consultant","/income-tax-filing","already-has-link"
"blogs/tax-consultant-punjab-govt-employees-lahore","City Tax Consultant","/income-tax-filing","already-has-link"
"blogs/tax-consultant-punjab-small-industries-lahore","City Tax Consultant","/income-tax-filing","already-has-link"
"blogs/tax-consultant-pwd-islamabad-islamabad","City Tax Consultant","/income-tax-filing","already-has-link"
"blogs/tax-consultant-pwd-islamabad","City Tax Consultant","/income-tax-filing","already-has-link"
"blogs/tax-consultant-qaddafi-stadium-lahore","City Tax Consultant","/income-tax-filing","already-has-link"
"blogs/tax-consultant-qainchi-lahore","City Tax Consultant","/income-tax-filing","already-has-link"
"blogs/tax-consultant-qamber","City Tax Consultant","/income-tax-filing","already-has-link"
"blogs/tax-consultant-qasba-colony-karachi","City Tax Consultant","/income-tax-filing","already-has-link"
"blogs/tax-consultant-qasim-bela-multan","City Tax Consultant","/income-tax-filing","already-has-link"
"blogs/tax-consultant-qasimabad-hyderabad","City Tax Consultant","/income-tax-filing","already-has-link"
"blogs/tax-consultant-qila-abdullah","City Tax Consultant","/income-tax-filing","already-has-link"
"blogs/tax-consultant-qila-saifullah","City Tax Consultant","/income-tax-filing","already-has-link"
"blogs/tax-consultant-queens-road-lahore","City Tax Consultant","/income-tax-filing","already-has-link"
"blogs/tax-consultant-quetta-city-centre-quetta","City Tax Consultant","/income-tax-filing","already-has-link"
"blogs/tax-consultant-quetta","City Tax Consultant","/income-tax-filing","already-has-link"
"blogs/tax-consultant-rahim-yar-khan-cantt","City Tax Consultant","/income-tax-filing","already-has-link"
"blogs/tax-consultant-rahim-yar-khan-city","City Tax Consultant","/income-tax-filing","already-has-link"
"blogs/tax-consultant-rahim-yar-khan","City Tax Consultant","/income-tax-filing","already-has-link"
"blogs/tax-consultant-rahwali-gujranwala","City Tax Consultant","/income-tax-filing","already-has-link"
"blogs/tax-consultant-railway-road-fsd-faisalabad","City Tax Consultant","/income-tax-filing","already-has-link"
"blogs/tax-consultant-railways-colony-lahore","City Tax Consultant","/income-tax-filing","already-has-link"
"blogs/tax-consultant-raiwind-lahore","City Tax Consultant","/income-tax-filing","already-has-link"
"blogs/tax-consultant-raiwind-road-lahore","City Tax Consultant","/income-tax-filing","already-has-link"
"blogs/tax-consultant-raja-jang-lahore","City Tax Consultant","/income-tax-filing","already-has-link"
"blogs/tax-consultant-rajanpur-city","City Tax Consultant","/income-tax-filing","already-has-link"
"blogs/tax-consultant-ranchore-lines-karachi","City Tax Consultant","/income-tax-filing","already-has-link"
"blogs/tax-consultant-rang-mahal-lahore","City Tax Consultant","/income-tax-filing","already-has-link"
"blogs/tax-consultant-ravi-road-lahore","City Tax Consultant","/income-tax-filing","already-has-link"
"blogs/tax-consultant-ravi-town-lahore","City Tax Consultant","/income-tax-filing","already-has-link"
"blogs/tax-consultant-rawalakot-city","City Tax Consultant","/income-tax-filing","already-has-link"
"blogs/tax-consultant-rawalakot","City Tax Consultant","/income-tax-filing","already-has-link"
"blogs/tax-consultant-rawalpindi-commercial","City Tax Consultant","/income-tax-filing","already-has-link"
"blogs/tax-consultant-rawalpindi-dha","City Tax Consultant","/income-tax-filing","already-has-link"
"blogs/tax-consultant-rawalpindi-saddar","City Tax Consultant","/income-tax-filing","already-has-link"
"blogs/tax-consultant-rawalpindi","City Tax Consultant","/income-tax-filing","already-has-link"
"blogs/tax-consultant-rawat-islamabad","City Tax Consultant","/income-tax-filing","already-has-link"
"blogs/tax-consultant-real-estate-agents-pakistan","Property Tax","/tax-on-commercial-property-pakistan","ADDED"
"blogs/tax-consultant-regi-model-town-peshawar","City Tax Consultant","/income-tax-filing","already-has-link"
"blogs/tax-consultant-rehmanpura-lahore","City Tax Consultant","/income-tax-filing","already-has-link"
"blogs/tax-consultant-renala-khurd","City Tax Consultant","/income-tax-filing","already-has-link"
"blogs/tax-consultant-restaurants-pakistan","City Tax Consultant","/income-tax-filing","already-has-link"
"blogs/tax-consultant-revenue-society-lahore","City Tax Consultant","/income-tax-filing","already-has-link"
"blogs/tax-consultant-ring-road-lahore","City Tax Consultant","/income-tax-filing","already-has-link"
"blogs/tax-consultant-ring-road-peshawar","City Tax Consultant","/income-tax-filing","already-has-link"
"blogs/tax-consultant-ring-road-psh-peshawar","City Tax Consultant","/income-tax-filing","already-has-link"
"blogs/tax-consultant-river-garden-lahore","City Tax Consultant","/income-tax-filing","already-has-link"
"blogs/tax-consultant-rohri","City Tax Consultant","/income-tax-filing","already-has-link"
"blogs/tax-consultant-roshnai-gate-lahore","City Tax Consultant","/income-tax-filing","already-has-link"
"blogs/tax-consultant-rwp-airport-rawalpindi","City Tax Consultant","/income-tax-filing","already-has-link"
"blogs/tax-consultant-rwp-civil-lines-rawalpindi","City Tax Consultant","/income-tax-filing","already-has-link"
"blogs/tax-consultant-sa-gardens-lahore","City Tax Consultant","/income-tax-filing","already-has-link"
"blogs/tax-consultant-saadi-town-karachi","City Tax Consultant","/income-tax-filing","already-has-link"
"blogs/tax-consultant-sabzazar-block-a-lahore","City Tax Consultant","/income-tax-filing","already-has-link"
"blogs/tax-consultant-sabzazar-block-b-lahore","City Tax Consultant","/income-tax-filing","already-has-link"
"blogs/tax-consultant-sabzazar-block-c-lahore","City Tax Consultant","/income-tax-filing","already-has-link"
"blogs/tax-consultant-sabzazar-lahore","City Tax Consultant","/income-tax-filing","already-has-link"
"blogs/tax-consultant-sabzazar-multan","City Tax Consultant","/income-tax-filing","already-has-link"
"blogs/tax-consultant-saddar-bahawalpur","City Tax Consultant","/income-tax-filing","already-has-link"
"blogs/tax-consultant-saddar-karachi-karachi","City Tax Consultant","/income-tax-filing","already-has-link"
"blogs/tax-consultant-saddar-karachi","City Tax Consultant","/income-tax-filing","already-has-link"
"blogs/tax-consultant-saddar-peshawar","City Tax Consultant","/income-tax-filing","already-has-link"
"blogs/tax-consultant-saddar-rawalpindi","City Tax Consultant","/income-tax-filing","already-has-link"
"blogs/tax-consultant-sadiqabad-ryk","City Tax Consultant","/income-tax-filing","already-has-link"
"blogs/tax-consultant-sadiqabad","City Tax Consultant","/income-tax-filing","already-has-link"
"blogs/tax-consultant-saeed-park-lahore","City Tax Consultant","/income-tax-filing","already-has-link"
"blogs/tax-consultant-safari-garden-lahore","City Tax Consultant","/income-tax-filing","already-has-link"
"blogs/tax-consultant-safari-garden-phase-2-lahore","City Tax Consultant","/income-tax-filing","already-has-link"
"blogs/tax-consultant-saggian-lahore","City Tax Consultant","/income-tax-filing","already-has-link"
"blogs/tax-consultant-sahiwal-cantt","City Tax Consultant","/income-tax-filing","already-has-link"
"blogs/tax-consultant-sahiwal-city","City Tax Consultant","/income-tax-filing","already-has-link"
"blogs/tax-consultant-sahiwal-model-colony","City Tax Consultant","/income-tax-filing","already-has-link"
"blogs/tax-consultant-sahiwal","City Tax Consultant","/income-tax-filing","already-has-link"
"blogs/tax-consultant-saleem-town-lahore","City Tax Consultant","/income-tax-filing","already-has-link"
"blogs/tax-consultant-samanabad-block-a-lahore","City Tax Consultant","/income-tax-filing","already-has-link"
"blogs/tax-consultant-samanabad-block-b-lahore","City Tax Consultant","/income-tax-filing","already-has-link"
"blogs/tax-consultant-samanabad-block-c-lahore","City Tax Consultant","/income-tax-filing","already-has-link"
"blogs/tax-consultant-samanabad-block-d-lahore","City Tax Consultant","/income-tax-filing","already-has-link"
"blogs/tax-consultant-samanabad-block-e-lahore","City Tax Consultant","/income-tax-filing","already-has-link"
"blogs/tax-consultant-samanabad-block-f-lahore","City Tax Consultant","/income-tax-filing","already-has-link"
"blogs/tax-consultant-samanabad-block-g-lahore","City Tax Consultant","/income-tax-filing","already-has-link"
"blogs/tax-consultant-samanabad-block-h-lahore","City Tax Consultant","/income-tax-filing","already-has-link"
"blogs/tax-consultant-samanabad-block-j-lahore","City Tax Consultant","/income-tax-filing","already-has-link"
"blogs/tax-consultant-samanabad-faisalabad","City Tax Consultant","/income-tax-filing","already-has-link"
"blogs/tax-consultant-samanabad-lahore-area","City Tax Consultant","/income-tax-filing","already-has-link"
"blogs/tax-consultant-sambrial","City Tax Consultant","/income-tax-filing","already-has-link"
"blogs/tax-consultant-sammundri","City Tax Consultant","/income-tax-filing","already-has-link"
"blogs/tax-consultant-samnabad-lahore","City Tax Consultant","/income-tax-filing","already-has-link"
"blogs/tax-consultant-sanda-lahore","City Tax Consultant","/income-tax-filing","already-has-link"
"blogs/tax-consultant-sanghar-city","City Tax Consultant","/income-tax-filing","already-has-link"
"blogs/tax-consultant-sanghar","City Tax Consultant","/income-tax-filing","already-has-link"
"blogs/tax-consultant-sargodha-cantt","City Tax Consultant","/income-tax-filing","already-has-link"
"blogs/tax-consultant-sargodha-lyon-colony","City Tax Consultant","/income-tax-filing","already-has-link"
"blogs/tax-consultant-sargodha-road-fsd-faisalabad","City Tax Consultant","/income-tax-filing","already-has-link"
"blogs/tax-consultant-sargodha-university-road","City Tax Consultant","/income-tax-filing","already-has-link"
"blogs/tax-consultant-sargodha","City Tax Consultant","/income-tax-filing","already-has-link"
"blogs/tax-consultant-sariab-road-quetta","City Tax Consultant","/income-tax-filing","already-has-link"
"blogs/tax-consultant-satellite-town-gujranwala","City Tax Consultant","/income-tax-filing","already-has-link"
"blogs/tax-consultant-satellite-town-quetta","City Tax Consultant","/income-tax-filing","already-has-link"
"blogs/tax-consultant-satellite-town-rawalpindi","City Tax Consultant","/income-tax-filing","already-has-link"
"blogs/tax-consultant-scheme-33-karachi","City Tax Consultant","/income-tax-filing","already-has-link"
"blogs/tax-consultant-scheme-45-karachi","City Tax Consultant","/income-tax-filing","already-has-link"
"blogs/tax-consultant-seaview-karachi","City Tax Consultant","/income-tax-filing","already-has-link"
"blogs/tax-consultant-sector-c-bahria-lahore","City Tax Consultant","/income-tax-filing","already-has-link"
"blogs/tax-consultant-sector-e-bahria-lahore","City Tax Consultant","/income-tax-filing","already-has-link"
"blogs/tax-consultant-sector-f-bahria-lahore","City Tax Consultant","/income-tax-filing","already-has-link"
"blogs/tax-consultant-sehwan","City Tax Consultant","/income-tax-filing","already-has-link"
"blogs/tax-consultant-shad-bagh-lahore","City Tax Consultant","/income-tax-filing","already-has-link"
"blogs/tax-consultant-shad-bagh-west-lahore","City Tax Consultant","/income-tax-filing","already-has-link"
"blogs/tax-consultant-shadbagh-east-lahore","City Tax Consultant","/income-tax-filing","already-has-link"
"blogs/tax-consultant-shadman-colony-lahore","City Tax Consultant","/income-tax-filing","already-has-link"
"blogs/tax-consultant-shadman-lahore-area","City Tax Consultant","/income-tax-filing","already-has-link"
"blogs/tax-consultant-shadman-lahore","City Tax Consultant","/income-tax-filing","already-has-link"
"blogs/tax-consultant-shafiqabad-lahore","City Tax Consultant","/income-tax-filing","already-has-link"
"blogs/tax-consultant-shah-alam-market-lahore","City Tax Consultant","/income-tax-filing","already-has-link"
"blogs/tax-consultant-shah-faisal-colony-karachi","City Tax Consultant","/income-tax-filing","already-has-link"
"blogs/tax-consultant-shah-latif-town-karachi","City Tax Consultant","/income-tax-filing","already-has-link"
"blogs/tax-consultant-shah-rukn-e-alam-multan","City Tax Consultant","/income-tax-filing","already-has-link"
"blogs/tax-consultant-shahabpura-sialkot","City Tax Consultant","/income-tax-filing","already-has-link"
"blogs/tax-consultant-shahdadkot","City Tax Consultant","/income-tax-filing","already-has-link"
"blogs/tax-consultant-shahdadpur","City Tax Consultant","/income-tax-filing","already-has-link"
"blogs/tax-consultant-shahdara-lahore","City Tax Consultant","/income-tax-filing","already-has-link"
"blogs/tax-consultant-shaheen-park-lahore","City Tax Consultant","/income-tax-filing","already-has-link"
"blogs/tax-consultant-shaheenabad-gujranwala","City Tax Consultant","/income-tax-filing","already-has-link"
"blogs/tax-consultant-shahi-bazar-hyd-hyderabad","City Tax Consultant","/income-tax-filing","already-has-link"
"blogs/tax-consultant-shahpur","City Tax Consultant","/income-tax-filing","already-has-link"
"blogs/tax-consultant-shahrah-e-faisal-karachi","City Tax Consultant","/income-tax-filing","already-has-link"
"blogs/tax-consultant-shakargarh","City Tax Consultant","/income-tax-filing","already-has-link"
"blogs/tax-consultant-shalamar-lahore","City Tax Consultant","/income-tax-filing","already-has-link"
"blogs/tax-consultant-shalimar-lahore","City Tax Consultant","/income-tax-filing","already-has-link"
"blogs/tax-consultant-shalimar-link-road-lahore","City Tax Consultant","/income-tax-filing","already-has-link"
"blogs/tax-consultant-shalimar-town-lahore","City Tax Consultant","/income-tax-filing","already-has-link"
"blogs/tax-consultant-shangla-city","City Tax Consultant","/income-tax-filing","already-has-link"
"blogs/tax-consultant-shangla","City Tax Consultant","/income-tax-filing","already-has-link"
"blogs/tax-consultant-sharaqpur-lahore","City Tax Consultant","/income-tax-filing","already-has-link"
"blogs/tax-consultant-sharjah-pakistanis","City Tax Consultant","/income-tax-filing","already-has-link"
"blogs/tax-consultant-shaukat-town-lahore","City Tax Consultant","/income-tax-filing","already-has-link"
"blogs/tax-consultant-sheffield-pakistanis","City Tax Consultant","/income-tax-filing","already-has-link"
"blogs/tax-consultant-shehzad-town-islamabad","City Tax Consultant","/income-tax-filing","already-has-link"
"blogs/tax-consultant-sheikhupura-city-centre","City Tax Consultant","/income-tax-filing","already-has-link"
"blogs/tax-consultant-sheikhupura-city","City Tax Consultant","/income-tax-filing","already-has-link"
"blogs/tax-consultant-sheikhupura-road-lahore","City Tax Consultant","/income-tax-filing","already-has-link"
"blogs/tax-consultant-sheikhupura","City Tax Consultant","/income-tax-filing","already-has-link"
"blogs/tax-consultant-sheranwala-gate-lahore","City Tax Consultant","/income-tax-filing","already-has-link"
"blogs/tax-consultant-shershah-multan","City Tax Consultant","/income-tax-filing","already-has-link"
"blogs/tax-consultant-shikarpur-city","City Tax Consultant","/income-tax-filing","already-has-link"
"blogs/tax-consultant-shikarpur","City Tax Consultant","/income-tax-filing","already-has-link"
"blogs/tax-consultant-shimla-hill-lahore","City Tax Consultant","/income-tax-filing","already-has-link"
"blogs/tax-consultant-shopkeepers-pakistan","City Tax Consultant","/income-tax-filing","already-has-link"
"blogs/tax-consultant-shujabad","City Tax Consultant","/income-tax-filing","already-has-link"
"blogs/tax-consultant-sialkot","City Tax Consultant","/income-tax-filing","already-has-link"
"blogs/tax-consultant-sibi-city","City Tax Consultant","/income-tax-filing","already-has-link"
"blogs/tax-consultant-sibi","City Tax Consultant","/income-tax-filing","already-has-link"
"blogs/tax-consultant-sillanwali","City Tax Consultant","/income-tax-filing","already-has-link"
"blogs/tax-consultant-sindhi-muslim-colony-hyderabad","City Tax Consultant","/income-tax-filing","already-has-link"
"blogs/tax-consultant-sir-syed-town-lahore","City Tax Consultant","/income-tax-filing","already-has-link"
"blogs/tax-consultant-site-area-karachi","City Tax Consultant","/income-tax-filing","already-has-link"
"blogs/tax-consultant-site-industrial-karachi","City Tax Consultant","/income-tax-filing","already-has-link"
"blogs/tax-consultant-site-karachi","City Tax Consultant","/income-tax-filing","already-has-link"
"blogs/tax-consultant-skardu-city","City Tax Consultant","/income-tax-filing","already-has-link"
"blogs/tax-consultant-skardu","City Tax Consultant","/income-tax-filing","already-has-link"
"blogs/tax-consultant-soan-garden-islamabad","City Tax Consultant","/income-tax-filing","already-has-link"
"blogs/tax-consultant-sohawa","City Tax Consultant","/income-tax-filing","already-has-link"
"blogs/tax-consultant-soldier-bazaar-karachi","City Tax Consultant","/income-tax-filing","already-has-link"
"blogs/tax-consultant-southall-pakistanis","City Tax Consultant","/income-tax-filing","already-has-link"
"blogs/tax-consultant-spini-road-quetta","City Tax Consultant","/income-tax-filing","already-has-link"
"blogs/tax-consultant-state-life-housing-lahore","City Tax Consultant","/income-tax-filing","already-has-link"
"blogs/tax-consultant-state-life-phase-2-lahore","City Tax Consultant","/income-tax-filing","already-has-link"
"blogs/tax-consultant-sudhnati-ajk","City Tax Consultant","/income-tax-filing","already-has-link"
"blogs/tax-consultant-sui-gas-society-lahore","City Tax Consultant","/income-tax-filing","already-has-link"
"blogs/tax-consultant-sujawal","City Tax Consultant","/income-tax-filing","already-has-link"
"blogs/tax-consultant-sukh-chain-lahore","City Tax Consultant","/income-tax-filing","already-has-link"
"blogs/tax-consultant-sukkur-civil-lines","City Tax Consultant","/income-tax-filing","already-has-link"
"blogs/tax-consultant-sukkur-new-city","City Tax Consultant","/income-tax-filing","already-has-link"
"blogs/tax-consultant-sukkur-new-sukkur","City Tax Consultant","/income-tax-filing","already-has-link"
"blogs/tax-consultant-sukkur","City Tax Consultant","/income-tax-filing","already-has-link"
"blogs/tax-consultant-sundar-industrial-lahore","City Tax Consultant","/income-tax-filing","already-has-link"
"blogs/tax-consultant-sundar-lahore","City Tax Consultant","/income-tax-filing","already-has-link"
"blogs/tax-consultant-sundar-road-lahore","City Tax Consultant","/income-tax-filing","already-has-link"
"blogs/tax-consultant-superhighway-karachi","City Tax Consultant","/income-tax-filing","already-has-link"
"blogs/tax-consultant-surjani-town-karachi","City Tax Consultant","/income-tax-filing","already-has-link"
"blogs/tax-consultant-susan-road-faisalabad","City Tax Consultant","/income-tax-filing","already-has-link"
"blogs/tax-consultant-swabi-city","City Tax Consultant","/income-tax-filing","already-has-link"
"blogs/tax-consultant-swabi","City Tax Consultant","/income-tax-filing","already-has-link"
"blogs/tax-consultant-swat-mingora-road","City Tax Consultant","/income-tax-filing","already-has-link"
"blogs/tax-consultant-swat","City Tax Consultant","/income-tax-filing","already-has-link"
"blogs/tax-consultant-sydney-pakistanis","City Tax Consultant","/income-tax-filing","already-has-link"
"blogs/tax-consultant-tajpura-lahore","City Tax Consultant","/income-tax-filing","already-has-link"
"blogs/tax-consultant-talagang","City Tax Consultant","/income-tax-filing","already-has-link"
"blogs/tax-consultant-tandlianwala","City Tax Consultant","/income-tax-filing","already-has-link"
"blogs/tax-consultant-tando-adam-city","City Tax Consultant","/income-tax-filing","already-has-link"
"blogs/tax-consultant-tando-adam","City Tax Consultant","/income-tax-filing","already-has-link"
"blogs/tax-consultant-tando-allahyar-city","City Tax Consultant","/income-tax-filing","already-has-link"
"blogs/tax-consultant-tando-allahyar","City Tax Consultant","/income-tax-filing","already-has-link"
"blogs/tax-consultant-tando-road-hyderabad","City Tax Consultant","/income-tax-filing","already-has-link"
"blogs/tax-consultant-tank-city","City Tax Consultant","/income-tax-filing","already-has-link"
"blogs/tax-consultant-tank","City Tax Consultant","/income-tax-filing","already-has-link"
"blogs/tax-consultant-tariq-road-karachi","City Tax Consultant","/income-tax-filing","already-has-link"
"blogs/tax-consultant-tarlai-islamabad","City Tax Consultant","/income-tax-filing","already-has-link"
"blogs/tax-consultant-tauheed-block-bahria-lahore","City Tax Consultant","/income-tax-filing","already-has-link"
"blogs/tax-consultant-taunsa-sharif","City Tax Consultant","/income-tax-filing","already-has-link"
"blogs/tax-consultant-taxali-gate-lahore","City Tax Consultant","/income-tax-filing","already-has-link"
"blogs/tax-consultant-taxila-rawalpindi","City Tax Consultant","/income-tax-filing","already-has-link"
"blogs/tax-consultant-taxila","City Tax Consultant","/income-tax-filing","already-has-link"
"blogs/tax-consultant-teachers-pakistan","City Tax Consultant","/income-tax-filing","already-has-link"
"blogs/tax-consultant-temple-road-lahore","City Tax Consultant","/income-tax-filing","already-has-link"
"blogs/tax-consultant-tharparkar","City Tax Consultant","/income-tax-filing","already-has-link"
"blogs/tax-consultant-thatta-city","City Tax Consultant","/income-tax-filing","already-has-link"
"blogs/tax-consultant-thatta","City Tax Consultant","/income-tax-filing","already-has-link"
"blogs/tax-consultant-thokar-niaz-baig-lahore","City Tax Consultant","/income-tax-filing","already-has-link"
"blogs/tax-consultant-thokar-niaz-baig-road-lahore","City Tax Consultant","/income-tax-filing","already-has-link"
"blogs/tax-consultant-timber-market-karachi","City Tax Consultant","/income-tax-filing","already-has-link"
"blogs/tax-consultant-timber-market-lahore","City Tax Consultant","/income-tax-filing","already-has-link"
"blogs/tax-consultant-timergara","City Tax Consultant","/income-tax-filing","already-has-link"
"blogs/tax-consultant-toba-tek-singh-city","City Tax Consultant","/income-tax-filing","already-has-link"
"blogs/tax-consultant-toba-tek-singh","City Tax Consultant","/income-tax-filing","already-has-link"
"blogs/tax-consultant-topi","City Tax Consultant","/income-tax-filing","already-has-link"
"blogs/tax-consultant-toronto-pakistanis","City Tax Consultant","/income-tax-filing","already-has-link"
"blogs/tax-consultant-township-sector-a-lahore","City Tax Consultant","/income-tax-filing","already-has-link"
"blogs/tax-consultant-township-sector-b1-lahore","City Tax Consultant","/income-tax-filing","already-has-link"
"blogs/tax-consultant-township-sector-b2-lahore","City Tax Consultant","/income-tax-filing","already-has-link"
"blogs/tax-consultant-township-sector-c-lahore","City Tax Consultant","/income-tax-filing","already-has-link"
"blogs/tax-consultant-township-sector-d-lahore","City Tax Consultant","/income-tax-filing","already-has-link"
"blogs/tax-consultant-traders-pakistan","City Tax Consultant","/income-tax-filing","already-has-link"
"blogs/tax-consultant-trust-colony-gujranwala","City Tax Consultant","/income-tax-filing","already-has-link"
"blogs/tax-consultant-tulamba","City Tax Consultant","/income-tax-filing","already-has-link"
"blogs/tax-consultant-tulip-block-bahria-lahore","City Tax Consultant","/income-tax-filing","already-has-link"
"blogs/tax-consultant-turbat-city","City Tax Consultant","/income-tax-filing","already-has-link"
"blogs/tax-consultant-turbat","City Tax Consultant","/income-tax-filing","already-has-link"
"blogs/tax-consultant-uch-sharif","City Tax Consultant","/income-tax-filing","already-has-link"
"blogs/tax-consultant-uet-housing-society-lahore","City Tax Consultant","/income-tax-filing","already-has-link"
"blogs/tax-consultant-umerkot-city","City Tax Consultant","/income-tax-filing","already-has-link"
"blogs/tax-consultant-umerkot","City Tax Consultant","/income-tax-filing","already-has-link"
"blogs/tax-consultant-unit-1-hyd-hyderabad","City Tax Consultant","/income-tax-filing","already-has-link"
"blogs/tax-consultant-unit-6-hyd-hyderabad","City Tax Consultant","/income-tax-filing","already-has-link"
"blogs/tax-consultant-unit-9-hyd-hyderabad","City Tax Consultant","/income-tax-filing","already-has-link"
"blogs/tax-consultant-university-road-sargodha","City Tax Consultant","/income-tax-filing","already-has-link"
"blogs/tax-consultant-university-town-peshawar","City Tax Consultant","/income-tax-filing","already-has-link"
"blogs/tax-consultant-upper-dir","City Tax Consultant","/income-tax-filing","already-has-link"
"blogs/tax-consultant-upper-mall-lahore","City Tax Consultant","/income-tax-filing","already-has-link"
"blogs/tax-consultant-urdu-bazaar-lahore","City Tax Consultant","/income-tax-filing","already-has-link"
"blogs/tax-consultant-valencia-block-a-lahore","City Tax Consultant","/income-tax-filing","already-has-link"
"blogs/tax-consultant-valencia-block-b-lahore","City Tax Consultant","/income-tax-filing","already-has-link"
"blogs/tax-consultant-valencia-block-c-lahore","City Tax Consultant","/income-tax-filing","already-has-link"
"blogs/tax-consultant-valencia-block-d-lahore","City Tax Consultant","/income-tax-filing","already-has-link"
"blogs/tax-consultant-valencia-block-e-lahore","City Tax Consultant","/income-tax-filing","already-has-link"
"blogs/tax-consultant-valencia-block-f-lahore","City Tax Consultant","/income-tax-filing","already-has-link"
"blogs/tax-consultant-valencia-lahore","City Tax Consultant","/income-tax-filing","already-has-link"
"blogs/tax-consultant-valencia-phase-2-lahore","City Tax Consultant","/income-tax-filing","already-has-link"
"blogs/tax-consultant-valencia-town-lahore","City Tax Consultant","/income-tax-filing","already-has-link"
"blogs/tax-consultant-vancouver-pakistanis","City Tax Consultant","/income-tax-filing","already-has-link"
"blogs/tax-consultant-vehari-city","City Tax Consultant","/income-tax-filing","already-has-link"
"blogs/tax-consultant-vehari-road-multan","City Tax Consultant","/income-tax-filing","already-has-link"
"blogs/tax-consultant-vehari","City Tax Consultant","/income-tax-filing","already-has-link"
"blogs/tax-consultant-wah-cantt-rawalpindi","City Tax Consultant","/income-tax-filing","already-has-link"
"blogs/tax-consultant-wah-cantt","City Tax Consultant","/income-tax-filing","already-has-link"
"blogs/tax-consultant-wahdat-road-lahore","City Tax Consultant","/income-tax-filing","already-has-link"
"blogs/tax-consultant-walled-city-lahore","City Tax Consultant","/income-tax-filing","already-has-link"
"blogs/tax-consultant-walton-lahore","City Tax Consultant","/income-tax-filing","already-has-link"
"blogs/tax-consultant-walton-road-lahore","City Tax Consultant","/income-tax-filing","already-has-link"
"blogs/tax-consultant-wapda-city-multan","City Tax Consultant","/income-tax-filing","already-has-link"
"blogs/tax-consultant-wapda-officers-colony-lahore","City Tax Consultant","/income-tax-filing","already-has-link"
"blogs/tax-consultant-wapda-town-gujranwala","City Tax Consultant","/income-tax-filing","already-has-link"
"blogs/tax-consultant-wapda-town-lahore-lahore","City Tax Consultant","/income-tax-filing","already-has-link"
"blogs/tax-consultant-wapda-town-phase-1-lahore","City Tax Consultant","/income-tax-filing","already-has-link"
"blogs/tax-consultant-wapda-town-phase-2-lahore","City Tax Consultant","/income-tax-filing","already-has-link"
"blogs/tax-consultant-war-memorial-faisalabad","City Tax Consultant","/income-tax-filing","already-has-link"
"blogs/tax-consultant-warsak-road-peshawar","City Tax Consultant","/income-tax-filing","already-has-link"
"blogs/tax-consultant-washington-dc-pakistanis","City Tax Consultant","/income-tax-filing","already-has-link"
"blogs/tax-consultant-washuk","City Tax Consultant","/income-tax-filing","already-has-link"
"blogs/tax-consultant-wazirabad","City Tax Consultant","/income-tax-filing","already-has-link"
"blogs/tax-consultant-westridge-rawalpindi","City Tax Consultant","/income-tax-filing","already-has-link"
"blogs/tax-consultant-yakki-gate-lahore","City Tax Consultant","/income-tax-filing","already-has-link"
"blogs/tax-consultant-yazman","City Tax Consultant","/income-tax-filing","already-has-link"
"blogs/tax-consultant-younas-colony-lahore","City Tax Consultant","/income-tax-filing","already-has-link"
"blogs/tax-consultant-zafar-ali-road-lahore","City Tax Consultant","/income-tax-filing","already-has-link"
"blogs/tax-consultant-zafarwal","City Tax Consultant","/income-tax-filing","already-has-link"
"blogs/tax-consultant-zahoor-elahi-road-lahore","City Tax Consultant","/income-tax-filing","already-has-link"
"blogs/tax-consultant-zamzama-karachi","City Tax Consultant","/income-tax-filing","already-has-link"
"blogs/tax-consultant-zarghoon-road-quetta","City Tax Consultant","/income-tax-filing","already-has-link"
"blogs/tax-consultant-zero-point-islamabad","City Tax Consultant","/income-tax-filing","already-has-link"
"blogs/tax-consultant-zhob-city","City Tax Consultant","/income-tax-filing","already-has-link"
"blogs/tax-consultant-zhob","City Tax Consultant","/income-tax-filing","already-has-link"
"blogs/tax-consultant-ziarat","City Tax Consultant","/income-tax-filing","already-has-link"
"blogs/tax-filing-pensioners-pakistan","Income Tax Filing","/income-tax-filing","already-has-link"
"blogs/tax-for-commission-agents-pakistan","General Tax","/income-tax-return-pakistan","already-has-link"
"blogs/tax-for-contractors-pakistan-2026","General Tax","/income-tax-return-pakistan","already-has-link"
"blogs/tax-for-doctors-pakistan-2026","General Tax","/income-tax-return-pakistan","already-has-link"
"blogs/tax-for-ecommerce-sellers-pakistan","E-commerce Tax","/amazon-seller-tax-pakistan","ADDED"
"blogs/tax-for-engineers-pakistan-2026","General Tax","/income-tax-return-pakistan","already-has-link"
"blogs/tax-for-farmers-agriculture-pakistan","General Tax","/income-tax-return-pakistan","already-has-link"
"blogs/tax-for-freelancers-guide-pakistan","Freelancer Tax","/freelancer-tax-pakistan","already-has-link"
"blogs/tax-for-housewives-homemakers-pakistan","Property Tax","/tax-on-commercial-property-pakistan","already-has-link"
"blogs/tax-for-it-professionals-pakistan","General Tax","/income-tax-return-pakistan","already-has-link"
"blogs/tax-for-lawyers-pakistan-2026","General Tax","/income-tax-return-pakistan","already-has-link"
"blogs/tax-for-property-investors-pakistan-2026","Property Tax","/tax-on-commercial-property-pakistan","ADDED"
"blogs/tax-for-smes-pakistan-2026","General Tax","/income-tax-return-pakistan","already-has-link"
"blogs/tax-for-social-media-influencers-pakistan","General Tax","/income-tax-return-pakistan","already-has-link"
"blogs/tax-for-startups-pakistan-2026","General Tax","/income-tax-return-pakistan","already-has-link"
"blogs/tax-for-stock-investors-pakistan-2026","General Tax","/income-tax-return-pakistan","ADDED"
"blogs/tax-for-teachers-pakistan-2026","General Tax","/income-tax-return-pakistan","already-has-link"
"blogs/tax-for-transporters-pakistan-2026","General Tax","/income-tax-return-pakistan","already-has-link"
"blogs/tax-for-youtube-content-creators-pakistan-2026","General Tax","/income-tax-return-pakistan","already-has-link"
"blogs/tax-for-youtubers-pakistan-2026","General Tax","/income-tax-return-pakistan","already-has-link"
"blogs/tax-on-agriculture-income-pakistan","General Tax","/income-tax-return-pakistan","already-has-link"
"blogs/tax-on-bank-profit-pakistan-2026","General Tax","/income-tax-return-pakistan","ADDED"
"blogs/tax-on-bank-profit-pakistan","General Tax","/income-tax-return-pakistan","ADDED"
"blogs/tax-on-bonus-income-pakistan","General Tax","/income-tax-return-pakistan","already-has-link"
"blogs/tax-on-car-purchase-pakistan","General Tax","/income-tax-return-pakistan","already-has-link"
"blogs/tax-on-cryptocurrency-pakistan-2026","Crypto Tax","/crypto-tax-rules-pakistan-2026","ADDED"
"blogs/tax-on-dividend-income-pakistan","General Tax","/income-tax-return-pakistan","already-has-link"
"blogs/tax-on-foreign-income-pakistan","General Tax","/income-tax-return-pakistan","already-has-link"
"blogs/tax-on-foreign-remittance-pakistan-2026","General Tax","/income-tax-return-pakistan","already-has-link"
"blogs/tax-on-foreign-remittance-pakistan","General Tax","/income-tax-return-pakistan","ADDED"
"blogs/tax-on-foreign-remittances-pakistan-2026","General Tax","/income-tax-return-pakistan","already-has-link"
"blogs/tax-on-gold-jewelry-pakistan","General Tax","/income-tax-return-pakistan","already-has-link"
"blogs/tax-on-inheritance-pakistan","General Tax","/income-tax-return-pakistan","ADDED"
"blogs/tax-on-prize-bonds-pakistan-2026","General Tax","/income-tax-return-pakistan","already-has-link"
"blogs/tax-on-property-sale-pakistan-2026","Property Tax","/tax-on-commercial-property-pakistan","already-has-link"
"blogs/tax-on-rental-income-pakistan-2026","Property Tax","/tax-on-commercial-property-pakistan","already-has-link"
"blogs/tax-on-salary-pakistan-2026","Salaried Tax","/salaried-person-tax-return-pakistan","ADDED"
"blogs/tax-on-savings-certificates-pakistan-2026","General Tax","/income-tax-return-pakistan","already-has-link"
"blogs/tax-on-shares-pakistan-2026","General Tax","/income-tax-return-pakistan","already-has-link"
"blogs/tax-on-software-exports-pakistan","IT Export Tax","/blogs/it-export-income-tax-pakistan","already-has-link"
"blogs/tax-on-vehicle-registration-pakistan","General Tax","/income-tax-return-pakistan","ADDED"
"blogs/tax-planning-tips-pakistan-2026","General Tax","/income-tax-return-pakistan","ADDED"
"blogs/tax-refund-pakistan-2026","General Tax","/income-tax-return-pakistan","ADDED"
"blogs/tax-return-deadline-extension-2026","Income Tax Filing","/income-tax-filing","already-has-link"
"blogs/tax-return-for-freelancers-2026","Income Tax Filing","/income-tax-filing","already-has-link"
"blogs/tax-return-salaried-employee-pakistan","Income Tax Filing","/income-tax-filing","already-has-link"
"blogs/tax-saving-tips-pakistan-2026","General Tax","/income-tax-return-pakistan","ADDED"
"blogs/token-tax-pakistan-2026","General Tax","/income-tax-return-pakistan","ADDED"
"blogs/turnover-tax-pakistan-2026","General Tax","/income-tax-return-pakistan","already-has-link"
"blogs/types-of-fbr-notices-pakistan","FBR Procedures","/fbr-ntn-registration-guide","ADDED"
"blogs/wealth-statement-guide-pakistan-2026","Income Tax Filing","/income-tax-filing","already-has-link"
"blogs/wht-on-dividends-pakistan-2026","Withholding Tax","/withholding-tax","already-has-link"
"blogs/wht-rate-filer-non-filer-pakistan","Withholding Tax","/withholding-tax","already-has-link"
"blogs/why-kamboh-associates-best-tax-consultant-pakistan","City Tax Consultant","/income-tax-filing","already-has-link"
"blogs/withholding-agent-responsibilities-pakistan","Withholding Tax","/withholding-tax","already-has-link"
"blogs/withholding-tax-agent-registration-pakistan","Withholding Tax","/withholding-tax","already-has-link"
"blogs/withholding-tax-on-contracts-pakistan","Withholding Tax","/withholding-tax","already-has-link"
"blogs/withholding-tax-on-services-pakistan","Withholding Tax","/withholding-tax","already-has-link"
"blogs/withholding-tax-pakistan-2026","Withholding Tax","/withholding-tax","already-has-link"
"blogs/withholding-tax-rates-pakistan-2026","Withholding Tax","/withholding-tax","already-has-link"