slug,primary_kw,word_count,kw_in_title,kw_in_h1,kw_in_meta,kw_in_slug,lsi_terms
"about","about",741,1,1,0,1,"fbr|income tax ordinance|pakistan|tax consultant|kamboh associates"
"ai-business-tax-pakistan","ai business tax",1129,1,1,1,1,"fbr|income tax ordinance|pakistan|tax consultant|kamboh associates"
"amazon-fba-tax-pakistan","amazon fba tax",1060,1,1,1,1,"fbr|income tax ordinance|pakistan|tax consultant|kamboh associates"
"amazon-seller-tax-pakistan","amazon seller tax",985,1,1,1,1,"fbr|income tax ordinance|pakistan|tax consultant|kamboh associates"
"annual-company-filing-guide-pakistan","annual company filing guide",1081,1,1,1,1,"fbr|income tax ordinance|pakistan|tax consultant|kamboh associates"
"aop-tax-return","aop tax return pakistan 2026",741,1,1,1,1,"fbr|income tax ordinance|pakistan|tax consultant|kamboh associates"
"atl-pakistan-guide","atl pakistan guide",1396,1,1,1,1,"fbr|income tax ordinance|pakistan|tax consultant|kamboh associates"
"atl-registration-lahore","atl registration lahore",764,1,1,1,1,"fbr|income tax ordinance|pakistan|tax consultant|kamboh associates"
"best-business-structure-pakistan","business structure",1474,1,1,1,1,"fbr|income tax ordinance|pakistan|tax consultant|kamboh associates"
"brand-name-registration-guide-pakistan","brand name registration guide pakistan 2026 - …",1076,1,1,1,1,"fbr|income tax ordinance|pakistan|tax consultant|kamboh associates"
"business-advisory","business advisory & tax planning pakistan",286,1,1,1,1,"fbr|income tax ordinance|pakistan|tax consultant|kamboh associates"
"business-compliance-checklist-pakistan","business compliance checklist",1070,1,1,1,1,"fbr|income tax ordinance|pakistan|tax consultant|kamboh associates"
"company-registration-consultant-lahore","company registration consultant lahore",759,1,1,1,1,"secp|pvt ltd|pvt limited|memorandum of association|incorporation certificate"
"contact","contact",538,1,1,1,1,"fbr|income tax ordinance|pakistan|tax consultant|kamboh associates"
"corporate-tax-consultant-lahore","corporate tax consultant lahore",764,1,1,1,1,"fbr|income tax ordinance|pakistan|tax consultant|kamboh associates"
"corporate-tax-return","corporate tax return filing pakistan 2026",1309,1,1,1,1,"fbr|income tax ordinance|pakistan|tax consultant|kamboh associates"
"creator-economy-tax-pakistan","creator economy tax",857,1,1,1,1,"fbr|income tax ordinance|pakistan|tax consultant|kamboh associates"
"crypto-tax-rules-pakistan-2026","crypto tax rules",1114,1,1,1,1,"fbr|income tax ordinance|pakistan|tax consultant|kamboh associates"
"digital-agency-compliance-pakistan","digital agency compliance",894,1,1,1,1,"fbr|income tax ordinance|pakistan|tax consultant|kamboh associates"
"digital-marketing-agency-tax-pakistan","digital marketing agency tax",1088,1,1,1,1,"fbr|income tax ordinance|pakistan|tax consultant|kamboh associates"
"disclaimer","tax advice disclaimer",308,1,1,1,0,"fbr|income tax ordinance|pakistan|tax consultant|kamboh associates"
"documents-income-tax-return-pakistan","documents income tax return",1141,1,1,1,1,"fbr return|iris filing|tax return pakistan|annual return|wealth statement|acknowledgment"
"dropshipping-tax-pakistan","dropshipping tax",1056,1,1,1,1,"fbr|income tax ordinance|pakistan|tax consultant|kamboh associates"
"eobi-registration-guide-pakistan","eobi registration guide",1069,1,1,1,1,"fbr|income tax ordinance|pakistan|tax consultant|kamboh associates"
"eobi-registration","eobi registration",642,1,1,1,1,"fbr|income tax ordinance|pakistan|tax consultant|kamboh associates"
"export-services-tax-exemption-pakistan","export services tax exemption",861,1,1,1,1,"fbr|income tax ordinance|pakistan|tax consultant|kamboh associates"
"fbr-consultant-near-me-lahore","fbr consultant near me lahore 2026",762,1,1,1,1,"fbr|income tax ordinance|pakistan|tax consultant|kamboh associates"
"fbr-notice-after-tax-return-pakistan","fbr notice after tax return",1080,1,1,1,1,"fbr|income tax ordinance|pakistan|tax consultant|kamboh associates"
"fbr-notice-defense","fbr notice defense service pakistan 2026",1343,1,1,1,1,"fbr|income tax ordinance|pakistan|tax consultant|kamboh associates"
"fbr-ntn-registration-guide","how to become a filer in pakistan 2026",916,1,1,1,0,"active taxpayer list|atl|filer benefits|non-filer tax|withholding tax rates"
"fbr-registration-new-business-pakistan","fbr registration new business",1354,1,1,1,1,"fbr|income tax ordinance|pakistan|tax consultant|kamboh associates"
"filer-vs-nonfiler-pakistan","filer vs nonfiler",1617,1,1,1,1,"active taxpayer list|atl|filer benefits|non-filer tax|withholding tax rates"
"fiverr-income-tax-pakistan","fiverr income tax",988,1,1,1,1,"fbr|income tax ordinance|pakistan|tax consultant|kamboh associates"
"fiverr-tax-guide-pakistan","fiverr tax guide",1219,1,1,1,1,"fbr|income tax ordinance|pakistan|tax consultant|kamboh associates"
"freelancer-filer-pakistan","freelancer filer",1107,1,1,1,1,"active taxpayer list|atl|filer benefits|non-filer tax|withholding tax rates"
"freelancer-ntn-registration-pakistan","freelancer ntn registration",944,1,1,1,1,"national tax number|ntn number|fbr registration|iris registration|tax filer|atl|ntn certificate"
"freelancer-tax-pakistan","freelancer tax",698,1,1,1,1,"fbr|income tax ordinance|pakistan|tax consultant|kamboh associates"
"freelancer-wealth-statement-guide","freelancer wealth statement pakistan 2026",808,1,1,1,1,"fbr|income tax ordinance|pakistan|tax consultant|kamboh associates"
"gst-calculator","gst calculator",310,1,1,1,1,"fbr|income tax ordinance|pakistan|tax consultant|kamboh associates"
"gst-registration-lahore","gst registration lahore 2026 - sales tax services",761,1,1,1,1,"gst pakistan|strn|input tax|output tax|monthly return|sales tax invoice"
"how-to-become-active-taxpayer-pakistan","how to become active taxpayer",2086,1,1,1,1,"fbr|income tax ordinance|pakistan|tax consultant|kamboh associates"
"how-to-check-atl-status-pakistan","how to check atl status",1208,1,1,0,1,"fbr|income tax ordinance|pakistan|tax consultant|kamboh associates"
"how-to-respond-to-tax-notices-pakistan","how to respond to fbr tax notice pakistan 2026",1067,1,1,0,1,"fbr|income tax ordinance|pakistan|tax consultant|kamboh associates"
"import-export-registration","import export registration",737,1,1,1,1,"fbr|income tax ordinance|pakistan|tax consultant|kamboh associates"
"income-estimator","income estimator",290,1,1,1,1,"fbr|income tax ordinance|pakistan|tax consultant|kamboh associates"
"income-tax-consultant-dha-lahore","income tax consultant dha lahore",778,1,1,1,1,"fbr|income tax ordinance|pakistan|tax consultant|kamboh associates"
"income-tax-filing","income tax filing pakistan | fbr certified",982,1,1,1,1,"fbr|income tax ordinance|pakistan|tax consultant|kamboh associates"
"income-tax-return-filing-cost-pakistan","income tax return filing cost",1461,1,1,1,1,"fbr return|iris filing|tax return pakistan|annual return|wealth statement|acknowledgment"
"income-tax-return-filing-lahore","income tax return filing lahore",767,1,1,1,1,"fbr return|iris filing|tax return pakistan|annual return|wealth statement|acknowledgment"
"income-tax-return-mistakes-pakistan","income tax return mistakes",1598,1,1,1,1,"fbr return|iris filing|tax return pakistan|annual return|wealth statement|acknowledgment"
"income-tax-return-pakistan","income tax return",810,1,1,1,1,"fbr return|iris filing|tax return pakistan|annual return|wealth statement|acknowledgment"
"influencer-tax-guide-pakistan","influencer tax guide",835,1,1,1,1,"fbr|income tax ordinance|pakistan|tax consultant|kamboh associates"
"kpra-registration-guide-pakistan","kpra registration guide pakistan 2026 - khyber …",1065,1,1,1,1,"fbr|income tax ordinance|pakistan|tax consultant|kamboh associates"
"logo-registration-process-pakistan","logo registration process",1081,1,1,1,1,"fbr|income tax ordinance|pakistan|tax consultant|kamboh associates"
"nft-tax-pakistan-2026","nft tax",1016,1,1,1,1,"fbr|income tax ordinance|pakistan|tax consultant|kamboh associates"
"ntn-application-rejection-reasons-pakistan","ntn rejection reasons pakistan 2026 — how to fix",1226,1,1,1,1,"fbr|income tax ordinance|pakistan|tax consultant|kamboh associates"
"ntn-registration-cost-pakistan","ntn registration cost",1049,1,1,1,1,"national tax number|ntn number|fbr registration|iris registration|tax filer|atl|ntn certificate"
"ntn-registration-gulberg-lahore","ntn registration services in gulberg lahore 2026",764,1,1,1,1,"national tax number|ntn number|fbr registration|iris registration|tax filer|atl|ntn certificate"
"ntn-registration-lahore","ntn registration lahore",761,1,1,1,1,"national tax number|ntn number|fbr registration|iris registration|tax filer|atl|ntn certificate"
"ntn-registration-time-pakistan","ntn registration time",1008,1,1,1,1,"national tax number|ntn number|fbr registration|iris registration|tax filer|atl|ntn certificate"
"ntn-registration","ntn registration pakistan 2026 — online fbr guide",1012,1,1,1,1,"national tax number|ntn number|fbr registration|iris registration|tax filer|atl|ntn certificate"
"online-business-registration-pakistan","business registration",1254,1,1,1,1,"fbr|income tax ordinance|pakistan|tax consultant|kamboh associates"
"online-coaching-business-tax-pakistan","coaching business tax",735,1,1,1,1,"fbr|income tax ordinance|pakistan|tax consultant|kamboh associates"
"online-course-creator-tax-pakistan","course creator tax",911,1,1,1,1,"fbr|income tax ordinance|pakistan|tax consultant|kamboh associates"
"payoneer-tax-pakistan","payoneer tax",880,1,1,1,1,"fbr|income tax ordinance|pakistan|tax consultant|kamboh associates"
"pra-registration-guide-pakistan","pra registration guide",1074,1,1,1,1,"fbr|income tax ordinance|pakistan|tax consultant|kamboh associates"
"pricing","pricing",1141,1,1,1,1,"fbr|income tax ordinance|pakistan|tax consultant|kamboh associates"
"privacy","privacy policy",311,1,1,1,1,"fbr|income tax ordinance|pakistan|tax consultant|kamboh associates"
"regulatory-compliance-requirements-2026","regulatory compliance requirements",2043,1,1,1,1,"fbr|income tax ordinance|pakistan|tax consultant|kamboh associates"
"remote-worker-tax-guide-pakistan","remote worker tax guide",1103,1,1,1,1,"fbr|income tax ordinance|pakistan|tax consultant|kamboh associates"
"rental-income-tax-calculator-pakistan","rental income tax calculator",1074,1,1,1,1,"fbr|income tax ordinance|pakistan|tax consultant|kamboh associates"
"saas-company-tax-pakistan","saas company tax",1117,1,1,1,1,"fbr|income tax ordinance|pakistan|tax consultant|kamboh associates"
"salaried-person-tax-return-pakistan","salaried person tax return",1628,1,1,1,1,"fbr|income tax ordinance|pakistan|tax consultant|kamboh associates"
"salary-calculator","salary calculator",318,1,1,1,1,"fbr|income tax ordinance|pakistan|tax consultant|kamboh associates"
"sales-tax-consultant-lahore","sales tax consultant lahore",764,1,1,1,1,"gst pakistan|strn|input tax|output tax|monthly return|sales tax invoice"
"sales-tax-registration","strn sales tax registration pakistan",1054,1,1,1,0,"gst pakistan|strn|input tax|output tax|monthly return|sales tax invoice"
"sales-tax-return","sales tax return",683,1,1,1,1,"gst pakistan|strn|input tax|output tax|monthly return|sales tax invoice"
"secp-company-registration-guide-2026","secp company registration pakistan 2026 &mdash; …",2362,1,1,1,1,"secp|pvt ltd|pvt limited|memorandum of association|incorporation certificate"
"secp-vs-sole-proprietorship-pakistan","secp vs sole proprietorship",1286,1,1,1,1,"fbr|income tax ordinance|pakistan|tax consultant|kamboh associates"
"shopify-business-registration-pakistan","shopify business registration",933,1,1,1,1,"fbr|income tax ordinance|pakistan|tax consultant|kamboh associates"
"shopify-seller-tax-pakistan","shopify seller tax",999,1,1,1,1,"fbr|income tax ordinance|pakistan|tax consultant|kamboh associates"
"social-security-registration-pakistan","social security registration",1074,1,1,1,1,"fbr|income tax ordinance|pakistan|tax consultant|kamboh associates"
"software-house-tax-pakistan","software house tax",1101,1,1,1,1,"fbr|income tax ordinance|pakistan|tax consultant|kamboh associates"
"srb-registration-guide-pakistan","srb registration guide",1065,1,1,1,1,"fbr|income tax ordinance|pakistan|tax consultant|kamboh associates"
"startup-registration-pakistan","startup registration",1323,1,1,1,1,"fbr|income tax ordinance|pakistan|tax consultant|kamboh associates"
"stripe-income-tax-pakistan","stripe income tax",965,1,1,1,1,"fbr|income tax ordinance|pakistan|tax consultant|kamboh associates"
"subscription-business-tax-pakistan","subscription business tax",776,1,1,1,1,"fbr|income tax ordinance|pakistan|tax consultant|kamboh associates"
"tax-audit-consultant-lahore","tax audit consultant lahore",873,1,1,1,1,"fbr|income tax ordinance|pakistan|tax consultant|kamboh associates"
"tax-audit-preparation-checklist-pakistan","tax audit preparation checklist",1077,1,1,1,1,"fbr|income tax ordinance|pakistan|tax consultant|kamboh associates"
"tax-audit-preparation-checklist","tax audit preparation checklist pakistan 2026",1077,1,1,1,1,"fbr|income tax ordinance|pakistan|tax consultant|kamboh associates"
"tax-benefits-filer-pakistan","tax benefits filer",590,1,1,1,1,"active taxpayer list|atl|filer benefits|non-filer tax|withholding tax rates"
"tax-calculator","tax calculator",276,1,1,1,1,"fbr|income tax ordinance|pakistan|tax consultant|kamboh associates"
"tax-consultant-allama-iqbal-town-lahore","tax consultant in allama iqbal town lahore 2026",797,1,1,1,1,"fbr|income tax ordinance|pakistan|tax consultant|kamboh associates"
"tax-consultant-cavalry-ground-lahore","tax consultant in cavalry ground lahore 2026",831,1,1,1,1,"fbr|income tax ordinance|pakistan|tax consultant|kamboh associates"
"tax-consultant-faisal-town-lahore","tax consultant in faisal town lahore 2026",780,1,1,1,1,"fbr|income tax ordinance|pakistan|tax consultant|kamboh associates"
"tax-consultant-garden-town-lahore","tax consultant in garden town lahore 2026",780,1,1,1,1,"fbr|income tax ordinance|pakistan|tax consultant|kamboh associates"
"tax-consultant-gulshan-ravi-lahore","tax consultant in gulshan ravi lahore 2026",836,1,1,1,1,"fbr|income tax ordinance|pakistan|tax consultant|kamboh associates"
"tax-consultant-johar-town-lahore","best tax consultant in johar town lahore 2026",781,1,1,0,0,"fbr|income tax ordinance|pakistan|tax consultant|kamboh associates"
"tax-consultant-lahore-cantt","tax consultant in lahore cantt 2026",765,1,1,1,1,"fbr|income tax ordinance|pakistan|tax consultant|kamboh associates"
"tax-consultant-model-town-lahore","tax consultant in model town lahore 2026",782,1,1,1,1,"fbr|income tax ordinance|pakistan|tax consultant|kamboh associates"
"tax-consultant-samanabad-lahore","tax consultant in samanabad lahore 2026",949,1,1,1,1,"fbr|income tax ordinance|pakistan|tax consultant|kamboh associates"
"tax-consultant-shadman-lahore","tax consultant in shadman lahore 2026",878,1,1,1,1,"fbr|income tax ordinance|pakistan|tax consultant|kamboh associates"
"tax-consultant-township-lahore","tax consultant in township lahore 2026",765,1,1,1,1,"fbr|income tax ordinance|pakistan|tax consultant|kamboh associates"
"tax-consultant-wapda-town-lahore","tax consultant in wapda town lahore 2026",782,1,1,1,1,"fbr|income tax ordinance|pakistan|tax consultant|kamboh associates"
"tax-deductions-business-pakistan-2026","tax deductions business",1568,1,1,1,1,"fbr|income tax ordinance|pakistan|tax consultant|kamboh associates"
"tax-exemption-certificate","tax exemption certificate",690,1,1,1,1,"fbr|income tax ordinance|pakistan|tax consultant|kamboh associates"
"tax-filing-architects-pakistan","tax filing architects",585,1,1,1,1,"fbr|income tax ordinance|pakistan|tax consultant|kamboh associates"
"tax-filing-bahria-town-lahore","tax filing services bahria town lahore 2026",783,1,1,1,1,"fbr|income tax ordinance|pakistan|tax consultant|kamboh associates"
"tax-filing-consultants-pakistan","tax filing consultants",662,1,1,1,1,"fbr|income tax ordinance|pakistan|tax consultant|kamboh associates"
"tax-filing-doctors-pakistan","tax filing doctors",854,1,1,1,1,"fbr|income tax ordinance|pakistan|tax consultant|kamboh associates"
"tax-filing-engineers-pakistan","tax filing engineers",593,1,1,1,1,"fbr|income tax ordinance|pakistan|tax consultant|kamboh associates"
"tax-filing-exporters-pakistan","tax filing exporters",589,1,1,1,1,"fbr|income tax ordinance|pakistan|tax consultant|kamboh associates"
"tax-filing-importers-pakistan","tax filing importers",592,1,1,1,1,"fbr|income tax ordinance|pakistan|tax consultant|kamboh associates"
"tax-filing-lawyers-pakistan","tax filing lawyers",752,1,1,1,1,"fbr|income tax ordinance|pakistan|tax consultant|kamboh associates"
"tax-filing-traders-pakistan","tax filing traders",588,1,1,1,1,"fbr|income tax ordinance|pakistan|tax consultant|kamboh associates"
"tax-for-ai-agencies-pakistan","ai agency tax pakistan 2026 — fbr it export guide",885,1,1,1,1,"fbr|income tax ordinance|pakistan|tax consultant|kamboh associates"
"tax-for-automation-businesses-pakistan","tax for automation businesses",925,1,1,1,1,"fbr|income tax ordinance|pakistan|tax consultant|kamboh associates"
"tax-on-agricultural-income-pakistan","tax on agricultural income",1061,1,1,1,1,"fbr|income tax ordinance|pakistan|tax consultant|kamboh associates"
"tax-on-commercial-property-pakistan","tax on commercial property pakistan 2026",1063,1,1,1,1,"fbr|income tax ordinance|pakistan|tax consultant|kamboh associates"
"tax-on-international-clients-pakistan","tax on international clients",816,1,1,1,1,"fbr|income tax ordinance|pakistan|tax consultant|kamboh associates"
"tax-penalties-in-pakistan","tax penalties in",1069,1,1,1,1,"fbr|income tax ordinance|pakistan|tax consultant|kamboh associates"
"terms","terms of service",298,1,1,1,1,"fbr|income tax ordinance|pakistan|tax consultant|kamboh associates"
"testimonials","697+ client reviews",9347,1,0,0,0,"fbr|income tax ordinance|pakistan|tax consultant|kamboh associates"
"tiktok-creator-tax-pakistan","tiktok creator tax",1052,1,1,1,1,"fbr|income tax ordinance|pakistan|tax consultant|kamboh associates"
"trademark-registration-cost-pakistan","trademark registration cost",1074,1,1,1,1,"fbr|income tax ordinance|pakistan|tax consultant|kamboh associates"
"uae-remote-job-tax-pakistan","uae remote job tax",948,1,1,1,1,"fbr|income tax ordinance|pakistan|tax consultant|kamboh associates"
"upwork-income-tax-pakistan","upwork income tax",956,1,1,1,1,"fbr|income tax ordinance|pakistan|tax consultant|kamboh associates"
"upwork-tax-guide-pakistan","upwork tax guide",964,1,1,1,1,"fbr|income tax ordinance|pakistan|tax consultant|kamboh associates"
"wealth-statement-consultant-lahore","wealth statement consultant lahore",764,1,1,1,1,"fbr|income tax ordinance|pakistan|tax consultant|kamboh associates"
"wealth-statement-mistakes-pakistan","wealth statement mistakes",1644,1,1,1,1,"fbr|income tax ordinance|pakistan|tax consultant|kamboh associates"
"wealth-statement","wealth statement filing service pakistan 2026",662,1,1,1,1,"fbr|income tax ordinance|pakistan|tax consultant|kamboh associates"
"wise-business-account-tax-pakistan","wise business account tax",966,1,1,1,1,"fbr|income tax ordinance|pakistan|tax consultant|kamboh associates"
"withholding-tax","withholding tax compliance service pakistan 2026",660,1,1,0,1,"wht rates|section 153|section 149|section 154|adjustable tax|final tax"
"youtube-monetization-tax-pakistan","youtube monetization tax",1148,1,1,1,1,"fbr|income tax ordinance|pakistan|tax consultant|kamboh associates"
"blogs/advance-income-tax-pakistan","advance tax on transactions pakistan 2026",458,1,1,1,1,"section 147|quarterly installment|advance tax payment|default surcharge|fbr advance tax"
"blogs/advance-tax-installments-pakistan","advance tax installments",469,1,1,1,1,"section 147|quarterly installment|advance tax payment|default surcharge|fbr advance tax"
"blogs/advance-tax-pakistan-2026","advance tax",645,1,1,1,1,"section 147|quarterly installment|advance tax payment|default surcharge|fbr advance tax"
"blogs/advance-tax-section-147-pakistan","advance tax section 147 pakistan 2026",465,1,1,1,1,"section 147|quarterly installment|advance tax payment|default surcharge|fbr advance tax"
"blogs/affordable-tax-consultant-pakistan","affordable",597,1,1,1,1,"fbr|income tax ordinance|pakistan|tax consultant|kamboh associates"
"blogs/amazon-seller-tax-pakistan","amazon seller tax",467,1,1,1,1,"fbr|income tax ordinance|pakistan|tax consultant|kamboh associates"
"blogs/aop-tax-return-pakistan-2026","aop tax return",682,1,1,1,1,"fbr|income tax ordinance|pakistan|tax consultant|kamboh associates"
"blogs/azad-kashmir-tax-guide-2026","income tax in azad kashmir (ajk) pakistan 2026",462,1,1,0,0,"fbr|income tax ordinance|pakistan|tax consultant|kamboh associates"
"blogs/balochistan-income-tax-guide-2026","balochistan income tax guide",465,1,1,1,1,"fbr|income tax ordinance|pakistan|tax consultant|kamboh associates"
"blogs/best-tax-consultant-islamabad-2026","tax consultant islamabad",511,1,1,1,1,"fbr|income tax ordinance|pakistan|tax consultant|kamboh associates"
"blogs/best-tax-consultant-karachi-2026","tax consultant karachi",525,1,1,1,1,"fbr|income tax ordinance|pakistan|tax consultant|kamboh associates"
"blogs/best-tax-consultant-near-me-pakistan","tax consultant near me",599,1,1,1,1,"fbr|income tax ordinance|pakistan|tax consultant|kamboh associates"
"blogs/best-tax-consultant-pakistan-fbr-filing-2026","tax consultant pakistan fbr filing",1002,1,1,1,1,"fbr|income tax ordinance|pakistan|tax consultant|kamboh associates"
"blogs/best-tax-consultant-pakistan","best",845,1,1,1,1,"fbr|income tax ordinance|pakistan|tax consultant|kamboh associates"
"blogs/business-expense-deductible-pakistan","deductible business expenses in pakistan 2026",458,1,1,1,1,"fbr|income tax ordinance|pakistan|tax consultant|kamboh associates"
"blogs/business-income-tax-return-pakistan","business income tax return pakistan 2026 — sole …",467,1,1,1,1,"fbr return|iris filing|tax return pakistan|annual return|wealth statement|acknowledgment"
"blogs/capital-gains-tax-pakistan-2026","capital gains tax",922,1,1,1,1,"cgt property|section 37|holding period|immovable property tax|shares tax"
"blogs/capital-gains-tax-shares-pakistan-2026","capital gains tax shares",591,1,1,1,1,"cgt property|section 37|holding period|immovable property tax|shares tax"
"blogs/capital-value-tax-pakistan-2026","capital value tax",621,1,1,1,1,"fbr|income tax ordinance|pakistan|tax consultant|kamboh associates"
"blogs/charitable-donation-tax-pakistan","charitable donation tax",459,1,1,1,1,"fbr|income tax ordinance|pakistan|tax consultant|kamboh associates"
"blogs/company-registration-pakistan-2026","company registration",705,1,1,1,1,"secp|pvt ltd|pvt limited|memorandum of association|incorporation certificate"
"blogs/company-registration-pakistan","company registration",920,1,1,1,1,"secp|pvt ltd|pvt limited|memorandum of association|incorporation certificate"
"blogs/contractor-tax-pakistan-2026","contractor tax",464,1,1,1,1,"fbr|income tax ordinance|pakistan|tax consultant|kamboh associates"
"blogs/corporate-income-tax-pakistan-2026","corporate income tax",470,1,1,1,1,"fbr|income tax ordinance|pakistan|tax consultant|kamboh associates"
"blogs/corporate-tax-rate-pakistan-2026","corporate tax rate",651,1,1,1,1,"fbr|income tax ordinance|pakistan|tax consultant|kamboh associates"
"blogs/crypto-tax-pakistan-2026","crypto tax",753,1,1,1,1,"fbr|income tax ordinance|pakistan|tax consultant|kamboh associates"
"blogs/cryptocurrency-tax-fbr-pakistan","cryptocurrency tax fbr",462,1,1,1,1,"fbr|income tax ordinance|pakistan|tax consultant|kamboh associates"
"blogs/deemed-income-tax-property-pakistan","deemed income tax property",462,1,1,1,1,"fbr|income tax ordinance|pakistan|tax consultant|kamboh associates"
"blogs/depreciation-tax-pakistan","depreciation tax",466,1,1,1,1,"fbr|income tax ordinance|pakistan|tax consultant|kamboh associates"
"blogs/double-taxation-treaty-pakistan","double taxation treaty",591,1,1,1,1,"fbr|income tax ordinance|pakistan|tax consultant|kamboh associates"
"blogs/education-expense-tax-credit-pakistan","education expense tax credit",468,1,1,0,1,"fbr|income tax ordinance|pakistan|tax consultant|kamboh associates"
"blogs/export-income-tax-pakistan-2026","export income tax",463,1,1,1,1,"fbr|income tax ordinance|pakistan|tax consultant|kamboh associates"
"blogs/fbr-active-taxpayer-list-guide","fbr active taxpayer list (atl) pakistan 2026",468,1,1,1,1,"fbr|income tax ordinance|pakistan|tax consultant|kamboh associates"
"blogs/fbr-audit-pakistan-2026","fbr audit",922,1,1,1,1,"fbr|income tax ordinance|pakistan|tax consultant|kamboh associates"
"blogs/fbr-audit-procedure-pakistan-2026","fbr audit procedure",470,1,1,1,1,"fbr|income tax ordinance|pakistan|tax consultant|kamboh associates"
"blogs/fbr-audit-selection-criteria","how fbr selects returns for audit pakistan 2026",465,1,1,1,0,"fbr|income tax ordinance|pakistan|tax consultant|kamboh associates"
"blogs/fbr-broadening-tax-base-pakistan","fbr broadening tax base",466,1,1,1,1,"fbr|income tax ordinance|pakistan|tax consultant|kamboh associates"
"blogs/fbr-income-tax-return-deadline-2026-pakistan","fbr income tax return deadline 2026",744,1,1,1,1,"fbr return|iris filing|tax return pakistan|annual return|wealth statement|acknowledgment"
"blogs/fbr-iris-portal-guide-pakistan","fbr iris portal guide",471,1,1,1,1,"fbr|income tax ordinance|pakistan|tax consultant|kamboh associates"
"blogs/fbr-notice-received-what-to-do-pakistan","fbr notice received what to do",742,1,1,1,1,"fbr|income tax ordinance|pakistan|tax consultant|kamboh associates"
"blogs/fbr-notice-response-guide-pakistan","how to respond to fbr tax notice in pakistan 2026",1364,1,1,1,0,"fbr|income tax ordinance|pakistan|tax consultant|kamboh associates"
"blogs/fbr-notice-section-122-pakistan","fbr notice section 122",462,1,1,1,1,"fbr|income tax ordinance|pakistan|tax consultant|kamboh associates"
"blogs/fbr-notice-section-176-pakistan","fbr notice section 176",461,1,1,1,1,"fbr|income tax ordinance|pakistan|tax consultant|kamboh associates"
"blogs/fbr-penalty-pakistan-2026","fbr penalty",464,1,1,1,1,"fbr|income tax ordinance|pakistan|tax consultant|kamboh associates"
"blogs/fbr-registration-new-business-pakistan","fbr registration new business",795,1,1,1,1,"fbr|income tax ordinance|pakistan|tax consultant|kamboh associates"
"blogs/fbr-registration-step-by-step","fbr registration step by step",466,1,1,1,1,"fbr|income tax ordinance|pakistan|tax consultant|kamboh associates"
"blogs/fbr-section-111-notice-response-guide","fbr section 111 notice response guide",1422,1,1,1,1,"fbr|income tax ordinance|pakistan|tax consultant|kamboh associates"
"blogs/fbr-section-122-notice-pakistan","fbr section 122 notice",679,1,1,1,1,"fbr|income tax ordinance|pakistan|tax consultant|kamboh associates"
"blogs/fbr-tax-payment-psid-guide-2026","fbr tax payment psid guide",521,1,1,1,1,"fbr|income tax ordinance|pakistan|tax consultant|kamboh associates"
"blogs/filer-benefits-pakistan-2026","filer benefits",889,1,1,1,1,"active taxpayer list|atl|filer benefits|non-filer tax|withholding tax rates"
"blogs/filer-vs-non-filer-pakistan-2026","filer vs non filer",1037,1,1,1,1,"active taxpayer list|atl|filer benefits|non-filer tax|withholding tax rates"
"blogs/finance-act-2026-key-changes-pakistan","finance act 2026 key changes",650,1,1,1,1,"fbr|income tax ordinance|pakistan|tax consultant|kamboh associates"
"blogs/finance-act-2026-pakistan-tax-changes","finance act 2026 pakistan tax changes",1276,1,1,1,1,"fbr|income tax ordinance|pakistan|tax consultant|kamboh associates"
"blogs/freelancer-ntn-filer-status-guide","freelancer ntn filer status guide",465,1,1,1,1,"active taxpayer list|atl|filer benefits|non-filer tax|withholding tax rates"
"blogs/freelancer-tax-pakistan-2026","freelancer tax",796,1,1,1,1,"fbr|income tax ordinance|pakistan|tax consultant|kamboh associates"
"blogs/gift-tax-pakistan-2026","gift tax",469,1,1,1,1,"fbr|income tax ordinance|pakistan|tax consultant|kamboh associates"
"blogs/gilgit-baltistan-tax-guide-2026","income tax in gilgit-baltistan (gb) pakistan 2026",454,1,1,0,0,"fbr|income tax ordinance|pakistan|tax consultant|kamboh associates"
"blogs/gratuity-tax-pakistan","gratuity tax pakistan 2026 — is gratuity taxable?",456,1,1,1,1,"fbr|income tax ordinance|pakistan|tax consultant|kamboh associates"
"blogs/hospital-clinic-tax-pakistan","hospital clinic tax",465,1,1,1,1,"fbr|income tax ordinance|pakistan|tax consultant|kamboh associates"
"blogs/house-rent-allowance-tax-pakistan","house rent allowance tax",465,1,1,1,1,"fbr|income tax ordinance|pakistan|tax consultant|kamboh associates"
"blogs/how-to-avoid-fbr-notice-pakistan","how to avoid fbr notice",781,1,1,0,1,"fbr|income tax ordinance|pakistan|tax consultant|kamboh associates"
"blogs/how-to-become-active-filer-pakistan-2026","how to become active filer",894,1,1,1,1,"active taxpayer list|atl|filer benefits|non-filer tax|withholding tax rates"
"blogs/how-to-download-ntn-certificate-fbr","how to download ntn certificate fbr",717,1,1,1,1,"fbr|income tax ordinance|pakistan|tax consultant|kamboh associates"
"blogs/how-to-file-income-tax-return-fbr-iris-2026","how to file income tax return on fbr iris 2026",925,1,1,1,1,"fbr return|iris filing|tax return pakistan|annual return|wealth statement|acknowledgment"
"blogs/how-to-file-income-tax-return-pakistan-2026","how to file income tax return pakistan 2026",1246,1,1,1,1,"fbr return|iris filing|tax return pakistan|annual return|wealth statement|acknowledgment"
"blogs/how-to-file-nil-return-pakistan","how to file nil return",469,1,1,1,1,"fbr|income tax ordinance|pakistan|tax consultant|kamboh associates"
"blogs/how-to-reset-fbr-iris-password","how to reset fbr iris password in pakistan 2026",674,1,1,1,1,"fbr|income tax ordinance|pakistan|tax consultant|kamboh associates"
"blogs/how-to-respond-fbr-notice-section-111","how to respond fbr notice section 111",1662,1,1,1,1,"fbr|income tax ordinance|pakistan|tax consultant|kamboh associates"
"blogs/import-export-tax-pakistan-2026","import export tax pakistan 2026",630,1,1,1,1,"fbr|income tax ordinance|pakistan|tax consultant|kamboh associates"
"blogs/income-tax-2025-budget-changes","income tax 2025 budget changes",465,1,1,1,1,"fbr|income tax ordinance|pakistan|tax consultant|kamboh associates"
"blogs/income-tax-appeal-pakistan","income tax appeal",590,1,1,1,1,"fbr|income tax ordinance|pakistan|tax consultant|kamboh associates"
"blogs/income-tax-exemptions-pakistan-2026","income tax exemptions",983,1,1,1,1,"fbr|income tax ordinance|pakistan|tax consultant|kamboh associates"
"blogs/income-tax-exemptions-salaried-pakistan","income tax exemptions salaried",463,1,1,1,1,"fbr|income tax ordinance|pakistan|tax consultant|kamboh associates"
"blogs/income-tax-filing-abbottabad","income tax filing abbottabad",523,1,1,1,1,"fbr|income tax ordinance|pakistan|tax consultant|kamboh associates"
"blogs/income-tax-filing-ahmedpur-east","income tax filing ahmedpur east",460,1,1,1,1,"fbr|income tax ordinance|pakistan|tax consultant|kamboh associates"
"blogs/income-tax-filing-arifwala","income tax filing arifwala",451,1,1,1,1,"fbr|income tax ordinance|pakistan|tax consultant|kamboh associates"
"blogs/income-tax-filing-attock","income tax filing attock",451,1,1,1,1,"fbr|income tax ordinance|pakistan|tax consultant|kamboh associates"
"blogs/income-tax-filing-badin","income tax filing badin",451,1,1,1,1,"fbr|income tax ordinance|pakistan|tax consultant|kamboh associates"
"blogs/income-tax-filing-bahawalpur","income tax filing bahawalpur",523,1,1,1,1,"fbr|income tax ordinance|pakistan|tax consultant|kamboh associates"
"blogs/income-tax-filing-bannu","income tax filing bannu",451,1,1,1,1,"fbr|income tax ordinance|pakistan|tax consultant|kamboh associates"
"blogs/income-tax-filing-bhakkar","income tax filing bhakkar",451,1,1,1,1,"fbr|income tax ordinance|pakistan|tax consultant|kamboh associates"
"blogs/income-tax-filing-bhawalnagar","income tax filing bhawalnagar",451,1,1,1,1,"fbr|income tax ordinance|pakistan|tax consultant|kamboh associates"
"blogs/income-tax-filing-bhimber","income tax filing bhimber",451,1,1,1,1,"fbr|income tax ordinance|pakistan|tax consultant|kamboh associates"
"blogs/income-tax-filing-burewala","income tax filing burewala",451,1,1,1,1,"fbr|income tax ordinance|pakistan|tax consultant|kamboh associates"
"blogs/income-tax-filing-chakwal","income tax filing chakwal",451,1,1,1,1,"fbr|income tax ordinance|pakistan|tax consultant|kamboh associates"
"blogs/income-tax-filing-chaman","income tax filing chaman",451,1,1,1,1,"fbr|income tax ordinance|pakistan|tax consultant|kamboh associates"
"blogs/income-tax-filing-charsadda","income tax filing charsadda",451,1,1,1,1,"fbr|income tax ordinance|pakistan|tax consultant|kamboh associates"
"blogs/income-tax-filing-chiniot","income tax filing chiniot",451,1,1,1,1,"fbr|income tax ordinance|pakistan|tax consultant|kamboh associates"
"blogs/income-tax-filing-chishtian","income tax filing chishtian",451,1,1,1,1,"fbr|income tax ordinance|pakistan|tax consultant|kamboh associates"
"blogs/income-tax-filing-chitral","income tax filing chitral",451,1,1,1,1,"fbr|income tax ordinance|pakistan|tax consultant|kamboh associates"
"blogs/income-tax-filing-dadu","income tax filing dadu",451,1,1,1,1,"fbr|income tax ordinance|pakistan|tax consultant|kamboh associates"
"blogs/income-tax-filing-daska","income tax filing daska",451,1,1,1,1,"fbr|income tax ordinance|pakistan|tax consultant|kamboh associates"
"blogs/income-tax-filing-depalpur","income tax filing depalpur",451,1,1,1,1,"fbr|income tax ordinance|pakistan|tax consultant|kamboh associates"
"blogs/income-tax-filing-dera-ghazi-khan","income tax filing dera ghazi khan",540,1,1,1,1,"fbr|income tax ordinance|pakistan|tax consultant|kamboh associates"
"blogs/income-tax-filing-dera-ismail-khan","income tax filing dera ismail khan",539,1,1,1,1,"fbr|income tax ordinance|pakistan|tax consultant|kamboh associates"
"blogs/income-tax-filing-dina","income tax filing dina",451,1,1,1,1,"fbr|income tax ordinance|pakistan|tax consultant|kamboh associates"
"blogs/income-tax-filing-dinga","income tax filing dinga",451,1,1,1,1,"fbr|income tax ordinance|pakistan|tax consultant|kamboh associates"
"blogs/income-tax-filing-faisalabad","income tax filing faisalabad",523,1,1,1,1,"fbr|income tax ordinance|pakistan|tax consultant|kamboh associates"
"blogs/income-tax-filing-fort-abbas","income tax filing fort abbas",460,1,1,1,1,"fbr|income tax ordinance|pakistan|tax consultant|kamboh associates"
"blogs/income-tax-filing-ghotki","income tax filing ghotki",451,1,1,1,1,"fbr|income tax ordinance|pakistan|tax consultant|kamboh associates"
"blogs/income-tax-filing-gilgit","income tax filing gilgit",450,1,1,1,1,"fbr|income tax ordinance|pakistan|tax consultant|kamboh associates"
"blogs/income-tax-filing-gojra","income tax filing gojra",451,1,1,1,1,"fbr|income tax ordinance|pakistan|tax consultant|kamboh associates"
"blogs/income-tax-filing-gujranwala","income tax filing gujranwala",523,1,1,1,1,"fbr|income tax ordinance|pakistan|tax consultant|kamboh associates"
"blogs/income-tax-filing-gujrat","income tax filing gujrat",451,1,1,1,1,"fbr|income tax ordinance|pakistan|tax consultant|kamboh associates"
"blogs/income-tax-filing-gwadar","income tax filing gwadar",451,1,1,1,1,"fbr|income tax ordinance|pakistan|tax consultant|kamboh associates"
"blogs/income-tax-filing-hafizabad","income tax filing hafizabad",451,1,1,1,1,"fbr|income tax ordinance|pakistan|tax consultant|kamboh associates"
"blogs/income-tax-filing-hangu","income tax filing hangu",451,1,1,1,1,"fbr|income tax ordinance|pakistan|tax consultant|kamboh associates"
"blogs/income-tax-filing-haripur","income tax filing haripur",451,1,1,1,1,"fbr|income tax ordinance|pakistan|tax consultant|kamboh associates"
"blogs/income-tax-filing-haroonabad","income tax filing haroonabad",451,1,1,1,1,"fbr|income tax ordinance|pakistan|tax consultant|kamboh associates"
"blogs/income-tax-filing-haveli-lakha","income tax filing haveli lakha",460,1,1,1,1,"fbr|income tax ordinance|pakistan|tax consultant|kamboh associates"
"blogs/income-tax-filing-hub","income tax return filing in hub 2026 - online fbr",451,1,1,1,1,"fbr return|iris filing|tax return pakistan|annual return|wealth statement|acknowledgment"
"blogs/income-tax-filing-hunza","income tax filing hunza",450,1,1,1,1,"fbr|income tax ordinance|pakistan|tax consultant|kamboh associates"
"blogs/income-tax-filing-hyderabad","income tax filing hyderabad",523,1,1,1,1,"fbr|income tax ordinance|pakistan|tax consultant|kamboh associates"
"blogs/income-tax-filing-islamabad","income tax filing islamabad",523,1,1,1,1,"fbr|income tax ordinance|pakistan|tax consultant|kamboh associates"
"blogs/income-tax-filing-jacobabad","income tax filing jacobabad",451,1,1,1,1,"fbr|income tax ordinance|pakistan|tax consultant|kamboh associates"
"blogs/income-tax-filing-jaranwala","income tax filing jaranwala",451,1,1,1,1,"fbr|income tax ordinance|pakistan|tax consultant|kamboh associates"
"blogs/income-tax-filing-jhang","income tax filing jhang",451,1,1,1,1,"fbr|income tax ordinance|pakistan|tax consultant|kamboh associates"
"blogs/income-tax-filing-jhelum","income tax filing jhelum",451,1,1,1,1,"fbr|income tax ordinance|pakistan|tax consultant|kamboh associates"
"blogs/income-tax-filing-kabirwala","income tax filing kabirwala",451,1,1,1,1,"fbr|income tax ordinance|pakistan|tax consultant|kamboh associates"
"blogs/income-tax-filing-kalat","income tax filing kalat",451,1,1,1,1,"fbr|income tax ordinance|pakistan|tax consultant|kamboh associates"
"blogs/income-tax-filing-kamalia","income tax filing kamalia",451,1,1,1,1,"fbr|income tax ordinance|pakistan|tax consultant|kamboh associates"
"blogs/income-tax-filing-kamoke","income tax filing kamoke",451,1,1,1,1,"fbr|income tax ordinance|pakistan|tax consultant|kamboh associates"
"blogs/income-tax-filing-karachi","income tax filing karachi",523,1,1,1,1,"fbr|income tax ordinance|pakistan|tax consultant|kamboh associates"
"blogs/income-tax-filing-karak","income tax filing karak",451,1,1,1,1,"fbr|income tax ordinance|pakistan|tax consultant|kamboh associates"
"blogs/income-tax-filing-kasur","income tax filing kasur",451,1,1,1,1,"fbr|income tax ordinance|pakistan|tax consultant|kamboh associates"
"blogs/income-tax-filing-khairpur","income tax filing khairpur",451,1,1,1,1,"fbr|income tax ordinance|pakistan|tax consultant|kamboh associates"
"blogs/income-tax-filing-khanewal","income tax filing khanewal",451,1,1,1,1,"fbr|income tax ordinance|pakistan|tax consultant|kamboh associates"
"blogs/income-tax-filing-khanpur","income tax filing khanpur",451,1,1,1,1,"fbr|income tax ordinance|pakistan|tax consultant|kamboh associates"
"blogs/income-tax-filing-kharian","income tax filing kharian",451,1,1,1,1,"fbr|income tax ordinance|pakistan|tax consultant|kamboh associates"
"blogs/income-tax-filing-khushab","income tax filing khushab",451,1,1,1,1,"fbr|income tax ordinance|pakistan|tax consultant|kamboh associates"
"blogs/income-tax-filing-khuzdar","income tax filing khuzdar",451,1,1,1,1,"fbr|income tax ordinance|pakistan|tax consultant|kamboh associates"
"blogs/income-tax-filing-kohat","income tax filing kohat",451,1,1,1,1,"fbr|income tax ordinance|pakistan|tax consultant|kamboh associates"
"blogs/income-tax-filing-kotli","income tax filing kotli",451,1,1,1,1,"fbr|income tax ordinance|pakistan|tax consultant|kamboh associates"
"blogs/income-tax-filing-lahore","income tax filing lahore",625,1,1,1,1,"fbr|income tax ordinance|pakistan|tax consultant|kamboh associates"
"blogs/income-tax-filing-lakki-marwat","income tax filing lakki marwat",460,1,1,1,1,"fbr|income tax ordinance|pakistan|tax consultant|kamboh associates"
"blogs/income-tax-filing-lalamusa","income tax filing lalamusa",451,1,1,1,1,"fbr|income tax ordinance|pakistan|tax consultant|kamboh associates"
"blogs/income-tax-filing-larkana","income tax filing larkana",523,1,1,1,1,"fbr|income tax ordinance|pakistan|tax consultant|kamboh associates"
"blogs/income-tax-filing-lasbela","income tax filing lasbela",451,1,1,1,1,"fbr|income tax ordinance|pakistan|tax consultant|kamboh associates"
"blogs/income-tax-filing-layyah","income tax filing layyah",451,1,1,1,1,"fbr|income tax ordinance|pakistan|tax consultant|kamboh associates"
"blogs/income-tax-filing-liaquatpur","income tax filing liaquatpur",451,1,1,1,1,"fbr|income tax ordinance|pakistan|tax consultant|kamboh associates"
"blogs/income-tax-filing-lodhran","income tax filing lodhran",451,1,1,1,1,"fbr|income tax ordinance|pakistan|tax consultant|kamboh associates"
"blogs/income-tax-filing-loralai","income tax filing loralai",451,1,1,1,1,"fbr|income tax ordinance|pakistan|tax consultant|kamboh associates"
"blogs/income-tax-filing-mailsi","income tax filing mailsi",451,1,1,1,1,"fbr|income tax ordinance|pakistan|tax consultant|kamboh associates"
"blogs/income-tax-filing-malakwal","income tax filing malakwal",451,1,1,1,1,"fbr|income tax ordinance|pakistan|tax consultant|kamboh associates"
"blogs/income-tax-filing-mandi-bahauddin","income tax filing mandi bahauddin",459,1,1,1,1,"fbr|income tax ordinance|pakistan|tax consultant|kamboh associates"
"blogs/income-tax-filing-mansehra","income tax filing mansehra",451,1,1,1,1,"fbr|income tax ordinance|pakistan|tax consultant|kamboh associates"
"blogs/income-tax-filing-mardan","income tax filing mardan",523,1,1,1,1,"fbr|income tax ordinance|pakistan|tax consultant|kamboh associates"
"blogs/income-tax-filing-mastung","income tax filing mastung",451,1,1,1,1,"fbr|income tax ordinance|pakistan|tax consultant|kamboh associates"
"blogs/income-tax-filing-matiari","income tax filing matiari",451,1,1,1,1,"fbr|income tax ordinance|pakistan|tax consultant|kamboh associates"
"blogs/income-tax-filing-mian-channu","income tax filing mian channu",460,1,1,1,1,"fbr|income tax ordinance|pakistan|tax consultant|kamboh associates"
"blogs/income-tax-filing-mingora","income tax filing mingora",451,1,1,1,1,"fbr|income tax ordinance|pakistan|tax consultant|kamboh associates"
"blogs/income-tax-filing-mirpur","income tax filing mirpur",451,1,1,1,1,"fbr|income tax ordinance|pakistan|tax consultant|kamboh associates"
"blogs/income-tax-filing-mirpurkhas","income tax filing mirpurkhas",451,1,1,1,1,"fbr|income tax ordinance|pakistan|tax consultant|kamboh associates"
"blogs/income-tax-filing-multan","income tax filing multan",523,1,1,1,1,"fbr|income tax ordinance|pakistan|tax consultant|kamboh associates"
"blogs/income-tax-filing-muzaffarabad","income tax filing muzaffarabad",451,1,1,1,1,"fbr|income tax ordinance|pakistan|tax consultant|kamboh associates"
"blogs/income-tax-filing-muzaffargarh","income tax filing muzaffargarh",451,1,1,1,1,"fbr|income tax ordinance|pakistan|tax consultant|kamboh associates"
"blogs/income-tax-filing-narowal","income tax filing narowal",451,1,1,1,1,"fbr|income tax ordinance|pakistan|tax consultant|kamboh associates"
"blogs/income-tax-filing-nawabshah","income tax filing nawabshah",451,1,1,1,1,"fbr|income tax ordinance|pakistan|tax consultant|kamboh associates"
"blogs/income-tax-filing-nowshera","income tax filing nowshera",451,1,1,1,1,"fbr|income tax ordinance|pakistan|tax consultant|kamboh associates"
"blogs/income-tax-filing-okara","income tax filing okara",451,1,1,1,1,"fbr|income tax ordinance|pakistan|tax consultant|kamboh associates"
"blogs/income-tax-filing-pakpattan","income tax filing pakpattan",451,1,1,1,1,"fbr|income tax ordinance|pakistan|tax consultant|kamboh associates"
"blogs/income-tax-filing-pasrur","income tax filing pasrur",451,1,1,1,1,"fbr|income tax ordinance|pakistan|tax consultant|kamboh associates"
"blogs/income-tax-filing-peshawar","income tax filing peshawar",523,1,1,1,1,"fbr|income tax ordinance|pakistan|tax consultant|kamboh associates"
"blogs/income-tax-filing-phalia","income tax filing phalia",451,1,1,1,1,"fbr|income tax ordinance|pakistan|tax consultant|kamboh associates"
"blogs/income-tax-filing-pishin","income tax filing pishin",451,1,1,1,1,"fbr|income tax ordinance|pakistan|tax consultant|kamboh associates"
"blogs/income-tax-filing-quetta","income tax filing quetta",523,1,1,1,1,"fbr|income tax ordinance|pakistan|tax consultant|kamboh associates"
"blogs/income-tax-filing-rahim-yar-khan","income tax filing rahim yar khan",469,1,1,1,1,"fbr|income tax ordinance|pakistan|tax consultant|kamboh associates"
"blogs/income-tax-filing-rajanpur","income tax filing rajanpur",451,1,1,1,1,"fbr|income tax ordinance|pakistan|tax consultant|kamboh associates"
"blogs/income-tax-filing-rawalakot","income tax filing rawalakot",451,1,1,1,1,"fbr|income tax ordinance|pakistan|tax consultant|kamboh associates"
"blogs/income-tax-filing-rawalpindi","income tax filing rawalpindi",523,1,1,1,1,"fbr|income tax ordinance|pakistan|tax consultant|kamboh associates"
"blogs/income-tax-filing-renala-khurd","income tax filing renala khurd",460,1,1,1,1,"fbr|income tax ordinance|pakistan|tax consultant|kamboh associates"
"blogs/income-tax-filing-sadiqabad","income tax filing sadiqabad",451,1,1,1,1,"fbr|income tax ordinance|pakistan|tax consultant|kamboh associates"
"blogs/income-tax-filing-sahiwal","income tax filing sahiwal",523,1,1,1,1,"fbr|income tax ordinance|pakistan|tax consultant|kamboh associates"
"blogs/income-tax-filing-sambrial","income tax filing sambrial",451,1,1,1,1,"fbr|income tax ordinance|pakistan|tax consultant|kamboh associates"
"blogs/income-tax-filing-sammundri","income tax filing sammundri",451,1,1,1,1,"fbr|income tax ordinance|pakistan|tax consultant|kamboh associates"
"blogs/income-tax-filing-sanghar","income tax filing sanghar",451,1,1,1,1,"fbr|income tax ordinance|pakistan|tax consultant|kamboh associates"
"blogs/income-tax-filing-sargodha","income tax filing sargodha",523,1,1,1,1,"fbr|income tax ordinance|pakistan|tax consultant|kamboh associates"
"blogs/income-tax-filing-shakargarh","income tax filing shakargarh",451,1,1,1,1,"fbr|income tax ordinance|pakistan|tax consultant|kamboh associates"
"blogs/income-tax-filing-sheikhupura","income tax filing sheikhupura",451,1,1,1,1,"fbr|income tax ordinance|pakistan|tax consultant|kamboh associates"
"blogs/income-tax-filing-shikarpur","income tax filing shikarpur",451,1,1,1,1,"fbr|income tax ordinance|pakistan|tax consultant|kamboh associates"
"blogs/income-tax-filing-sialkot","income tax filing sialkot",523,1,1,1,1,"fbr|income tax ordinance|pakistan|tax consultant|kamboh associates"
"blogs/income-tax-filing-sibi","income tax filing sibi",451,1,1,1,1,"fbr|income tax ordinance|pakistan|tax consultant|kamboh associates"
"blogs/income-tax-filing-skardu","income tax filing skardu",450,1,1,1,1,"fbr|income tax ordinance|pakistan|tax consultant|kamboh associates"
"blogs/income-tax-filing-sukkur","income tax filing sukkur",523,1,1,1,1,"fbr|income tax ordinance|pakistan|tax consultant|kamboh associates"
"blogs/income-tax-filing-swabi","income tax filing swabi",451,1,1,1,1,"fbr|income tax ordinance|pakistan|tax consultant|kamboh associates"
"blogs/income-tax-filing-talagang","income tax filing talagang",451,1,1,1,1,"fbr|income tax ordinance|pakistan|tax consultant|kamboh associates"
"blogs/income-tax-filing-tando-adam","income tax filing tando adam",460,1,1,1,1,"fbr|income tax ordinance|pakistan|tax consultant|kamboh associates"
"blogs/income-tax-filing-tando-allahyar","income tax filing tando allahyar",460,1,1,1,1,"fbr|income tax ordinance|pakistan|tax consultant|kamboh associates"
"blogs/income-tax-filing-thatta","income tax filing thatta",451,1,1,1,1,"fbr|income tax ordinance|pakistan|tax consultant|kamboh associates"
"blogs/income-tax-filing-timergara","income tax filing timergara",451,1,1,1,1,"fbr|income tax ordinance|pakistan|tax consultant|kamboh associates"
"blogs/income-tax-filing-toba-tek-singh","income tax filing toba tek singh",469,1,1,1,1,"fbr|income tax ordinance|pakistan|tax consultant|kamboh associates"
"blogs/income-tax-filing-turbat","income tax filing turbat",451,1,1,1,1,"fbr|income tax ordinance|pakistan|tax consultant|kamboh associates"
"blogs/income-tax-filing-vehari","income tax filing vehari",451,1,1,1,1,"fbr|income tax ordinance|pakistan|tax consultant|kamboh associates"
"blogs/income-tax-filing-wah-cantt","income tax filing wah cantt",460,1,1,1,1,"fbr|income tax ordinance|pakistan|tax consultant|kamboh associates"
"blogs/income-tax-filing-wazirabad","income tax filing wazirabad",451,1,1,1,1,"fbr|income tax ordinance|pakistan|tax consultant|kamboh associates"
"blogs/income-tax-filing-zafarwal","income tax filing zafarwal",451,1,1,1,1,"fbr|income tax ordinance|pakistan|tax consultant|kamboh associates"
"blogs/income-tax-filing-zhob","income tax filing zhob",451,1,1,1,1,"fbr|income tax ordinance|pakistan|tax consultant|kamboh associates"
"blogs/income-tax-for-overseas-pakistan","income tax for overseas",469,1,1,1,1,"fbr|income tax ordinance|pakistan|tax consultant|kamboh associates"
"blogs/income-tax-on-property-sale-2026","income tax on property sale",468,1,1,1,1,"fbr|income tax ordinance|pakistan|tax consultant|kamboh associates"
"blogs/income-tax-return-deadline-pakistan-2026","income tax return deadline",687,1,1,1,1,"fbr return|iris filing|tax return pakistan|annual return|wealth statement|acknowledgment"
"blogs/income-tax-return-filing-faisalabad","income tax return filing faisalabad",535,1,1,1,1,"fbr return|iris filing|tax return pakistan|annual return|wealth statement|acknowledgment"
"blogs/income-tax-return-filing-islamabad","income tax return filing islamabad",553,1,1,1,1,"fbr return|iris filing|tax return pakistan|annual return|wealth statement|acknowledgment"
"blogs/income-tax-return-filing-karachi","income tax return filing karachi",707,1,1,1,1,"fbr return|iris filing|tax return pakistan|annual return|wealth statement|acknowledgment"
"blogs/income-tax-return-filing-multan","income tax return filing multan",515,1,1,1,1,"fbr return|iris filing|tax return pakistan|annual return|wealth statement|acknowledgment"
"blogs/income-tax-return-filing-pakistan","income tax return filing",859,1,1,1,1,"fbr return|iris filing|tax return pakistan|annual return|wealth statement|acknowledgment"
"blogs/income-tax-return-filing-rawalpindi","income tax return filing rawalpindi",546,1,1,1,1,"fbr return|iris filing|tax return pakistan|annual return|wealth statement|acknowledgment"
"blogs/income-tax-return-late-filing-pakistan","income tax return late filing",472,1,1,1,1,"fbr return|iris filing|tax return pakistan|annual return|wealth statement|acknowledgment"
"blogs/income-tax-second-schedule-pakistan","income tax second schedule",465,1,1,1,1,"fbr|income tax ordinance|pakistan|tax consultant|kamboh associates"
"blogs/income-tax-slab-pakistan-2026","income tax slab",878,1,1,1,1,"fbr|income tax ordinance|pakistan|tax consultant|kamboh associates"
"blogs/inheritance-wealth-declaration-pakistan","inherited wealth declaration pakistan 2026",457,1,1,1,0,"fbr|income tax ordinance|pakistan|tax consultant|kamboh associates"
"blogs/kamboh-associates-reviews-pakistan-tax-consultant","kamboh associates reviews pakistan",834,1,1,1,1,"fbr|income tax ordinance|pakistan|tax consultant|kamboh associates"
"blogs/kpk-income-tax-guide-2026","kpk income tax guide",462,1,1,1,1,"fbr|income tax ordinance|pakistan|tax consultant|kamboh associates"
"blogs/late-filing-penalty-income-tax-pakistan","late filing penalty income tax",645,1,1,1,1,"fbr|income tax ordinance|pakistan|tax consultant|kamboh associates"
"blogs/medical-allowance-tax-exemption-pakistan","medical allowance tax exemption",465,1,1,1,1,"fbr|income tax ordinance|pakistan|tax consultant|kamboh associates"
"blogs/minimum-tax-section-113-pakistan","minimum tax section 113",859,1,1,1,1,"fbr|income tax ordinance|pakistan|tax consultant|kamboh associates"
"blogs/minimum-tax-turnover-pakistan","minimum tax turnover",610,1,1,1,1,"fbr|income tax ordinance|pakistan|tax consultant|kamboh associates"
"blogs/mutual-fund-tax-pakistan-2026","mutual fund tax",467,1,1,1,1,"fbr|income tax ordinance|pakistan|tax consultant|kamboh associates"
"blogs/national-savings-tax-pakistan","national savings tax",466,1,1,1,1,"fbr|income tax ordinance|pakistan|tax consultant|kamboh associates"
"blogs/nicop-holder-tax-obligations-pakistan","nicop holder tax obligations pakistan 2026",694,1,1,1,1,"fbr|income tax ordinance|pakistan|tax consultant|kamboh associates"
"blogs/non-filer-consequences-pakistan-2026","non filer consequences",938,0,0,1,1,"active taxpayer list|atl|filer benefits|non-filer tax|withholding tax rates"
"blogs/ntn-registration-abbottabad","ntn registration abbottabad",659,1,1,1,1,"national tax number|ntn number|fbr registration|iris registration|tax filer|atl|ntn certificate"
"blogs/ntn-registration-ahmedpur-east","ntn registration ahmedpur east",567,1,1,1,1,"national tax number|ntn number|fbr registration|iris registration|tax filer|atl|ntn certificate"
"blogs/ntn-registration-arifwala","ntn registration arifwala",557,1,1,1,1,"national tax number|ntn number|fbr registration|iris registration|tax filer|atl|ntn certificate"
"blogs/ntn-registration-attock","ntn registration in attock 2026 - online fbr ntn",557,1,1,1,1,"national tax number|ntn number|fbr registration|iris registration|tax filer|atl|ntn certificate"
"blogs/ntn-registration-badin","ntn registration in badin 2026 - online fbr ntn",557,1,1,1,1,"national tax number|ntn number|fbr registration|iris registration|tax filer|atl|ntn certificate"
"blogs/ntn-registration-bahawalpur","ntn registration bahawalpur",659,1,1,1,1,"national tax number|ntn number|fbr registration|iris registration|tax filer|atl|ntn certificate"
"blogs/ntn-registration-bannu","ntn registration in bannu 2026 - online fbr ntn",557,1,1,1,1,"national tax number|ntn number|fbr registration|iris registration|tax filer|atl|ntn certificate"
"blogs/ntn-registration-bhakkar","ntn registration in bhakkar 2026 - online fbr ntn",557,1,1,1,1,"national tax number|ntn number|fbr registration|iris registration|tax filer|atl|ntn certificate"
"blogs/ntn-registration-bhawalnagar","ntn registration bhawalnagar",557,1,1,1,1,"national tax number|ntn number|fbr registration|iris registration|tax filer|atl|ntn certificate"
"blogs/ntn-registration-bhimber","ntn registration in bhimber 2026 - online fbr ntn",557,1,1,1,1,"national tax number|ntn number|fbr registration|iris registration|tax filer|atl|ntn certificate"
"blogs/ntn-registration-burewala","ntn registration burewala",557,1,1,1,1,"national tax number|ntn number|fbr registration|iris registration|tax filer|atl|ntn certificate"
"blogs/ntn-registration-chakwal","ntn registration in chakwal 2026 - online fbr ntn",557,1,1,1,1,"national tax number|ntn number|fbr registration|iris registration|tax filer|atl|ntn certificate"
"blogs/ntn-registration-chaman","ntn registration in chaman 2026 - online fbr ntn",557,1,1,1,1,"national tax number|ntn number|fbr registration|iris registration|tax filer|atl|ntn certificate"
"blogs/ntn-registration-charsadda","ntn registration charsadda",557,1,1,1,1,"national tax number|ntn number|fbr registration|iris registration|tax filer|atl|ntn certificate"
"blogs/ntn-registration-chiniot","ntn registration in chiniot 2026 - online fbr ntn",557,1,1,1,1,"national tax number|ntn number|fbr registration|iris registration|tax filer|atl|ntn certificate"
"blogs/ntn-registration-chishtian","ntn registration chishtian",557,1,1,1,1,"national tax number|ntn number|fbr registration|iris registration|tax filer|atl|ntn certificate"
"blogs/ntn-registration-chitral","ntn registration in chitral 2026 - online fbr ntn",557,1,1,1,1,"national tax number|ntn number|fbr registration|iris registration|tax filer|atl|ntn certificate"
"blogs/ntn-registration-dadu","ntn registration in dadu 2026 - online fbr ntn",557,1,1,1,1,"national tax number|ntn number|fbr registration|iris registration|tax filer|atl|ntn certificate"
"blogs/ntn-registration-daska","ntn registration in daska 2026 - online fbr ntn",557,1,1,1,1,"national tax number|ntn number|fbr registration|iris registration|tax filer|atl|ntn certificate"
"blogs/ntn-registration-depalpur","ntn registration depalpur",557,1,1,1,1,"national tax number|ntn number|fbr registration|iris registration|tax filer|atl|ntn certificate"
"blogs/ntn-registration-dera-ghazi-khan","ntn registration dera ghazi khan",679,1,1,1,1,"national tax number|ntn number|fbr registration|iris registration|tax filer|atl|ntn certificate"
"blogs/ntn-registration-dera-ismail-khan","ntn registration dera ismail khan",679,1,1,1,1,"national tax number|ntn number|fbr registration|iris registration|tax filer|atl|ntn certificate"
"blogs/ntn-registration-dina","ntn registration in dina 2026 - online fbr ntn",557,1,1,1,1,"national tax number|ntn number|fbr registration|iris registration|tax filer|atl|ntn certificate"
"blogs/ntn-registration-dinga","ntn registration in dinga 2026 - online fbr ntn",557,1,1,1,1,"national tax number|ntn number|fbr registration|iris registration|tax filer|atl|ntn certificate"
"blogs/ntn-registration-faisalabad","ntn registration faisalabad",638,1,1,1,1,"national tax number|ntn number|fbr registration|iris registration|tax filer|atl|ntn certificate"
"blogs/ntn-registration-fort-abbas","ntn registration fort abbas",567,1,1,1,1,"national tax number|ntn number|fbr registration|iris registration|tax filer|atl|ntn certificate"
"blogs/ntn-registration-ghotki","ntn registration in ghotki 2026 - online fbr ntn",557,1,1,1,1,"national tax number|ntn number|fbr registration|iris registration|tax filer|atl|ntn certificate"
"blogs/ntn-registration-gilgit","ntn registration in gilgit 2026 - online fbr ntn",557,1,1,1,1,"national tax number|ntn number|fbr registration|iris registration|tax filer|atl|ntn certificate"
"blogs/ntn-registration-gojra","ntn registration in gojra 2026 - online fbr ntn",557,1,1,1,1,"national tax number|ntn number|fbr registration|iris registration|tax filer|atl|ntn certificate"
"blogs/ntn-registration-gujranwala","ntn registration gujranwala",659,1,1,1,1,"national tax number|ntn number|fbr registration|iris registration|tax filer|atl|ntn certificate"
"blogs/ntn-registration-gujrat","ntn registration in gujrat 2026 - online fbr ntn",557,1,1,1,1,"national tax number|ntn number|fbr registration|iris registration|tax filer|atl|ntn certificate"
"blogs/ntn-registration-gwadar","ntn registration in gwadar 2026 - online fbr ntn",557,1,1,1,1,"national tax number|ntn number|fbr registration|iris registration|tax filer|atl|ntn certificate"
"blogs/ntn-registration-hafizabad","ntn registration hafizabad",557,1,1,1,1,"national tax number|ntn number|fbr registration|iris registration|tax filer|atl|ntn certificate"
"blogs/ntn-registration-hangu","ntn registration in hangu 2026 - online fbr ntn",557,1,1,1,1,"national tax number|ntn number|fbr registration|iris registration|tax filer|atl|ntn certificate"
"blogs/ntn-registration-haripur","ntn registration in haripur 2026 - online fbr ntn",557,1,1,1,1,"national tax number|ntn number|fbr registration|iris registration|tax filer|atl|ntn certificate"
"blogs/ntn-registration-haroonabad","ntn registration haroonabad",557,1,1,1,1,"national tax number|ntn number|fbr registration|iris registration|tax filer|atl|ntn certificate"
"blogs/ntn-registration-haveli-lakha","ntn registration haveli lakha",567,1,1,1,1,"national tax number|ntn number|fbr registration|iris registration|tax filer|atl|ntn certificate"
"blogs/ntn-registration-hub","ntn registration in hub 2026 - online fbr ntn",557,1,1,1,1,"national tax number|ntn number|fbr registration|iris registration|tax filer|atl|ntn certificate"
"blogs/ntn-registration-hunza","ntn registration in hunza 2026 - online fbr ntn",557,1,1,1,1,"national tax number|ntn number|fbr registration|iris registration|tax filer|atl|ntn certificate"
"blogs/ntn-registration-hyderabad","ntn registration hyderabad",659,1,1,1,1,"national tax number|ntn number|fbr registration|iris registration|tax filer|atl|ntn certificate"
"blogs/ntn-registration-islamabad","ntn registration islamabad",665,1,1,1,1,"national tax number|ntn number|fbr registration|iris registration|tax filer|atl|ntn certificate"
"blogs/ntn-registration-jacobabad","ntn registration jacobabad",557,1,1,1,1,"national tax number|ntn number|fbr registration|iris registration|tax filer|atl|ntn certificate"
"blogs/ntn-registration-jaranwala","ntn registration jaranwala",557,1,1,1,1,"national tax number|ntn number|fbr registration|iris registration|tax filer|atl|ntn certificate"
"blogs/ntn-registration-jhang","ntn registration in jhang 2026 - online fbr ntn",557,1,1,1,1,"national tax number|ntn number|fbr registration|iris registration|tax filer|atl|ntn certificate"
"blogs/ntn-registration-jhelum","ntn registration in jhelum 2026 - online fbr ntn",557,1,1,1,1,"national tax number|ntn number|fbr registration|iris registration|tax filer|atl|ntn certificate"
"blogs/ntn-registration-kabirwala","ntn registration kabirwala",557,1,1,1,1,"national tax number|ntn number|fbr registration|iris registration|tax filer|atl|ntn certificate"
"blogs/ntn-registration-kalat","ntn registration in kalat 2026 - online fbr ntn",557,1,1,1,1,"national tax number|ntn number|fbr registration|iris registration|tax filer|atl|ntn certificate"
"blogs/ntn-registration-kamalia","ntn registration in kamalia 2026 - online fbr ntn",557,1,1,1,1,"national tax number|ntn number|fbr registration|iris registration|tax filer|atl|ntn certificate"
"blogs/ntn-registration-kamoke","ntn registration in kamoke 2026 - online fbr ntn",557,1,1,1,1,"national tax number|ntn number|fbr registration|iris registration|tax filer|atl|ntn certificate"
"blogs/ntn-registration-karachi","ntn registration karachi",803,1,1,1,1,"national tax number|ntn number|fbr registration|iris registration|tax filer|atl|ntn certificate"
"blogs/ntn-registration-karak","ntn registration in karak 2026 - online fbr ntn",557,1,1,1,1,"national tax number|ntn number|fbr registration|iris registration|tax filer|atl|ntn certificate"
"blogs/ntn-registration-kasur","ntn registration in kasur 2026 - online fbr ntn",557,1,1,1,1,"national tax number|ntn number|fbr registration|iris registration|tax filer|atl|ntn certificate"
"blogs/ntn-registration-khairpur","ntn registration khairpur",557,1,1,1,1,"national tax number|ntn number|fbr registration|iris registration|tax filer|atl|ntn certificate"
"blogs/ntn-registration-khanewal","ntn registration khanewal",557,1,1,1,1,"national tax number|ntn number|fbr registration|iris registration|tax filer|atl|ntn certificate"
"blogs/ntn-registration-khanpur","ntn registration in khanpur 2026 - online fbr ntn",557,1,1,1,1,"national tax number|ntn number|fbr registration|iris registration|tax filer|atl|ntn certificate"
"blogs/ntn-registration-kharian","ntn registration in kharian 2026 - online fbr ntn",557,1,1,1,1,"national tax number|ntn number|fbr registration|iris registration|tax filer|atl|ntn certificate"
"blogs/ntn-registration-khushab","ntn registration in khushab 2026 - online fbr ntn",557,1,1,1,1,"national tax number|ntn number|fbr registration|iris registration|tax filer|atl|ntn certificate"
"blogs/ntn-registration-khuzdar","ntn registration in khuzdar 2026 - online fbr ntn",557,1,1,1,1,"national tax number|ntn number|fbr registration|iris registration|tax filer|atl|ntn certificate"
"blogs/ntn-registration-kohat","ntn registration in kohat 2026 - online fbr ntn",557,1,1,1,1,"national tax number|ntn number|fbr registration|iris registration|tax filer|atl|ntn certificate"
"blogs/ntn-registration-kotli","ntn registration in kotli 2026 - online fbr ntn",557,1,1,1,1,"national tax number|ntn number|fbr registration|iris registration|tax filer|atl|ntn certificate"
"blogs/ntn-registration-lakki-marwat","ntn registration lakki marwat",567,1,1,1,1,"national tax number|ntn number|fbr registration|iris registration|tax filer|atl|ntn certificate"
"blogs/ntn-registration-lalamusa","ntn registration lalamusa",557,1,1,1,1,"national tax number|ntn number|fbr registration|iris registration|tax filer|atl|ntn certificate"
"blogs/ntn-registration-larkana","ntn registration in larkana 2026 - online fbr ntn",659,1,1,1,1,"national tax number|ntn number|fbr registration|iris registration|tax filer|atl|ntn certificate"
"blogs/ntn-registration-lasbela","ntn registration in lasbela 2026 - online fbr ntn",557,1,1,1,1,"national tax number|ntn number|fbr registration|iris registration|tax filer|atl|ntn certificate"
"blogs/ntn-registration-layyah","ntn registration in layyah 2026 - online fbr ntn",557,1,1,1,1,"national tax number|ntn number|fbr registration|iris registration|tax filer|atl|ntn certificate"
"blogs/ntn-registration-liaquatpur","ntn registration liaquatpur",557,1,1,1,1,"national tax number|ntn number|fbr registration|iris registration|tax filer|atl|ntn certificate"
"blogs/ntn-registration-lodhran","ntn registration in lodhran 2026 - online fbr ntn",557,1,1,1,1,"national tax number|ntn number|fbr registration|iris registration|tax filer|atl|ntn certificate"
"blogs/ntn-registration-loralai","ntn registration in loralai 2026 - online fbr ntn",557,1,1,1,1,"national tax number|ntn number|fbr registration|iris registration|tax filer|atl|ntn certificate"
"blogs/ntn-registration-mailsi","ntn registration in mailsi 2026 - online fbr ntn",557,1,1,1,1,"national tax number|ntn number|fbr registration|iris registration|tax filer|atl|ntn certificate"
"blogs/ntn-registration-malakwal","ntn registration malakwal",557,1,1,1,1,"national tax number|ntn number|fbr registration|iris registration|tax filer|atl|ntn certificate"
"blogs/ntn-registration-mandi-bahauddin","ntn registration mandi bahauddin",567,1,1,1,1,"national tax number|ntn number|fbr registration|iris registration|tax filer|atl|ntn certificate"
"blogs/ntn-registration-mansehra","ntn registration mansehra",557,1,1,1,1,"national tax number|ntn number|fbr registration|iris registration|tax filer|atl|ntn certificate"
"blogs/ntn-registration-mardan","ntn registration in mardan 2026 - online fbr ntn",659,1,1,1,1,"national tax number|ntn number|fbr registration|iris registration|tax filer|atl|ntn certificate"
"blogs/ntn-registration-mastung","ntn registration in mastung 2026 - online fbr ntn",557,1,1,1,1,"national tax number|ntn number|fbr registration|iris registration|tax filer|atl|ntn certificate"
"blogs/ntn-registration-matiari","ntn registration in matiari 2026 - online fbr ntn",557,1,1,1,1,"national tax number|ntn number|fbr registration|iris registration|tax filer|atl|ntn certificate"
"blogs/ntn-registration-mian-channu","ntn registration mian channu",567,1,1,1,1,"national tax number|ntn number|fbr registration|iris registration|tax filer|atl|ntn certificate"
"blogs/ntn-registration-mingora","ntn registration in mingora 2026 - online fbr ntn",557,1,1,1,1,"national tax number|ntn number|fbr registration|iris registration|tax filer|atl|ntn certificate"
"blogs/ntn-registration-mirpur","ntn registration in mirpur 2026 - online fbr ntn",557,1,1,1,1,"national tax number|ntn number|fbr registration|iris registration|tax filer|atl|ntn certificate"
"blogs/ntn-registration-mirpurkhas","ntn registration mirpurkhas",557,1,1,1,1,"national tax number|ntn number|fbr registration|iris registration|tax filer|atl|ntn certificate"
"blogs/ntn-registration-multan","ntn registration multan",630,1,1,1,1,"national tax number|ntn number|fbr registration|iris registration|tax filer|atl|ntn certificate"
"blogs/ntn-registration-muzaffarabad","ntn registration muzaffarabad",557,1,1,1,1,"national tax number|ntn number|fbr registration|iris registration|tax filer|atl|ntn certificate"
"blogs/ntn-registration-muzaffargarh","ntn registration muzaffargarh",557,1,1,1,1,"national tax number|ntn number|fbr registration|iris registration|tax filer|atl|ntn certificate"
"blogs/ntn-registration-narowal","ntn registration in narowal 2026 - online fbr ntn",557,1,1,1,1,"national tax number|ntn number|fbr registration|iris registration|tax filer|atl|ntn certificate"
"blogs/ntn-registration-nawabshah","ntn registration nawabshah",557,1,1,1,1,"national tax number|ntn number|fbr registration|iris registration|tax filer|atl|ntn certificate"
"blogs/ntn-registration-nowshera","ntn registration nowshera",557,1,1,1,1,"national tax number|ntn number|fbr registration|iris registration|tax filer|atl|ntn certificate"
"blogs/ntn-registration-okara","ntn registration in okara 2026 - online fbr ntn",557,1,1,1,1,"national tax number|ntn number|fbr registration|iris registration|tax filer|atl|ntn certificate"
"blogs/ntn-registration-online-pakistan-2026","ntn registration online",846,1,1,1,1,"national tax number|ntn number|fbr registration|iris registration|tax filer|atl|ntn certificate"
"blogs/ntn-registration-online-pakistan","ntn registration online",696,1,1,1,1,"national tax number|ntn number|fbr registration|iris registration|tax filer|atl|ntn certificate"
"blogs/ntn-registration-pakistan","ntn registration",842,1,1,1,1,"national tax number|ntn number|fbr registration|iris registration|tax filer|atl|ntn certificate"
"blogs/ntn-registration-pakistanis-dubai","ntn registration pakistanis dubai",696,1,1,1,1,"national tax number|ntn number|fbr registration|iris registration|tax filer|atl|ntn certificate"
"blogs/ntn-registration-pakpattan","ntn registration pakpattan",557,1,1,1,1,"national tax number|ntn number|fbr registration|iris registration|tax filer|atl|ntn certificate"
"blogs/ntn-registration-pasrur","ntn registration in pasrur 2026 - online fbr ntn",557,1,1,1,1,"national tax number|ntn number|fbr registration|iris registration|tax filer|atl|ntn certificate"
"blogs/ntn-registration-peshawar","ntn registration peshawar",659,1,1,1,1,"national tax number|ntn number|fbr registration|iris registration|tax filer|atl|ntn certificate"
"blogs/ntn-registration-phalia","ntn registration in phalia 2026 - online fbr ntn",557,1,1,1,1,"national tax number|ntn number|fbr registration|iris registration|tax filer|atl|ntn certificate"
"blogs/ntn-registration-pishin","ntn registration in pishin 2026 - online fbr ntn",557,1,1,1,1,"national tax number|ntn number|fbr registration|iris registration|tax filer|atl|ntn certificate"
"blogs/ntn-registration-quetta","ntn registration in quetta 2026 - online fbr ntn",659,1,1,1,1,"national tax number|ntn number|fbr registration|iris registration|tax filer|atl|ntn certificate"
"blogs/ntn-registration-rahim-yar-khan","ntn registration rahim yar khan",577,1,1,1,1,"national tax number|ntn number|fbr registration|iris registration|tax filer|atl|ntn certificate"
"blogs/ntn-registration-rajanpur","ntn registration rajanpur",557,1,1,1,1,"national tax number|ntn number|fbr registration|iris registration|tax filer|atl|ntn certificate"
"blogs/ntn-registration-rawalakot","ntn registration rawalakot",557,1,1,1,1,"national tax number|ntn number|fbr registration|iris registration|tax filer|atl|ntn certificate"
"blogs/ntn-registration-rawalpindi","ntn registration rawalpindi",659,1,1,1,1,"national tax number|ntn number|fbr registration|iris registration|tax filer|atl|ntn certificate"
"blogs/ntn-registration-renala-khurd","ntn registration renala khurd",567,1,1,1,1,"national tax number|ntn number|fbr registration|iris registration|tax filer|atl|ntn certificate"
"blogs/ntn-registration-sadiqabad","ntn registration sadiqabad",557,1,1,1,1,"national tax number|ntn number|fbr registration|iris registration|tax filer|atl|ntn certificate"
"blogs/ntn-registration-sahiwal","ntn registration in sahiwal 2026 - online fbr ntn",659,1,1,1,1,"national tax number|ntn number|fbr registration|iris registration|tax filer|atl|ntn certificate"
"blogs/ntn-registration-sambrial","ntn registration sambrial",557,1,1,1,1,"national tax number|ntn number|fbr registration|iris registration|tax filer|atl|ntn certificate"
"blogs/ntn-registration-sammundri","ntn registration sammundri",557,1,1,1,1,"national tax number|ntn number|fbr registration|iris registration|tax filer|atl|ntn certificate"
"blogs/ntn-registration-sanghar","ntn registration in sanghar 2026 - online fbr ntn",557,1,1,1,1,"national tax number|ntn number|fbr registration|iris registration|tax filer|atl|ntn certificate"
"blogs/ntn-registration-sargodha","ntn registration sargodha",659,1,1,1,1,"national tax number|ntn number|fbr registration|iris registration|tax filer|atl|ntn certificate"
"blogs/ntn-registration-shakargarh","ntn registration shakargarh",557,1,1,1,1,"national tax number|ntn number|fbr registration|iris registration|tax filer|atl|ntn certificate"
"blogs/ntn-registration-sheikhupura","ntn registration sheikhupura",557,1,1,1,1,"national tax number|ntn number|fbr registration|iris registration|tax filer|atl|ntn certificate"
"blogs/ntn-registration-shikarpur","ntn registration shikarpur",557,1,1,1,1,"national tax number|ntn number|fbr registration|iris registration|tax filer|atl|ntn certificate"
"blogs/ntn-registration-sialkot","ntn registration in sialkot 2026 - online fbr ntn",659,1,1,1,1,"national tax number|ntn number|fbr registration|iris registration|tax filer|atl|ntn certificate"
"blogs/ntn-registration-sibi","ntn registration in sibi 2026 - online fbr ntn",557,1,1,1,1,"national tax number|ntn number|fbr registration|iris registration|tax filer|atl|ntn certificate"
"blogs/ntn-registration-skardu","ntn registration in skardu 2026 - online fbr ntn",557,1,1,1,1,"national tax number|ntn number|fbr registration|iris registration|tax filer|atl|ntn certificate"
"blogs/ntn-registration-sukkur","ntn registration in sukkur 2026 - online fbr ntn",659,1,1,1,1,"national tax number|ntn number|fbr registration|iris registration|tax filer|atl|ntn certificate"
"blogs/ntn-registration-swabi","ntn registration in swabi 2026 - online fbr ntn",557,1,1,1,1,"national tax number|ntn number|fbr registration|iris registration|tax filer|atl|ntn certificate"
"blogs/ntn-registration-talagang","ntn registration talagang",557,1,1,1,1,"national tax number|ntn number|fbr registration|iris registration|tax filer|atl|ntn certificate"
"blogs/ntn-registration-tando-adam","ntn registration tando adam",567,1,1,1,1,"national tax number|ntn number|fbr registration|iris registration|tax filer|atl|ntn certificate"
"blogs/ntn-registration-tando-allahyar","ntn registration tando allahyar",567,1,1,1,1,"national tax number|ntn number|fbr registration|iris registration|tax filer|atl|ntn certificate"
"blogs/ntn-registration-thatta","ntn registration in thatta 2026 - online fbr ntn",557,1,1,1,1,"national tax number|ntn number|fbr registration|iris registration|tax filer|atl|ntn certificate"
"blogs/ntn-registration-timergara","ntn registration timergara",557,1,1,1,1,"national tax number|ntn number|fbr registration|iris registration|tax filer|atl|ntn certificate"
"blogs/ntn-registration-toba-tek-singh","ntn registration toba tek singh",577,1,1,1,1,"national tax number|ntn number|fbr registration|iris registration|tax filer|atl|ntn certificate"
"blogs/ntn-registration-turbat","ntn registration in turbat 2026 - online fbr ntn",557,1,1,1,1,"national tax number|ntn number|fbr registration|iris registration|tax filer|atl|ntn certificate"
"blogs/ntn-registration-vehari","ntn registration in vehari 2026 - online fbr ntn",557,1,1,1,1,"national tax number|ntn number|fbr registration|iris registration|tax filer|atl|ntn certificate"
"blogs/ntn-registration-wah-cantt","ntn registration wah cantt",567,1,1,1,1,"national tax number|ntn number|fbr registration|iris registration|tax filer|atl|ntn certificate"
"blogs/ntn-registration-wazirabad","ntn registration wazirabad",557,1,1,1,1,"national tax number|ntn number|fbr registration|iris registration|tax filer|atl|ntn certificate"
"blogs/ntn-registration-zafarwal","ntn registration zafarwal",557,1,1,1,1,"national tax number|ntn number|fbr registration|iris registration|tax filer|atl|ntn certificate"
"blogs/ntn-registration-zhob","ntn registration in zhob 2026 - online fbr ntn",557,1,1,1,1,"national tax number|ntn number|fbr registration|iris registration|tax filer|atl|ntn certificate"
"blogs/online-income-tax-return-filing-pakistan-2026","income tax return filing",763,1,1,1,1,"fbr return|iris filing|tax return pakistan|annual return|wealth statement|acknowledgment"
"blogs/online-tax-consultant-pakistan","online",795,1,1,1,1,"fbr|income tax ordinance|pakistan|tax consultant|kamboh associates"
"blogs/overseas-pakistani-investment-tax-pakistan","overseas pakistani investment tax",598,1,1,1,1,"fbr|income tax ordinance|pakistan|tax consultant|kamboh associates"
"blogs/overseas-pakistani-property-tax-pakistan","overseas pakistani property tax",722,1,1,1,1,"cvt|advance tax 236k|section 236c|stamp duty|fair market value|dc rate"
"blogs/overseas-pakistani-tax-filing-2026","overseas pakistani tax filing",682,1,1,1,1,"fbr|income tax ordinance|pakistan|tax consultant|kamboh associates"
"blogs/overseas-pakistani-tax-return","overseas pakistani tax return",466,1,1,1,1,"fbr|income tax ordinance|pakistan|tax consultant|kamboh associates"
"blogs/pakistan-tax-calendar-2026-27","pakistan tax calendar 2026-27 — all fbr deadlines",1273,1,1,1,1,"fbr|income tax ordinance|pakistan|tax consultant|kamboh associates"
"blogs/pakistan-tax-refund-claim-guide","pakistan tax refund claim guide",467,1,1,1,1,"fbr|income tax ordinance|pakistan|tax consultant|kamboh associates"
"blogs/partnership-firm-tax-pakistan","partnership firm tax",605,1,1,1,1,"fbr|income tax ordinance|pakistan|tax consultant|kamboh associates"
"blogs/pension-death-gratuity-tax","pension death gratuity tax",461,1,1,1,1,"fbr|income tax ordinance|pakistan|tax consultant|kamboh associates"
"blogs/pension-fund-tax-pakistan","pension fund and provident fund tax pakistan 2026",460,1,1,1,1,"fbr|income tax ordinance|pakistan|tax consultant|kamboh associates"
"blogs/pension-tax-pakistan-2026","pension tax",457,1,1,1,1,"fbr|income tax ordinance|pakistan|tax consultant|kamboh associates"
"blogs/pos-integration-fbr-pakistan","pos integration fbr",558,1,1,1,1,"fbr|income tax ordinance|pakistan|tax consultant|kamboh associates"
"blogs/private-limited-company-tax-return-pakistan","private limited company tax return pakistan 2026",674,1,1,1,1,"fbr|income tax ordinance|pakistan|tax consultant|kamboh associates"
"blogs/private-school-tax-pakistan","income tax for private schools in pakistan 2026",462,1,1,0,0,"fbr|income tax ordinance|pakistan|tax consultant|kamboh associates"
"blogs/prize-bond-tax-pakistan","prize bond tax pakistan 2026 — winnings tax guide",465,1,1,1,1,"fbr|income tax ordinance|pakistan|tax consultant|kamboh associates"
"blogs/professional-tax-pakistan-2026","professional tax",561,1,1,1,1,"fbr|income tax ordinance|pakistan|tax consultant|kamboh associates"
"blogs/property-purchase-pakistan-dubai-pakistanis","property purchase pakistan dubai pakistanis",620,1,1,1,1,"fbr|income tax ordinance|pakistan|tax consultant|kamboh associates"
"blogs/property-tax-islamabad-2026","property tax islamabad",467,1,1,1,1,"cvt|advance tax 236k|section 236c|stamp duty|fair market value|dc rate"
"blogs/property-tax-karachi-2026","property tax karachi",465,1,1,1,1,"cvt|advance tax 236k|section 236c|stamp duty|fair market value|dc rate"
"blogs/property-tax-lahore-2026","property tax lahore",468,1,1,1,1,"cvt|advance tax 236k|section 236c|stamp duty|fair market value|dc rate"
"blogs/property-tax-pakistan-2026","property tax",513,1,1,1,1,"cvt|advance tax 236k|section 236c|stamp duty|fair market value|dc rate"
"blogs/provident-fund-gratuity-tax-pakistan","provident fund gratuity tax",550,1,1,1,1,"fbr|income tax ordinance|pakistan|tax consultant|kamboh associates"
"blogs/punjab-sales-tax-services-pakistan","punjab sales tax on services (pra) pakistan 2026",466,1,1,1,1,"gst pakistan|strn|input tax|output tax|monthly return|sales tax invoice"
"blogs/real-estate-agent-tax-pakistan","real estate agent tax",470,1,1,1,1,"fbr|income tax ordinance|pakistan|tax consultant|kamboh associates"
"blogs/real-estate-developer-tax-pakistan","real estate developer tax",698,1,1,1,1,"fbr|income tax ordinance|pakistan|tax consultant|kamboh associates"
"blogs/remittance-tax-pakistan-2026","remittance tax",697,1,1,1,1,"fbr|income tax ordinance|pakistan|tax consultant|kamboh associates"
"blogs/rental-income-tax-pakistan-2026","rental income tax",788,1,1,1,1,"fbr|income tax ordinance|pakistan|tax consultant|kamboh associates"
"blogs/restaurant-tax-pakistan-2026","income tax for restaurants in pakistan 2026",464,1,1,1,0,"fbr|income tax ordinance|pakistan|tax consultant|kamboh associates"
"blogs/roshan-digital-account-tax-pakistan","roshan digital account tax guide pakistan 2026",690,1,1,1,1,"fbr|income tax ordinance|pakistan|tax consultant|kamboh associates"
"blogs/roshan-digital-account-tax","roshan digital account tax",468,1,1,1,1,"fbr|income tax ordinance|pakistan|tax consultant|kamboh associates"
"blogs/salary-person-tax-return-pakistan","salary person tax return",837,0,0,1,1,"fbr|income tax ordinance|pakistan|tax consultant|kamboh associates"
"blogs/sales-tax-on-services-pakistan","sales tax on services",459,1,1,1,1,"gst pakistan|strn|input tax|output tax|monthly return|sales tax invoice"
"blogs/sales-tax-registration-guide-pakistan","sales tax registration pakistan 2026 - strn guide",816,1,1,1,1,"gst pakistan|strn|input tax|output tax|monthly return|sales tax invoice"
"blogs/sales-tax-return-filing-pakistan-2026","sales tax return filing",734,1,1,1,1,"gst pakistan|strn|input tax|output tax|monthly return|sales tax invoice"
"blogs/sales-tax-return-filing-pakistan","sales tax return filing",627,1,1,1,1,"gst pakistan|strn|input tax|output tax|monthly return|sales tax invoice"
"blogs/same-day-income-tax-return-filing-pakistan","same day income tax return filing pakistan 2026",731,1,1,1,1,"fbr return|iris filing|tax return pakistan|annual return|wealth statement|acknowledgment"
"blogs/secp-company-registration-guide","secp company registration guide",467,1,1,1,1,"secp|pvt ltd|pvt limited|memorandum of association|incorporation certificate"
"blogs/section-7e-tax-pakistan","section 7e tax",613,1,1,1,1,"fbr|income tax ordinance|pakistan|tax consultant|kamboh associates"
"blogs/sindh-income-tax-guide-2026","sindh income tax guide",467,1,1,1,1,"fbr|income tax ordinance|pakistan|tax consultant|kamboh associates"
"blogs/small-business-tax-consultant-pakistan","small business",583,1,1,1,1,"fbr|income tax ordinance|pakistan|tax consultant|kamboh associates"
"blogs/small-company-tax-pakistan","small company tax",471,1,1,1,1,"fbr|income tax ordinance|pakistan|tax consultant|kamboh associates"
"blogs/sme-tax-consultant-pakistan","sme",594,1,1,1,1,"fbr|income tax ordinance|pakistan|tax consultant|kamboh associates"
"blogs/sole-proprietor-tax-return-pakistan-2026","sole proprietor tax return",720,1,1,1,1,"fbr|income tax ordinance|pakistan|tax consultant|kamboh associates"
"blogs/stock-broker-tax-pakistan","stock broker tax",470,1,1,1,1,"fbr|income tax ordinance|pakistan|tax consultant|kamboh associates"
"blogs/strn-registration-pakistan","strn registration",721,1,1,1,1,"fbr|income tax ordinance|pakistan|tax consultant|kamboh associates"
"blogs/super-tax-pakistan-2026","super tax",578,1,1,1,1,"fbr|income tax ordinance|pakistan|tax consultant|kamboh associates"
"blogs/tax-appeal-procedure-pakistan","tax appeal procedure",468,1,1,1,1,"fbr|income tax ordinance|pakistan|tax consultant|kamboh associates"
"blogs/tax-clearance-certificate-pakistan","tax clearance certificate",465,1,1,1,1,"fbr|income tax ordinance|pakistan|tax consultant|kamboh associates"
"blogs/tax-consultant-abbot-road-lahore","abbot road lahore",952,1,1,1,1,"fbr|income tax ordinance|pakistan|tax consultant|kamboh associates"
"blogs/tax-consultant-abbottabad-cantt","best tax consultant in cantt abbottabad 2026",918,1,1,0,0,"fbr|income tax ordinance|pakistan|tax consultant|kamboh associates"
"blogs/tax-consultant-abbottabad-city","abbottabad city",935,1,1,1,1,"fbr|income tax ordinance|pakistan|tax consultant|kamboh associates"
"blogs/tax-consultant-abbottabad-havelian","best tax consultant in havelian abbottabad 2026",515,1,1,0,0,"fbr|income tax ordinance|pakistan|tax consultant|kamboh associates"
"blogs/tax-consultant-abbottabad","abbottabad",626,1,1,1,1,"fbr|income tax ordinance|pakistan|tax consultant|kamboh associates"
"blogs/tax-consultant-abpara-islamabad","abpara islamabad",589,1,1,1,1,"fbr|income tax ordinance|pakistan|tax consultant|kamboh associates"
"blogs/tax-consultant-abu-dhabi-pakistanis","abu dhabi pakistanis",1002,1,1,1,1,"fbr|income tax ordinance|pakistan|tax consultant|kamboh associates"
"blogs/tax-consultant-adalat-road-quetta","best tax consultant in adalat road quetta 2026",530,1,1,0,0,"fbr|income tax ordinance|pakistan|tax consultant|kamboh associates"
"blogs/tax-consultant-adelaide-pakistanis","adelaide pakistanis",976,1,1,1,1,"fbr|income tax ordinance|pakistan|tax consultant|kamboh associates"
"blogs/tax-consultant-adiala-rawalpindi","best tax consultant in adiala 2026 - fbr filing",702,1,1,1,0,"fbr|income tax ordinance|pakistan|tax consultant|kamboh associates"
"blogs/tax-consultant-ahmadpur-east","ahmadpur east",842,1,1,1,1,"fbr|income tax ordinance|pakistan|tax consultant|kamboh associates"
"blogs/tax-consultant-ahmedpur-east","ahmedpur east",716,1,1,1,1,"fbr|income tax ordinance|pakistan|tax consultant|kamboh associates"
"blogs/tax-consultant-airport-housing-society-islamabad","airport housing society islamabad",619,1,1,1,1,"fbr|income tax ordinance|pakistan|tax consultant|kamboh associates"
"blogs/tax-consultant-airport-housing-society-lahore","airport housing society lahore",907,1,1,1,1,"fbr|income tax ordinance|pakistan|tax consultant|kamboh associates"
"blogs/tax-consultant-airport-road-lahore","best tax consultant in airport road lahore 2026",563,1,1,0,0,"fbr|income tax ordinance|pakistan|tax consultant|kamboh associates"
"blogs/tax-consultant-airport-road-quetta","best tax consultant in airport road quetta 2026",936,1,1,0,0,"fbr|income tax ordinance|pakistan|tax consultant|kamboh associates"
"blogs/tax-consultant-airport-road-rawalpindi","airport road rawalpindi",850,1,1,1,1,"fbr|income tax ordinance|pakistan|tax consultant|kamboh associates"
"blogs/tax-consultant-ait-block-a-lahore","ait block a lahore",893,1,1,1,1,"fbr|income tax ordinance|pakistan|tax consultant|kamboh associates"
"blogs/tax-consultant-ait-block-b-lahore","ait block b lahore",893,1,1,1,1,"fbr|income tax ordinance|pakistan|tax consultant|kamboh associates"
"blogs/tax-consultant-ait-block-c-lahore","ait block c lahore",893,1,1,1,1,"fbr|income tax ordinance|pakistan|tax consultant|kamboh associates"
"blogs/tax-consultant-ait-block-d-lahore","ait block d lahore",893,1,1,1,1,"fbr|income tax ordinance|pakistan|tax consultant|kamboh associates"
"blogs/tax-consultant-ait-block-e-lahore","ait block e lahore",893,1,1,1,1,"fbr|income tax ordinance|pakistan|tax consultant|kamboh associates"
"blogs/tax-consultant-ait-block-f-lahore","ait block f lahore",893,1,1,1,1,"fbr|income tax ordinance|pakistan|tax consultant|kamboh associates"
"blogs/tax-consultant-ait-block-g-lahore","ait block g lahore",893,1,1,1,1,"fbr|income tax ordinance|pakistan|tax consultant|kamboh associates"
"blogs/tax-consultant-ait-block-h-lahore","ait block h lahore",893,1,1,1,1,"fbr|income tax ordinance|pakistan|tax consultant|kamboh associates"
"blogs/tax-consultant-ajman-pakistanis","ajman pakistanis",981,1,1,1,1,"fbr|income tax ordinance|pakistan|tax consultant|kamboh associates"
"blogs/tax-consultant-akbari-gate-lahore","akbari gate lahore",891,1,1,1,1,"fbr|income tax ordinance|pakistan|tax consultant|kamboh associates"
"blogs/tax-consultant-al-hamra-town-lahore","al hamra town lahore",891,1,1,1,1,"fbr|income tax ordinance|pakistan|tax consultant|kamboh associates"
"blogs/tax-consultant-al-kabir-town-lahore","al kabir town lahore",891,1,1,1,1,"fbr|income tax ordinance|pakistan|tax consultant|kamboh associates"
"blogs/tax-consultant-al-noor-town-lahore","al noor town lahore",952,1,1,1,1,"fbr|income tax ordinance|pakistan|tax consultant|kamboh associates"
"blogs/tax-consultant-ali-pur-chatha-gujranwala","ali pur chatha gujranwala",541,1,1,1,1,"fbr|income tax ordinance|pakistan|tax consultant|kamboh associates"
"blogs/tax-consultant-ali-town-lahore","ali town lahore",891,1,1,1,1,"fbr|income tax ordinance|pakistan|tax consultant|kamboh associates"
"blogs/tax-consultant-allama-iqbal-industrial-estate-lahore","allama iqbal industrial estate lahore",924,1,1,1,1,"fbr|income tax ordinance|pakistan|tax consultant|kamboh associates"
"blogs/tax-consultant-allama-iqbal-town-sialkot","allama iqbal town sialkot",954,1,1,1,1,"fbr|income tax ordinance|pakistan|tax consultant|kamboh associates"
"blogs/tax-consultant-alt-buksh-colony-lahore","alt buksh colony lahore",570,1,1,1,1,"fbr|income tax ordinance|pakistan|tax consultant|kamboh associates"
"blogs/tax-consultant-american-chowk-faisalabad","american chowk faisalabad",530,1,1,1,1,"fbr|income tax ordinance|pakistan|tax consultant|kamboh associates"
"blogs/tax-consultant-anarkali-lahore","best tax consultant in anarkali 2026 - fbr filing",735,1,1,1,0,"fbr|income tax ordinance|pakistan|tax consultant|kamboh associates"
"blogs/tax-consultant-ancholi-karachi","best tax consultant in ancholi 2026 - fbr filing",702,1,1,1,0,"fbr|income tax ordinance|pakistan|tax consultant|kamboh associates"
"blogs/tax-consultant-arifwala","best tax consultant in arifwala 2026 - fbr filing",701,1,1,1,0,"fbr|income tax ordinance|pakistan|tax consultant|kamboh associates"
"blogs/tax-consultant-army-officers-pakistan","income tax for army officers pakistan 2026",665,1,1,1,0,"fbr|income tax ordinance|pakistan|tax consultant|kamboh associates"
"blogs/tax-consultant-askari-1-lahore","askari 1 lahore",870,1,1,1,1,"fbr|income tax ordinance|pakistan|tax consultant|kamboh associates"
"blogs/tax-consultant-askari-10-lahore","askari 10 lahore",882,1,1,1,1,"fbr|income tax ordinance|pakistan|tax consultant|kamboh associates"
"blogs/tax-consultant-askari-11-lahore","askari 11 lahore",882,1,1,1,1,"fbr|income tax ordinance|pakistan|tax consultant|kamboh associates"
"blogs/tax-consultant-askari-13-lahore","askari 13 lahore",940,1,1,1,1,"fbr|income tax ordinance|pakistan|tax consultant|kamboh associates"
"blogs/tax-consultant-askari-14-lahore","askari 14 lahore",940,1,1,1,1,"fbr|income tax ordinance|pakistan|tax consultant|kamboh associates"
"blogs/tax-consultant-askari-14-rawalpindi","best tax consultant in askari 14 rawalpindi 2026",523,1,1,0,0,"fbr|income tax ordinance|pakistan|tax consultant|kamboh associates"
"blogs/tax-consultant-askari-2-lahore","askari 2 lahore",929,1,1,1,1,"fbr|income tax ordinance|pakistan|tax consultant|kamboh associates"
"blogs/tax-consultant-askari-3-lahore","askari 3 lahore",929,1,1,1,1,"fbr|income tax ordinance|pakistan|tax consultant|kamboh associates"
"blogs/tax-consultant-askari-4-lahore","askari 4 lahore",929,1,1,1,1,"fbr|income tax ordinance|pakistan|tax consultant|kamboh associates"
"blogs/tax-consultant-askari-5-lahore","askari 5 lahore",929,1,1,1,1,"fbr|income tax ordinance|pakistan|tax consultant|kamboh associates"
"blogs/tax-consultant-askari-6-lahore","askari 6 lahore",929,1,1,1,1,"fbr|income tax ordinance|pakistan|tax consultant|kamboh associates"
"blogs/tax-consultant-askari-7-lahore","askari 7 lahore",929,1,1,1,1,"fbr|income tax ordinance|pakistan|tax consultant|kamboh associates"
"blogs/tax-consultant-askari-8-lahore","askari 8 lahore",929,1,1,1,1,"fbr|income tax ordinance|pakistan|tax consultant|kamboh associates"
"blogs/tax-consultant-askari-9-lahore","askari 9 lahore",929,1,1,1,1,"fbr|income tax ordinance|pakistan|tax consultant|kamboh associates"
"blogs/tax-consultant-askari-lahore","best tax consultant in askari lahore 2026",949,1,1,0,0,"fbr|income tax ordinance|pakistan|tax consultant|kamboh associates"
"blogs/tax-consultant-astore","best tax consultant in astore 2026 - fbr filing",700,1,1,1,0,"fbr|income tax ordinance|pakistan|tax consultant|kamboh associates"
"blogs/tax-consultant-atlanta-pakistanis","atlanta pakistanis",980,1,1,1,1,"fbr|income tax ordinance|pakistan|tax consultant|kamboh associates"
"blogs/tax-consultant-attaturk-avenue-islamabad","attaturk avenue islamabad",604,1,1,1,1,"fbr|income tax ordinance|pakistan|tax consultant|kamboh associates"
"blogs/tax-consultant-attock-city-centre","best tax consultant in city centre attock 2026",526,1,1,0,0,"fbr|income tax ordinance|pakistan|tax consultant|kamboh associates"
"blogs/tax-consultant-attock-city","best tax consultant in attock 2026",917,1,1,0,0,"fbr|income tax ordinance|pakistan|tax consultant|kamboh associates"
"blogs/tax-consultant-attock","attock",915,1,1,1,1,"fbr|income tax ordinance|pakistan|tax consultant|kamboh associates"
"blogs/tax-consultant-auto-bhan-road-hyderabad","auto bhan road hyderabad",541,1,1,1,1,"fbr|income tax ordinance|pakistan|tax consultant|kamboh associates"
"blogs/tax-consultant-awan-town-lahore","awan town lahore",891,1,1,1,1,"fbr|income tax ordinance|pakistan|tax consultant|kamboh associates"
"blogs/tax-consultant-awaran","best tax consultant in awaran 2026 - fbr filing",701,1,1,1,0,"fbr|income tax ordinance|pakistan|tax consultant|kamboh associates"
"blogs/tax-consultant-b-15-islamabad","b 15 islamabad",589,1,1,1,1,"fbr|income tax ordinance|pakistan|tax consultant|kamboh associates"
"blogs/tax-consultant-b-16-islamabad","b 16 islamabad",589,1,1,1,1,"fbr|income tax ordinance|pakistan|tax consultant|kamboh associates"
"blogs/tax-consultant-b-17-islamabad","best tax consultant in b-17 islamabad 2026",917,1,1,0,0,"fbr|income tax ordinance|pakistan|tax consultant|kamboh associates"
"blogs/tax-consultant-b-18-islamabad","b 18 islamabad",589,1,1,1,1,"fbr|income tax ordinance|pakistan|tax consultant|kamboh associates"
"blogs/tax-consultant-badami-bagh-lahore","badami bagh lahore",750,1,1,1,1,"fbr|income tax ordinance|pakistan|tax consultant|kamboh associates"
"blogs/tax-consultant-badin-city","best tax consultant in badin 2026",917,1,1,0,0,"fbr|income tax ordinance|pakistan|tax consultant|kamboh associates"
"blogs/tax-consultant-badin","badin",823,1,1,1,1,"fbr|income tax ordinance|pakistan|tax consultant|kamboh associates"
"blogs/tax-consultant-bagh-ajk","best tax consultant in bagh 2026 - fbr filing",702,1,1,1,0,"fbr|income tax ordinance|pakistan|tax consultant|kamboh associates"
"blogs/tax-consultant-baghbanpura-lahore","best tax consultant in baghbanpura lahore 2026",951,1,1,0,0,"fbr|income tax ordinance|pakistan|tax consultant|kamboh associates"
"blogs/tax-consultant-bahadurabad-karachi","bahadurabad karachi",928,1,1,1,1,"fbr|income tax ordinance|pakistan|tax consultant|kamboh associates"
"blogs/tax-consultant-bahawalpur-cantt","best tax consultant in cantt bahawalpur 2026",918,1,1,0,0,"fbr|income tax ordinance|pakistan|tax consultant|kamboh associates"
"blogs/tax-consultant-bahawalpur-model-town","bahawalpur model town",527,1,1,1,1,"fbr|income tax ordinance|pakistan|tax consultant|kamboh associates"
"blogs/tax-consultant-bahawalpur","bahawalpur",730,1,1,1,1,"fbr|income tax ordinance|pakistan|tax consultant|kamboh associates"
"blogs/tax-consultant-bahria-education-city-lahore","bahria education city lahore",990,1,1,1,1,"fbr|income tax ordinance|pakistan|tax consultant|kamboh associates"
"blogs/tax-consultant-bahria-nasheman-lahore","bahria nasheman lahore",955,1,1,1,1,"fbr|income tax ordinance|pakistan|tax consultant|kamboh associates"
"blogs/tax-consultant-bahria-nishtar-block-lahore","bahria nishtar block lahore",991,1,1,1,1,"fbr|income tax ordinance|pakistan|tax consultant|kamboh associates"
"blogs/tax-consultant-bahria-orchard-lahore","best tax consultant in bahria orchard lahore 2026",566,1,1,0,0,"fbr|income tax ordinance|pakistan|tax consultant|kamboh associates"
"blogs/tax-consultant-bahria-precinct-karachi","bahria precinct karachi",936,1,1,1,1,"fbr|income tax ordinance|pakistan|tax consultant|kamboh associates"
"blogs/tax-consultant-bahria-rafi-block-lahore","bahria rafi block lahore",991,1,1,1,1,"fbr|income tax ordinance|pakistan|tax consultant|kamboh associates"
"blogs/tax-consultant-bahria-sector-a-lahore","bahria sector a lahore",637,1,1,1,1,"fbr|income tax ordinance|pakistan|tax consultant|kamboh associates"
"blogs/tax-consultant-bahria-sector-b-lahore","bahria sector b lahore",637,1,1,1,1,"fbr|income tax ordinance|pakistan|tax consultant|kamboh associates"
"blogs/tax-consultant-bahria-sector-c-lahore","bahria sector c lahore",637,1,1,1,1,"fbr|income tax ordinance|pakistan|tax consultant|kamboh associates"
"blogs/tax-consultant-bahria-sector-d-lahore","bahria sector d lahore",637,1,1,1,1,"fbr|income tax ordinance|pakistan|tax consultant|kamboh associates"
"blogs/tax-consultant-bahria-sector-e-lahore","bahria sector e lahore",637,1,1,1,1,"fbr|income tax ordinance|pakistan|tax consultant|kamboh associates"
"blogs/tax-consultant-bahria-sector-f-lahore","bahria sector f lahore",637,1,1,1,1,"fbr|income tax ordinance|pakistan|tax consultant|kamboh associates"
"blogs/tax-consultant-bahria-sector-g-lahore","bahria sector g lahore",637,1,1,1,1,"fbr|income tax ordinance|pakistan|tax consultant|kamboh associates"
"blogs/tax-consultant-bahria-sector-h-lahore","bahria sector h lahore",637,1,1,1,1,"fbr|income tax ordinance|pakistan|tax consultant|kamboh associates"
"blogs/tax-consultant-bahria-town-islamabad","best tax consultant in bahria town islamabad 2026",936,1,1,0,0,"fbr|income tax ordinance|pakistan|tax consultant|kamboh associates"
"blogs/tax-consultant-bahria-town-karachi","best tax consultant in bahria town karachi 2026",936,1,1,0,0,"fbr|income tax ordinance|pakistan|tax consultant|kamboh associates"
"blogs/tax-consultant-bahria-town-lahore","best tax consultant in bahria town lahore 2026",974,1,1,0,0,"fbr|income tax ordinance|pakistan|tax consultant|kamboh associates"
"blogs/tax-consultant-bahria-town-rawalpindi","bahria town rawalpindi",936,1,1,1,1,"fbr|income tax ordinance|pakistan|tax consultant|kamboh associates"
"blogs/tax-consultant-bahria-umer-block-lahore","bahria umer block lahore",991,1,1,1,1,"fbr|income tax ordinance|pakistan|tax consultant|kamboh associates"
"blogs/tax-consultant-bahria-usman-block-lahore","bahria usman block lahore",991,1,1,1,1,"fbr|income tax ordinance|pakistan|tax consultant|kamboh associates"
"blogs/tax-consultant-baldia-town-karachi","best tax consultant in baldia town karachi 2026",936,1,1,0,0,"fbr|income tax ordinance|pakistan|tax consultant|kamboh associates"
"blogs/tax-consultant-baleli-quetta","best tax consultant in baleli quetta 2026",519,1,1,0,0,"fbr|income tax ordinance|pakistan|tax consultant|kamboh associates"
"blogs/tax-consultant-banda-road-lahore","banda road lahore",891,1,1,1,1,"fbr|income tax ordinance|pakistan|tax consultant|kamboh associates"
"blogs/tax-consultant-bani-gala-islamabad","best tax consultant in bani gala islamabad 2026",936,1,1,0,0,"fbr|income tax ordinance|pakistan|tax consultant|kamboh associates"
"blogs/tax-consultant-bannu-city","best tax consultant in bannu 2026",917,1,1,0,0,"fbr|income tax ordinance|pakistan|tax consultant|kamboh associates"
"blogs/tax-consultant-bannu","bannu",823,1,1,1,1,"fbr|income tax ordinance|pakistan|tax consultant|kamboh associates"
"blogs/tax-consultant-bara-road-peshawar","best tax consultant in bara road peshawar 2026",530,1,1,0,0,"fbr|income tax ordinance|pakistan|tax consultant|kamboh associates"
"blogs/tax-consultant-barkat-market-lahore","best tax consultant in barkat market lahore 2026",563,1,1,0,0,"fbr|income tax ordinance|pakistan|tax consultant|kamboh associates"
"blogs/tax-consultant-barkat-nagar-lahore","barkat nagar lahore",952,1,1,1,1,"fbr|income tax ordinance|pakistan|tax consultant|kamboh associates"
"blogs/tax-consultant-batala-colony-faisalabad","batala colony faisalabad",530,1,1,1,1,"fbr|income tax ordinance|pakistan|tax consultant|kamboh associates"
"blogs/tax-consultant-batapur-lahore","batapur lahore",874,1,1,1,1,"fbr|income tax ordinance|pakistan|tax consultant|kamboh associates"
"blogs/tax-consultant-bath-island-karachi","best tax consultant in bath island karachi 2026",936,1,1,0,0,"fbr|income tax ordinance|pakistan|tax consultant|kamboh associates"
"blogs/tax-consultant-battagram-city","battagram city",702,1,1,1,1,"fbr|income tax ordinance|pakistan|tax consultant|kamboh associates"
"blogs/tax-consultant-battagram","battagram",822,1,1,1,1,"fbr|income tax ordinance|pakistan|tax consultant|kamboh associates"
"blogs/tax-consultant-bedian-road-lahore","bedian road lahore",884,1,1,1,1,"fbr|income tax ordinance|pakistan|tax consultant|kamboh associates"
"blogs/tax-consultant-bhakkar-city-centre","best tax consultant in city centre bhakkar 2026",454,1,1,0,0,"fbr|income tax ordinance|pakistan|tax consultant|kamboh associates"
"blogs/tax-consultant-bhakkar-city","best tax consultant in bhakkar 2026",917,1,1,0,0,"fbr|income tax ordinance|pakistan|tax consultant|kamboh associates"
"blogs/tax-consultant-bhakkar","bhakkar",822,1,1,1,1,"fbr|income tax ordinance|pakistan|tax consultant|kamboh associates"
"blogs/tax-consultant-bhalwal","bhalwal",822,1,1,1,1,"fbr|income tax ordinance|pakistan|tax consultant|kamboh associates"
"blogs/tax-consultant-bhara-kahu-islamabad","bhara kahu islamabad",717,1,1,1,1,"fbr|income tax ordinance|pakistan|tax consultant|kamboh associates"
"blogs/tax-consultant-bhatti-gate-lahore","bhatti gate lahore",750,1,1,1,1,"fbr|income tax ordinance|pakistan|tax consultant|kamboh associates"
"blogs/tax-consultant-bhawalnagar","bhawalnagar",701,1,1,1,1,"fbr|income tax ordinance|pakistan|tax consultant|kamboh associates"
"blogs/tax-consultant-bhimber-city","best tax consultant in bhimber 2026",917,1,1,0,0,"fbr|income tax ordinance|pakistan|tax consultant|kamboh associates"
"blogs/tax-consultant-bhimber","bhimber",822,1,1,1,1,"fbr|income tax ordinance|pakistan|tax consultant|kamboh associates"
"blogs/tax-consultant-bin-qasim-karachi","best tax consultant in bin qasim karachi 2026",936,1,1,0,0,"fbr|income tax ordinance|pakistan|tax consultant|kamboh associates"
"blogs/tax-consultant-birmingham-pakistanis","birmingham pakistanis",975,1,1,1,1,"fbr|income tax ordinance|pakistan|tax consultant|kamboh associates"
"blogs/tax-consultant-blackburn-pakistanis","blackburn pakistanis",974,1,1,1,1,"fbr|income tax ordinance|pakistan|tax consultant|kamboh associates"
"blogs/tax-consultant-blue-area-islamabad","best tax consultant in blue area islamabad 2026",936,1,1,0,0,"fbr|income tax ordinance|pakistan|tax consultant|kamboh associates"
"blogs/tax-consultant-bohar-gate-multan","best tax consultant in bohar gate multan 2026",530,1,1,0,0,"fbr|income tax ordinance|pakistan|tax consultant|kamboh associates"
"blogs/tax-consultant-bolton-market-karachi","best tax consultant in bolton market karachi 2026",530,1,1,0,0,"fbr|income tax ordinance|pakistan|tax consultant|kamboh associates"
"blogs/tax-consultant-bosan-road-multan","best tax consultant in bosan road multan 2026",936,1,1,0,0,"fbr|income tax ordinance|pakistan|tax consultant|kamboh associates"
"blogs/tax-consultant-bradford-pakistanis","bradford pakistanis",973,1,1,1,1,"fbr|income tax ordinance|pakistan|tax consultant|kamboh associates"
"blogs/tax-consultant-brampton-pakistanis","brampton pakistanis",979,1,1,1,1,"fbr|income tax ordinance|pakistan|tax consultant|kamboh associates"
"blogs/tax-consultant-brandreth-road-lahore","brandreth road lahore",891,1,1,1,1,"fbr|income tax ordinance|pakistan|tax consultant|kamboh associates"
"blogs/tax-consultant-brewery-road-quetta","best tax consultant in brewery road quetta 2026",530,1,1,0,0,"fbr|income tax ordinance|pakistan|tax consultant|kamboh associates"
"blogs/tax-consultant-brisbane-pakistanis","brisbane pakistanis",979,1,1,1,1,"fbr|income tax ordinance|pakistan|tax consultant|kamboh associates"
"blogs/tax-consultant-buffer-zone-karachi","buffer zone karachi",717,1,1,1,1,"fbr|income tax ordinance|pakistan|tax consultant|kamboh associates"
"blogs/tax-consultant-builders-developers-pakistan","builders developers",588,1,1,1,1,"fbr|income tax ordinance|pakistan|tax consultant|kamboh associates"
"blogs/tax-consultant-bund-road-lahore","best tax consultant in bund road lahore 2026",563,1,1,0,0,"fbr|income tax ordinance|pakistan|tax consultant|kamboh associates"
"blogs/tax-consultant-buner-city","best tax consultant in buner 2026 - fbr filing",702,1,1,1,0,"fbr|income tax ordinance|pakistan|tax consultant|kamboh associates"
"blogs/tax-consultant-buner","buner",823,1,1,1,1,"fbr|income tax ordinance|pakistan|tax consultant|kamboh associates"
"blogs/tax-consultant-burewala","best tax consultant in burewala 2026 - fbr filing",701,1,1,1,0,"fbr|income tax ordinance|pakistan|tax consultant|kamboh associates"
"blogs/tax-consultant-burns-road-karachi","best tax consultant in burns road karachi 2026",530,1,1,0,0,"fbr|income tax ordinance|pakistan|tax consultant|kamboh associates"
"blogs/tax-consultant-c-18-islamabad","best tax consultant in c-18 islamabad 2026",514,1,1,0,0,"fbr|income tax ordinance|pakistan|tax consultant|kamboh associates"
"blogs/tax-consultant-calgary-pakistanis","calgary pakistanis",979,1,1,1,1,"fbr|income tax ordinance|pakistan|tax consultant|kamboh associates"
"blogs/tax-consultant-canal-bank-road-lahore","canal bank road lahore",900,1,1,1,1,"fbr|income tax ordinance|pakistan|tax consultant|kamboh associates"
"blogs/tax-consultant-canal-colony-lahore","canal colony lahore",633,1,1,1,1,"fbr|income tax ordinance|pakistan|tax consultant|kamboh associates"
"blogs/tax-consultant-canal-park-lahore","canal park lahore",952,1,1,1,1,"fbr|income tax ordinance|pakistan|tax consultant|kamboh associates"
"blogs/tax-consultant-canal-road-lahore","best tax consultant in canal road lahore 2026",563,1,1,0,0,"fbr|income tax ordinance|pakistan|tax consultant|kamboh associates"
"blogs/tax-consultant-canal-view-lahore","canal view lahore",988,1,1,1,1,"fbr|income tax ordinance|pakistan|tax consultant|kamboh associates"
"blogs/tax-consultant-cantt-hyderabad","best tax consultant in cantt hyderabad 2026",918,1,1,0,0,"fbr|income tax ordinance|pakistan|tax consultant|kamboh associates"
"blogs/tax-consultant-cantt-lahore","cantt lahore",962,1,1,1,1,"fbr|income tax ordinance|pakistan|tax consultant|kamboh associates"
"blogs/tax-consultant-cantt-multan","best tax consultant in cantt multan 2026",920,1,1,0,0,"fbr|income tax ordinance|pakistan|tax consultant|kamboh associates"
"blogs/tax-consultant-cantt-peshawar","best tax consultant in cantt peshawar 2026",918,1,1,0,0,"fbr|income tax ordinance|pakistan|tax consultant|kamboh associates"
"blogs/tax-consultant-cantt-quetta","best tax consultant in cantt quetta 2026",920,1,1,0,0,"fbr|income tax ordinance|pakistan|tax consultant|kamboh associates"
"blogs/tax-consultant-cantt-rawalpindi","cantt rawalpindi",942,1,1,1,1,"fbr|income tax ordinance|pakistan|tax consultant|kamboh associates"
"blogs/tax-consultant-cantt-sialkot","best tax consultant in cantt sialkot 2026",918,1,1,0,0,"fbr|income tax ordinance|pakistan|tax consultant|kamboh associates"
"blogs/tax-consultant-capital-smart-city-islamabad","capital smart city islamabad",620,1,1,1,1,"fbr|income tax ordinance|pakistan|tax consultant|kamboh associates"
"blogs/tax-consultant-cavalry-ground-lahore-area","best tax consultant in cavalry ground lahore 2026",970,1,1,0,0,"fbr|income tax ordinance|pakistan|tax consultant|kamboh associates"
"blogs/tax-consultant-cavalry-ground-lahore","cavalry ground lahore",633,1,1,1,1,"fbr|income tax ordinance|pakistan|tax consultant|kamboh associates"
"blogs/tax-consultant-cbr-town-islamabad","best tax consultant in cbr town islamabad 2026",936,1,1,0,0,"fbr|income tax ordinance|pakistan|tax consultant|kamboh associates"
"blogs/tax-consultant-centaurus-islamabad","centaurus islamabad",593,1,1,1,1,"fbr|income tax ordinance|pakistan|tax consultant|kamboh associates"
"blogs/tax-consultant-central-park-lahore","central park lahore",987,1,1,1,1,"fbr|income tax ordinance|pakistan|tax consultant|kamboh associates"
"blogs/tax-consultant-chaklala-rawalpindi","best tax consultant in chaklala rawalpindi 2026",918,1,1,0,0,"fbr|income tax ordinance|pakistan|tax consultant|kamboh associates"
"blogs/tax-consultant-chakwal-city-centre","best tax consultant in city centre chakwal 2026",526,1,1,0,0,"fbr|income tax ordinance|pakistan|tax consultant|kamboh associates"
"blogs/tax-consultant-chakwal-city","best tax consultant in chakwal 2026",917,1,1,0,0,"fbr|income tax ordinance|pakistan|tax consultant|kamboh associates"
"blogs/tax-consultant-chakwal","chakwal",915,1,1,1,1,"fbr|income tax ordinance|pakistan|tax consultant|kamboh associates"
"blogs/tax-consultant-chaman-city","best tax consultant in chaman 2026",917,1,1,0,0,"fbr|income tax ordinance|pakistan|tax consultant|kamboh associates"
"blogs/tax-consultant-chaman","chaman",822,1,1,1,1,"fbr|income tax ordinance|pakistan|tax consultant|kamboh associates"
"blogs/tax-consultant-charsadda-city","best tax consultant in charsadda 2026",917,1,1,0,0,"fbr|income tax ordinance|pakistan|tax consultant|kamboh associates"
"blogs/tax-consultant-charsadda-road-psh-peshawar","charsadda road psh peshawar",531,1,1,1,1,"fbr|income tax ordinance|pakistan|tax consultant|kamboh associates"
"blogs/tax-consultant-charsadda","charsadda",915,1,1,1,1,"fbr|income tax ordinance|pakistan|tax consultant|kamboh associates"
"blogs/tax-consultant-chauburji-lahore","best tax consultant in chauburji lahore 2026",952,1,1,0,0,"fbr|income tax ordinance|pakistan|tax consultant|kamboh associates"
"blogs/tax-consultant-chicago-pakistanis","chicago pakistanis",979,1,1,1,1,"fbr|income tax ordinance|pakistan|tax consultant|kamboh associates"
"blogs/tax-consultant-chichawatni","chichawatni",701,1,1,1,1,"fbr|income tax ordinance|pakistan|tax consultant|kamboh associates"
"blogs/tax-consultant-chilas","best tax consultant in chilas 2026 - fbr filing",700,1,1,1,0,"fbr|income tax ordinance|pakistan|tax consultant|kamboh associates"
"blogs/tax-consultant-chiniot-city-centre","best tax consultant in city centre chiniot 2026",454,1,1,0,0,"fbr|income tax ordinance|pakistan|tax consultant|kamboh associates"
"blogs/tax-consultant-chiniot-city","best tax consultant in chiniot 2026",917,1,1,0,0,"fbr|income tax ordinance|pakistan|tax consultant|kamboh associates"
"blogs/tax-consultant-chiniot","chiniot",915,1,1,1,1,"fbr|income tax ordinance|pakistan|tax consultant|kamboh associates"
"blogs/tax-consultant-chishtian","chishtian",701,1,1,1,1,"fbr|income tax ordinance|pakistan|tax consultant|kamboh associates"
"blogs/tax-consultant-chitral-city","best tax consultant in chitral 2026",917,1,1,0,0,"fbr|income tax ordinance|pakistan|tax consultant|kamboh associates"
"blogs/tax-consultant-chitral","chitral",822,1,1,1,1,"fbr|income tax ordinance|pakistan|tax consultant|kamboh associates"
"blogs/tax-consultant-choa-saidan-shah","choa saidan shah",731,1,1,1,1,"fbr|income tax ordinance|pakistan|tax consultant|kamboh associates"
"blogs/tax-consultant-chungi-amar-sadhu-lahore","chungi amar sadhu lahore",908,1,1,1,1,"fbr|income tax ordinance|pakistan|tax consultant|kamboh associates"
"blogs/tax-consultant-chungi-no-9-multan","chungi no 9 multan",850,1,1,1,1,"fbr|income tax ordinance|pakistan|tax consultant|kamboh associates"
"blogs/tax-consultant-chungi-no9-multan","best tax consultant in chungi no 9 multan 2026",520,1,1,0,0,"fbr|income tax ordinance|pakistan|tax consultant|kamboh associates"
"blogs/tax-consultant-chunian-lahore","chunian lahore",874,1,1,1,1,"fbr|income tax ordinance|pakistan|tax consultant|kamboh associates"
"blogs/tax-consultant-chunian","best tax consultant in chunian 2026 - fbr filing",701,1,1,1,0,"fbr|income tax ordinance|pakistan|tax consultant|kamboh associates"
"blogs/tax-consultant-circular-road-lahore","best tax consultant in circular road lahore 2026",563,1,1,0,0,"fbr|income tax ordinance|pakistan|tax consultant|kamboh associates"
"blogs/tax-consultant-city-centre-bahawalpur","city centre bahawalpur",936,1,1,1,1,"fbr|income tax ordinance|pakistan|tax consultant|kamboh associates"
"blogs/tax-consultant-city-housing-society-lahore","city housing society lahore",971,1,1,1,1,"fbr|income tax ordinance|pakistan|tax consultant|kamboh associates"
"blogs/tax-consultant-civil-lines-faisalabad","civil lines faisalabad",936,1,1,1,1,"fbr|income tax ordinance|pakistan|tax consultant|kamboh associates"
"blogs/tax-consultant-civil-lines-gujranwala","civil lines gujranwala",936,1,1,1,1,"fbr|income tax ordinance|pakistan|tax consultant|kamboh associates"
"blogs/tax-consultant-civil-lines-karachi","best tax consultant in civil lines karachi 2026",530,1,1,0,0,"fbr|income tax ordinance|pakistan|tax consultant|kamboh associates"
"blogs/tax-consultant-clifton-block-2-karachi","clifton block 2 karachi",530,1,1,1,1,"fbr|income tax ordinance|pakistan|tax consultant|kamboh associates"
"blogs/tax-consultant-clifton-block-5-karachi","clifton block 5 karachi",530,1,1,1,1,"fbr|income tax ordinance|pakistan|tax consultant|kamboh associates"
"blogs/tax-consultant-clifton-block-9-karachi","clifton block 9 karachi",530,1,1,1,1,"fbr|income tax ordinance|pakistan|tax consultant|kamboh associates"
"blogs/tax-consultant-clifton-heights-islamabad","clifton heights islamabad",936,1,0,0,1,"fbr|income tax ordinance|pakistan|tax consultant|kamboh associates"
"blogs/tax-consultant-clifton-karachi","best tax consultant in clifton karachi 2026",918,1,1,0,0,"fbr|income tax ordinance|pakistan|tax consultant|kamboh associates"
"blogs/tax-consultant-clock-tower-faisalabad","clock tower faisalabad",530,1,1,1,1,"fbr|income tax ordinance|pakistan|tax consultant|kamboh associates"
"blogs/tax-consultant-college-road-lahore","college road lahore",891,1,1,1,1,"fbr|income tax ordinance|pakistan|tax consultant|kamboh associates"
"blogs/tax-consultant-commercial-market-rawalpindi","commercial market rawalpindi",850,1,1,1,1,"fbr|income tax ordinance|pakistan|tax consultant|kamboh associates"
"blogs/tax-consultant-d-12-islamabad","best tax consultant in d-12 islamabad 2026",917,1,1,0,0,"fbr|income tax ordinance|pakistan|tax consultant|kamboh associates"
"blogs/tax-consultant-d-13-islamabad","d 13 islamabad",589,1,1,1,1,"fbr|income tax ordinance|pakistan|tax consultant|kamboh associates"
"blogs/tax-consultant-d-14-islamabad","d 14 islamabad",589,1,1,1,1,"fbr|income tax ordinance|pakistan|tax consultant|kamboh associates"
"blogs/tax-consultant-d-15-islamabad","d 15 islamabad",589,1,1,1,1,"fbr|income tax ordinance|pakistan|tax consultant|kamboh associates"
"blogs/tax-consultant-d-16-islamabad","d 16 islamabad",589,1,1,1,1,"fbr|income tax ordinance|pakistan|tax consultant|kamboh associates"
"blogs/tax-consultant-d-17-islamabad","d 17 islamabad",589,1,1,1,1,"fbr|income tax ordinance|pakistan|tax consultant|kamboh associates"
"blogs/tax-consultant-d-ground-faisalabad","best tax consultant in d ground faisalabad 2026",918,1,1,0,0,"fbr|income tax ordinance|pakistan|tax consultant|kamboh associates"
"blogs/tax-consultant-d12-islamabad","d12 islamabad",836,0,0,0,1,"fbr|income tax ordinance|pakistan|tax consultant|kamboh associates"
"blogs/tax-consultant-dadu-city","best tax consultant in dadu 2026",917,1,1,0,0,"fbr|income tax ordinance|pakistan|tax consultant|kamboh associates"
"blogs/tax-consultant-dadu","dadu",823,1,1,1,1,"fbr|income tax ordinance|pakistan|tax consultant|kamboh associates"
"blogs/tax-consultant-daharki","best tax consultant in daharki 2026 - fbr filing",701,1,1,1,0,"fbr|income tax ordinance|pakistan|tax consultant|kamboh associates"
"blogs/tax-consultant-dalazak-road-peshawar","best tax consultant in dalazak road peshawar 2026",530,1,1,0,0,"fbr|income tax ordinance|pakistan|tax consultant|kamboh associates"
"blogs/tax-consultant-dallas-pakistanis","dallas pakistanis",981,1,1,1,1,"fbr|income tax ordinance|pakistan|tax consultant|kamboh associates"
"blogs/tax-consultant-darya-khan","darya khan",843,1,1,1,1,"fbr|income tax ordinance|pakistan|tax consultant|kamboh associates"
"blogs/tax-consultant-daska-city-centre","best tax consultant in city centre daska 2026",454,1,1,0,0,"fbr|income tax ordinance|pakistan|tax consultant|kamboh associates"
"blogs/tax-consultant-daska-sialkot","best tax consultant in daska sialkot 2026",918,1,1,0,0,"fbr|income tax ordinance|pakistan|tax consultant|kamboh associates"
"blogs/tax-consultant-daska","daska",823,1,1,1,1,"fbr|income tax ordinance|pakistan|tax consultant|kamboh associates"
"blogs/tax-consultant-data-darbar-lahore","best tax consultant in data darbar lahore 2026",563,1,1,0,0,"fbr|income tax ordinance|pakistan|tax consultant|kamboh associates"
"blogs/tax-consultant-data-ganj-bakhsh-lahore","data ganj bakhsh lahore",899,1,1,1,1,"fbr|income tax ordinance|pakistan|tax consultant|kamboh associates"
"blogs/tax-consultant-data-nagar-lahore","data nagar lahore",891,1,1,1,1,"fbr|income tax ordinance|pakistan|tax consultant|kamboh associates"
"blogs/tax-consultant-davis-road-lahore","davis road lahore",952,1,1,1,1,"fbr|income tax ordinance|pakistan|tax consultant|kamboh associates"
"blogs/tax-consultant-defence-karachi","best tax consultant in defence karachi 2026",918,1,1,0,0,"fbr|income tax ordinance|pakistan|tax consultant|kamboh associates"
"blogs/tax-consultant-defence-phase-2-karachi","defence phase 2 karachi",530,1,1,1,1,"fbr|income tax ordinance|pakistan|tax consultant|kamboh associates"
"blogs/tax-consultant-defence-phase-5-karachi","defence phase 5 karachi",530,1,1,1,1,"fbr|income tax ordinance|pakistan|tax consultant|kamboh associates"
"blogs/tax-consultant-defence-phase-8-karachi","defence phase 8 karachi",530,1,1,1,1,"fbr|income tax ordinance|pakistan|tax consultant|kamboh associates"
"blogs/tax-consultant-defence-road-lahore","defence road lahore",952,1,1,1,1,"fbr|income tax ordinance|pakistan|tax consultant|kamboh associates"
"blogs/tax-consultant-defence-view-karachi","defence view karachi",851,1,1,1,1,"fbr|income tax ordinance|pakistan|tax consultant|kamboh associates"
"blogs/tax-consultant-delhi-gate-lahore","delhi gate lahore",891,1,1,1,1,"fbr|income tax ordinance|pakistan|tax consultant|kamboh associates"
"blogs/tax-consultant-depalpur","best tax consultant in depalpur 2026 - fbr filing",701,1,1,1,0,"fbr|income tax ordinance|pakistan|tax consultant|kamboh associates"
"blogs/tax-consultant-dera-bugti","dera bugti",716,1,1,1,1,"fbr|income tax ordinance|pakistan|tax consultant|kamboh associates"
"blogs/tax-consultant-dera-ghazi-khan-city","best tax consultant in dera ghazi khan 2026",963,1,1,0,0,"fbr|income tax ordinance|pakistan|tax consultant|kamboh associates"
"blogs/tax-consultant-dera-ismail-khan-city","best tax consultant in dera ismail khan 2026",963,1,1,0,0,"fbr|income tax ordinance|pakistan|tax consultant|kamboh associates"
"blogs/tax-consultant-dera-ismail-khan","dera ismail khan",884,1,1,1,1,"fbr|income tax ordinance|pakistan|tax consultant|kamboh associates"
"blogs/tax-consultant-dg-khan","dg khan",975,0,0,0,1,"fbr|income tax ordinance|pakistan|tax consultant|kamboh associates"
"blogs/tax-consultant-dha-city-karachi","best tax consultant in dha city karachi 2026",530,1,1,0,0,"fbr|income tax ordinance|pakistan|tax consultant|kamboh associates"
"blogs/tax-consultant-dha-islamabad","best tax consultant in dha islamabad 2026",918,1,1,0,0,"fbr|income tax ordinance|pakistan|tax consultant|kamboh associates"
"blogs/tax-consultant-dha-karachi","best tax consultant in dha karachi 2026",920,1,1,0,0,"fbr|income tax ordinance|pakistan|tax consultant|kamboh associates"
"blogs/tax-consultant-dha-lahore-area","best tax consultant in dha lahore 2026",954,1,1,0,0,"fbr|income tax ordinance|pakistan|tax consultant|kamboh associates"
"blogs/tax-consultant-dha-lahore","dha lahore",977,1,1,1,1,"fbr|income tax ordinance|pakistan|tax consultant|kamboh associates"
"blogs/tax-consultant-dha-phase-1-karachi","dha phase 1 karachi",851,1,1,1,1,"fbr|income tax ordinance|pakistan|tax consultant|kamboh associates"
"blogs/tax-consultant-dha-phase-1-lahore","dha phase 1 lahore",884,1,1,1,1,"fbr|income tax ordinance|pakistan|tax consultant|kamboh associates"
"blogs/tax-consultant-dha-phase-10-lahore","dha phase 10 lahore",963,1,1,1,1,"fbr|income tax ordinance|pakistan|tax consultant|kamboh associates"
"blogs/tax-consultant-dha-phase-11-lahore","dha phase 11 lahore",644,1,1,1,1,"fbr|income tax ordinance|pakistan|tax consultant|kamboh associates"
"blogs/tax-consultant-dha-phase-2-karachi","best tax consultant in dha phase 2 karachi 2026",936,1,1,0,0,"fbr|income tax ordinance|pakistan|tax consultant|kamboh associates"
"blogs/tax-consultant-dha-phase-2-lahore","dha phase 2 lahore",884,1,1,1,1,"fbr|income tax ordinance|pakistan|tax consultant|kamboh associates"
"blogs/tax-consultant-dha-phase-3-lahore","dha phase 3 lahore",891,1,1,1,1,"fbr|income tax ordinance|pakistan|tax consultant|kamboh associates"
"blogs/tax-consultant-dha-phase-4-lahore","dha phase 4 lahore",891,1,1,1,1,"fbr|income tax ordinance|pakistan|tax consultant|kamboh associates"
"blogs/tax-consultant-dha-phase-5-lahore","dha phase 5 lahore",884,1,1,1,1,"fbr|income tax ordinance|pakistan|tax consultant|kamboh associates"
"blogs/tax-consultant-dha-phase-6-karachi","best tax consultant in dha phase 6 karachi 2026",936,1,1,0,0,"fbr|income tax ordinance|pakistan|tax consultant|kamboh associates"
"blogs/tax-consultant-dha-phase-6-lahore","dha phase 6 lahore",884,1,1,1,1,"fbr|income tax ordinance|pakistan|tax consultant|kamboh associates"
"blogs/tax-consultant-dha-phase-7-lahore","dha phase 7 lahore",891,1,1,1,1,"fbr|income tax ordinance|pakistan|tax consultant|kamboh associates"
"blogs/tax-consultant-dha-phase-8-lahore","dha phase 8 lahore",891,1,1,1,1,"fbr|income tax ordinance|pakistan|tax consultant|kamboh associates"
"blogs/tax-consultant-dha-phase-9-lahore","dha phase 9 lahore",891,1,1,1,1,"fbr|income tax ordinance|pakistan|tax consultant|kamboh associates"
"blogs/tax-consultant-dha-phase-9-prism-lahore","dha phase 9 prism lahore",971,1,1,1,1,"fbr|income tax ordinance|pakistan|tax consultant|kamboh associates"
"blogs/tax-consultant-dha-phase-9-town-lahore","dha phase 9 town lahore",971,1,1,1,1,"fbr|income tax ordinance|pakistan|tax consultant|kamboh associates"
"blogs/tax-consultant-dha-q-block-lahore","dha q block lahore",952,1,1,1,1,"fbr|income tax ordinance|pakistan|tax consultant|kamboh associates"
"blogs/tax-consultant-dha-rahbar-lahore","dha rahbar lahore",891,1,1,1,1,"fbr|income tax ordinance|pakistan|tax consultant|kamboh associates"
"blogs/tax-consultant-dha-raya-lahore","dha raya lahore",891,1,1,1,1,"fbr|income tax ordinance|pakistan|tax consultant|kamboh associates"
"blogs/tax-consultant-dha-y-block-lahore","dha y block lahore",952,1,1,1,1,"fbr|income tax ordinance|pakistan|tax consultant|kamboh associates"
"blogs/tax-consultant-dharampura-lahore","best tax consultant in dharampura lahore 2026",552,1,1,0,0,"fbr|income tax ordinance|pakistan|tax consultant|kamboh associates"
"blogs/tax-consultant-dhoke-hassu-rawalpindi","dhoke hassu rawalpindi",851,1,1,1,1,"fbr|income tax ordinance|pakistan|tax consultant|kamboh associates"
"blogs/tax-consultant-dijkot-faisalabad","best tax consultant in dijkot faisalabad 2026",519,1,1,0,0,"fbr|income tax ordinance|pakistan|tax consultant|kamboh associates"
"blogs/tax-consultant-dijkot-road-faisalabad","dijkot road faisalabad",944,1,1,1,1,"fbr|income tax ordinance|pakistan|tax consultant|kamboh associates"
"blogs/tax-consultant-dina-jhelum","best tax consultant in dina 2026 - fbr filing",702,1,1,1,0,"fbr|income tax ordinance|pakistan|tax consultant|kamboh associates"
"blogs/tax-consultant-dina","dina",823,1,1,1,1,"fbr|income tax ordinance|pakistan|tax consultant|kamboh associates"
"blogs/tax-consultant-dinga","best tax consultant in dinga 2026 - fbr filing",701,1,1,1,0,"fbr|income tax ordinance|pakistan|tax consultant|kamboh associates"
"blogs/tax-consultant-diplomatic-enclave-islamabad","diplomatic enclave islamabad",604,1,1,1,1,"fbr|income tax ordinance|pakistan|tax consultant|kamboh associates"
"blogs/tax-consultant-dir-lower","dir lower",851,1,1,1,1,"fbr|income tax ordinance|pakistan|tax consultant|kamboh associates"
"blogs/tax-consultant-doctors-pakistan","tax consultant for doctors in pakistan 2026",875,1,1,1,1,"fbr|income tax ordinance|pakistan|tax consultant|kamboh associates"
"blogs/tax-consultant-double-road-quetta","best tax consultant in double road quetta 2026",530,1,1,0,0,"fbr|income tax ordinance|pakistan|tax consultant|kamboh associates"
"blogs/tax-consultant-dubai-pakistanis","dubai pakistanis",1055,1,1,1,1,"fbr|income tax ordinance|pakistan|tax consultant|kamboh associates"
"blogs/tax-consultant-e-10-islamabad","e 10 islamabad",589,1,1,1,1,"fbr|income tax ordinance|pakistan|tax consultant|kamboh associates"
"blogs/tax-consultant-e-11-islamabad","best tax consultant in e-11 islamabad 2026",917,1,1,0,0,"fbr|income tax ordinance|pakistan|tax consultant|kamboh associates"
"blogs/tax-consultant-e-7-islamabad","best tax consultant in e-7 islamabad 2026",917,1,1,0,0,"fbr|income tax ordinance|pakistan|tax consultant|kamboh associates"
"blogs/tax-consultant-e-8-islamabad","e 8 islamabad",589,1,1,1,1,"fbr|income tax ordinance|pakistan|tax consultant|kamboh associates"
"blogs/tax-consultant-e-9-islamabad","best tax consultant in e-9 islamabad 2026",518,1,1,0,0,"fbr|income tax ordinance|pakistan|tax consultant|kamboh associates"
"blogs/tax-consultant-e11-islamabad","e11 islamabad",929,0,0,0,1,"fbr|income tax ordinance|pakistan|tax consultant|kamboh associates"
"blogs/tax-consultant-e7-islamabad","e7 islamabad",928,0,0,0,1,"fbr|income tax ordinance|pakistan|tax consultant|kamboh associates"
"blogs/tax-consultant-eden-abad-lahore","eden abad lahore",891,1,1,1,1,"fbr|income tax ordinance|pakistan|tax consultant|kamboh associates"
"blogs/tax-consultant-eden-boulevard-lahore","eden boulevard lahore",952,1,1,1,1,"fbr|income tax ordinance|pakistan|tax consultant|kamboh associates"
"blogs/tax-consultant-eden-city-lahore","eden city lahore",891,1,1,1,1,"fbr|income tax ordinance|pakistan|tax consultant|kamboh associates"
"blogs/tax-consultant-eden-garden-lahore","eden garden lahore",884,1,1,1,1,"fbr|income tax ordinance|pakistan|tax consultant|kamboh associates"
"blogs/tax-consultant-eden-motions-lahore","eden motions lahore",923,1,1,1,1,"fbr|income tax ordinance|pakistan|tax consultant|kamboh associates"
"blogs/tax-consultant-eden-orchard-lahore","eden orchard lahore",952,1,1,1,1,"fbr|income tax ordinance|pakistan|tax consultant|kamboh associates"
"blogs/tax-consultant-eden-residencia-lahore","eden residencia lahore",952,1,1,1,1,"fbr|income tax ordinance|pakistan|tax consultant|kamboh associates"
"blogs/tax-consultant-eden-value-homes-lahore","eden value homes lahore",570,1,1,1,1,"fbr|income tax ordinance|pakistan|tax consultant|kamboh associates"
"blogs/tax-consultant-eminabad","best tax consultant in eminabad 2026 - fbr filing",701,1,1,1,0,"fbr|income tax ordinance|pakistan|tax consultant|kamboh associates"
"blogs/tax-consultant-emporium-mall-lahore","emporium mall lahore",907,1,1,1,1,"fbr|income tax ordinance|pakistan|tax consultant|kamboh associates"
"blogs/tax-consultant-empress-road-lahore","empress road lahore",952,1,1,1,1,"fbr|income tax ordinance|pakistan|tax consultant|kamboh associates"
"blogs/tax-consultant-engineers-pakistan","tax consultant for engineers in pakistan 2026",768,1,1,1,1,"fbr|income tax ordinance|pakistan|tax consultant|kamboh associates"
"blogs/tax-consultant-engineers-town-islamabad","engineers town islamabad",608,1,1,1,1,"fbr|income tax ordinance|pakistan|tax consultant|kamboh associates"
"blogs/tax-consultant-engineers-town-lahore","engineers town lahore",891,1,1,1,1,"fbr|income tax ordinance|pakistan|tax consultant|kamboh associates"
"blogs/tax-consultant-exporters-pakistan","exporters",580,1,1,1,1,"fbr|income tax ordinance|pakistan|tax consultant|kamboh associates"
"blogs/tax-consultant-f-10-islamabad","best tax consultant in f-10 islamabad 2026",917,1,1,0,0,"fbr|income tax ordinance|pakistan|tax consultant|kamboh associates"
"blogs/tax-consultant-f-11-islamabad","best tax consultant in f-11 islamabad 2026",917,1,1,0,0,"fbr|income tax ordinance|pakistan|tax consultant|kamboh associates"
"blogs/tax-consultant-f-12-islamabad","f 12 islamabad",589,1,1,1,1,"fbr|income tax ordinance|pakistan|tax consultant|kamboh associates"
"blogs/tax-consultant-f-13-islamabad","f 13 islamabad",589,1,1,1,1,"fbr|income tax ordinance|pakistan|tax consultant|kamboh associates"
"blogs/tax-consultant-f-14-islamabad","f 14 islamabad",589,1,1,1,1,"fbr|income tax ordinance|pakistan|tax consultant|kamboh associates"
"blogs/tax-consultant-f-15-islamabad","f 15 islamabad",589,1,1,1,1,"fbr|income tax ordinance|pakistan|tax consultant|kamboh associates"
"blogs/tax-consultant-f-16-islamabad","f 16 islamabad",589,1,1,1,1,"fbr|income tax ordinance|pakistan|tax consultant|kamboh associates"
"blogs/tax-consultant-f-17-islamabad","f 17 islamabad",589,1,1,1,1,"fbr|income tax ordinance|pakistan|tax consultant|kamboh associates"
"blogs/tax-consultant-f-4-islamabad","best tax consultant in f-4 islamabad 2026",518,1,1,0,0,"fbr|income tax ordinance|pakistan|tax consultant|kamboh associates"
"blogs/tax-consultant-f-5-islamabad","best tax consultant in f-5 2026 - fbr filing",701,1,1,1,0,"fbr|income tax ordinance|pakistan|tax consultant|kamboh associates"
"blogs/tax-consultant-f-6-islamabad","best tax consultant in f-6 islamabad 2026",917,1,1,0,0,"fbr|income tax ordinance|pakistan|tax consultant|kamboh associates"
"blogs/tax-consultant-f-7-islamabad","best tax consultant in f-7 islamabad 2026",917,1,1,0,0,"fbr|income tax ordinance|pakistan|tax consultant|kamboh associates"
"blogs/tax-consultant-f-8-islamabad","best tax consultant in f-8 islamabad 2026",917,1,1,0,0,"fbr|income tax ordinance|pakistan|tax consultant|kamboh associates"
"blogs/tax-consultant-f-9-islamabad","best tax consultant in f-9 islamabad 2026",917,1,1,0,0,"fbr|income tax ordinance|pakistan|tax consultant|kamboh associates"
"blogs/tax-consultant-f10-islamabad","f10 islamabad",929,0,0,0,1,"fbr|income tax ordinance|pakistan|tax consultant|kamboh associates"
"blogs/tax-consultant-f11-islamabad","f11 islamabad",929,0,0,0,1,"fbr|income tax ordinance|pakistan|tax consultant|kamboh associates"
"blogs/tax-consultant-f7-islamabad","f7 islamabad",942,0,0,0,1,"fbr|income tax ordinance|pakistan|tax consultant|kamboh associates"
"blogs/tax-consultant-f8-islamabad","f8 islamabad",928,0,0,0,1,"fbr|income tax ordinance|pakistan|tax consultant|kamboh associates"
"blogs/tax-consultant-faisal-avenue-islamabad","faisal avenue islamabad",530,1,1,1,1,"fbr|income tax ordinance|pakistan|tax consultant|kamboh associates"
"blogs/tax-consultant-faisal-town-block-a-lahore","faisal town block a lahore",908,1,1,1,1,"fbr|income tax ordinance|pakistan|tax consultant|kamboh associates"
"blogs/tax-consultant-faisal-town-block-b-lahore","faisal town block b lahore",908,1,1,1,1,"fbr|income tax ordinance|pakistan|tax consultant|kamboh associates"
"blogs/tax-consultant-faisal-town-block-c-lahore","faisal town block c lahore",908,1,1,1,1,"fbr|income tax ordinance|pakistan|tax consultant|kamboh associates"
"blogs/tax-consultant-faisal-town-block-d-lahore","faisal town block d lahore",650,1,1,1,1,"fbr|income tax ordinance|pakistan|tax consultant|kamboh associates"
"blogs/tax-consultant-faisal-town-block-e-lahore","faisal town block e lahore",650,1,1,1,1,"fbr|income tax ordinance|pakistan|tax consultant|kamboh associates"
"blogs/tax-consultant-faisal-town-block-f-lahore","faisal town block f lahore",650,1,1,1,1,"fbr|income tax ordinance|pakistan|tax consultant|kamboh associates"
"blogs/tax-consultant-faisal-town-islamabad","faisal town islamabad",605,1,1,1,1,"fbr|income tax ordinance|pakistan|tax consultant|kamboh associates"
"blogs/tax-consultant-faisalabad-district","faisalabad district",848,1,1,1,1,"fbr|income tax ordinance|pakistan|tax consultant|kamboh associates"
"blogs/tax-consultant-faisalabad","best tax consultant in faisalabad 2026",689,1,1,0,0,"fbr|income tax ordinance|pakistan|tax consultant|kamboh associates"
"blogs/tax-consultant-faizabad-rawalpindi","faizabad rawalpindi",835,1,1,1,1,"fbr|income tax ordinance|pakistan|tax consultant|kamboh associates"
"blogs/tax-consultant-faqirabad-peshawar","best tax consultant in faqirabad peshawar 2026",519,1,1,0,0,"fbr|income tax ordinance|pakistan|tax consultant|kamboh associates"
"blogs/tax-consultant-farash-town-islamabad","farash town islamabad",605,1,1,1,1,"fbr|income tax ordinance|pakistan|tax consultant|kamboh associates"
"blogs/tax-consultant-farid-town-gujranwala","best tax consultant in farid town gujranwala 2026",530,1,1,0,0,"fbr|income tax ordinance|pakistan|tax consultant|kamboh associates"
"blogs/tax-consultant-farooq-colony-lahore","farooq colony lahore",952,1,1,1,1,"fbr|income tax ordinance|pakistan|tax consultant|kamboh associates"
"blogs/tax-consultant-fateh-jang","fateh jang",843,1,1,1,1,"fbr|income tax ordinance|pakistan|tax consultant|kamboh associates"
"blogs/tax-consultant-fatehjang","fatehjang",701,1,1,1,1,"fbr|income tax ordinance|pakistan|tax consultant|kamboh associates"
"blogs/tax-consultant-fb-area-karachi","fb area karachi",943,1,0,1,1,"fbr|income tax ordinance|pakistan|tax consultant|kamboh associates"
"blogs/tax-consultant-federal-b-area-karachi","federal b area karachi",936,1,1,1,1,"fbr|income tax ordinance|pakistan|tax consultant|kamboh associates"
"blogs/tax-consultant-fees-pakistan","fees",463,1,1,1,1,"fbr|income tax ordinance|pakistan|tax consultant|kamboh associates"
"blogs/tax-consultant-ferozepur-road-lahore","best tax consultant in ferozepur road lahore 2026",563,1,1,0,0,"fbr|income tax ordinance|pakistan|tax consultant|kamboh associates"
"blogs/tax-consultant-ferozewala-lahore","ferozewala lahore",873,1,1,1,1,"fbr|income tax ordinance|pakistan|tax consultant|kamboh associates"
"blogs/tax-consultant-ferozewala","ferozewala",822,1,1,1,1,"fbr|income tax ordinance|pakistan|tax consultant|kamboh associates"
"blogs/tax-consultant-ferozwala","ferozwala",701,1,1,1,1,"fbr|income tax ordinance|pakistan|tax consultant|kamboh associates"
"blogs/tax-consultant-formanites-housing-lahore","formanites housing lahore",636,1,1,1,1,"fbr|income tax ordinance|pakistan|tax consultant|kamboh associates"
"blogs/tax-consultant-fort-abbas","fort abbas",716,1,1,1,1,"fbr|income tax ordinance|pakistan|tax consultant|kamboh associates"
"blogs/tax-consultant-freelancers-online-pakistan","freelancers online",590,1,1,1,1,"fbr|income tax ordinance|pakistan|tax consultant|kamboh associates"
"blogs/tax-consultant-frere-town-karachi","best tax consultant in frere town karachi 2026",530,1,1,0,0,"fbr|income tax ordinance|pakistan|tax consultant|kamboh associates"
"blogs/tax-consultant-g-10-islamabad","best tax consultant in g-10 islamabad 2026",917,1,1,0,0,"fbr|income tax ordinance|pakistan|tax consultant|kamboh associates"
"blogs/tax-consultant-g-11-islamabad","best tax consultant in g-11 islamabad 2026",917,1,1,0,0,"fbr|income tax ordinance|pakistan|tax consultant|kamboh associates"
"blogs/tax-consultant-g-12-islamabad","best tax consultant in g-12 islamabad 2026",518,1,1,0,0,"fbr|income tax ordinance|pakistan|tax consultant|kamboh associates"
"blogs/tax-consultant-g-13-islamabad","best tax consultant in g-13 islamabad 2026",917,1,1,0,0,"fbr|income tax ordinance|pakistan|tax consultant|kamboh associates"
"blogs/tax-consultant-g-14-islamabad","best tax consultant in g-14 islamabad 2026",917,1,1,0,0,"fbr|income tax ordinance|pakistan|tax consultant|kamboh associates"
"blogs/tax-consultant-g-15-islamabad","best tax consultant in g-15 islamabad 2026",917,1,1,0,0,"fbr|income tax ordinance|pakistan|tax consultant|kamboh associates"
"blogs/tax-consultant-g-16-islamabad","g 16 islamabad",589,1,1,1,1,"fbr|income tax ordinance|pakistan|tax consultant|kamboh associates"
"blogs/tax-consultant-g-5-islamabad","g 5 islamabad",589,1,1,1,1,"fbr|income tax ordinance|pakistan|tax consultant|kamboh associates"
"blogs/tax-consultant-g-6-islamabad","best tax consultant in g-6 islamabad 2026",917,1,1,0,0,"fbr|income tax ordinance|pakistan|tax consultant|kamboh associates"
"blogs/tax-consultant-g-7-islamabad","best tax consultant in g-7 2026 - fbr filing",701,1,1,1,0,"fbr|income tax ordinance|pakistan|tax consultant|kamboh associates"
"blogs/tax-consultant-g-8-islamabad","best tax consultant in g-8 islamabad 2026",917,1,1,0,0,"fbr|income tax ordinance|pakistan|tax consultant|kamboh associates"
"blogs/tax-consultant-g-9-islamabad","best tax consultant in g-9 islamabad 2026",917,1,1,0,0,"fbr|income tax ordinance|pakistan|tax consultant|kamboh associates"
"blogs/tax-consultant-g10-islamabad","g10 islamabad",836,0,0,0,1,"fbr|income tax ordinance|pakistan|tax consultant|kamboh associates"
"blogs/tax-consultant-g11-islamabad","g11 islamabad",929,0,0,0,1,"fbr|income tax ordinance|pakistan|tax consultant|kamboh associates"
"blogs/tax-consultant-g13-islamabad","g13 islamabad",836,0,0,0,1,"fbr|income tax ordinance|pakistan|tax consultant|kamboh associates"
"blogs/tax-consultant-g14-islamabad","g14 islamabad",836,0,0,0,1,"fbr|income tax ordinance|pakistan|tax consultant|kamboh associates"
"blogs/tax-consultant-g15-islamabad","g15 islamabad",836,0,0,0,1,"fbr|income tax ordinance|pakistan|tax consultant|kamboh associates"
"blogs/tax-consultant-g9-islamabad","g9 islamabad",928,0,0,0,1,"fbr|income tax ordinance|pakistan|tax consultant|kamboh associates"
"blogs/tax-consultant-gadap-town-karachi","best tax consultant in gadap town karachi 2026",936,1,1,0,0,"fbr|income tax ordinance|pakistan|tax consultant|kamboh associates"
"blogs/tax-consultant-gajumata-lahore","gajumata lahore",873,1,1,1,1,"fbr|income tax ordinance|pakistan|tax consultant|kamboh associates"
"blogs/tax-consultant-gambat","best tax consultant in gambat 2026 - fbr filing",701,1,1,1,0,"fbr|income tax ordinance|pakistan|tax consultant|kamboh associates"
"blogs/tax-consultant-garden-block-lahore","garden block lahore",891,1,1,1,1,"fbr|income tax ordinance|pakistan|tax consultant|kamboh associates"
"blogs/tax-consultant-garden-karachi","best tax consultant in garden karachi 2026",918,1,1,0,0,"fbr|income tax ordinance|pakistan|tax consultant|kamboh associates"
"blogs/tax-consultant-garden-town-block-a-lahore","garden town block a lahore",908,1,1,1,1,"fbr|income tax ordinance|pakistan|tax consultant|kamboh associates"
"blogs/tax-consultant-garden-town-block-b-lahore","garden town block b lahore",908,1,1,1,1,"fbr|income tax ordinance|pakistan|tax consultant|kamboh associates"
"blogs/tax-consultant-garden-town-multan","garden town multan",851,1,1,1,1,"fbr|income tax ordinance|pakistan|tax consultant|kamboh associates"
"blogs/tax-consultant-garden-town-super-market-lahore","garden town super market lahore",990,1,1,1,1,"fbr|income tax ordinance|pakistan|tax consultant|kamboh associates"
"blogs/tax-consultant-garden-west-karachi","garden west karachi",717,1,1,1,1,"fbr|income tax ordinance|pakistan|tax consultant|kamboh associates"
"blogs/tax-consultant-garhi-shahu-lahore","best tax consultant in garhi shahu lahore 2026",969,1,1,0,0,"fbr|income tax ordinance|pakistan|tax consultant|kamboh associates"
"blogs/tax-consultant-ghalib-market-lahore","ghalib market lahore",888,1,1,1,1,"fbr|income tax ordinance|pakistan|tax consultant|kamboh associates"
"blogs/tax-consultant-ghanche","best tax consultant in ghanche 2026 - fbr filing",700,1,1,1,0,"fbr|income tax ordinance|pakistan|tax consultant|kamboh associates"
"blogs/tax-consultant-ghauri-town-islamabad","ghauri town islamabad",605,1,1,1,1,"fbr|income tax ordinance|pakistan|tax consultant|kamboh associates"
"blogs/tax-consultant-ghizer","best tax consultant in ghizer 2026 - fbr filing",700,1,1,1,0,"fbr|income tax ordinance|pakistan|tax consultant|kamboh associates"
"blogs/tax-consultant-ghosia-colony-lahore","ghosia colony lahore",891,1,1,1,1,"fbr|income tax ordinance|pakistan|tax consultant|kamboh associates"
"blogs/tax-consultant-ghotki-city","best tax consultant in ghotki 2026",917,1,1,0,0,"fbr|income tax ordinance|pakistan|tax consultant|kamboh associates"
"blogs/tax-consultant-ghotki","ghotki",822,1,1,1,1,"fbr|income tax ordinance|pakistan|tax consultant|kamboh associates"
"blogs/tax-consultant-ghulam-muhammad-abad-faisalabad","ghulam muhammad abad faisalabad",541,1,1,1,1,"fbr|income tax ordinance|pakistan|tax consultant|kamboh associates"
"blogs/tax-consultant-gilgit-city","best tax consultant in gilgit 2026",917,1,1,0,0,"fbr|income tax ordinance|pakistan|tax consultant|kamboh associates"
"blogs/tax-consultant-gilgit","gilgit",915,1,1,1,1,"fbr|income tax ordinance|pakistan|tax consultant|kamboh associates"
"blogs/tax-consultant-gojra","best tax consultant in gojra 2026 - fbr filing",705,1,1,1,0,"fbr|income tax ordinance|pakistan|tax consultant|kamboh associates"
"blogs/tax-consultant-golra-islamabad","best tax consultant in golra islamabad 2026",519,1,1,0,0,"fbr|income tax ordinance|pakistan|tax consultant|kamboh associates"
"blogs/tax-consultant-gondlanwala-gujranwala","gondlanwala gujranwala",519,1,1,1,1,"fbr|income tax ordinance|pakistan|tax consultant|kamboh associates"
"blogs/tax-consultant-government-employees-pakistan","government employees",812,1,1,1,1,"fbr|income tax ordinance|pakistan|tax consultant|kamboh associates"
"blogs/tax-consultant-green-acres-lahore","green acres lahore",987,1,1,1,1,"fbr|income tax ordinance|pakistan|tax consultant|kamboh associates"
"blogs/tax-consultant-green-city-lahore","green city lahore",891,1,1,1,1,"fbr|income tax ordinance|pakistan|tax consultant|kamboh associates"
"blogs/tax-consultant-green-fort-lahore","green fort lahore",988,1,1,1,1,"fbr|income tax ordinance|pakistan|tax consultant|kamboh associates"
"blogs/tax-consultant-green-town-block-a-lahore","green town block a lahore",908,1,1,1,1,"fbr|income tax ordinance|pakistan|tax consultant|kamboh associates"
"blogs/tax-consultant-green-town-block-b-lahore","green town block b lahore",908,1,1,1,1,"fbr|income tax ordinance|pakistan|tax consultant|kamboh associates"
"blogs/tax-consultant-green-town-block-c-lahore","green town block c lahore",971,1,1,1,1,"fbr|income tax ordinance|pakistan|tax consultant|kamboh associates"
"blogs/tax-consultant-green-town-block-d-lahore","green town block d lahore",971,1,1,1,1,"fbr|income tax ordinance|pakistan|tax consultant|kamboh associates"
"blogs/tax-consultant-green-town-block-e-lahore","green town block e lahore",971,1,1,1,1,"fbr|income tax ordinance|pakistan|tax consultant|kamboh associates"
"blogs/tax-consultant-green-town-block-f-lahore","green town block f lahore",650,1,1,1,1,"fbr|income tax ordinance|pakistan|tax consultant|kamboh associates"
"blogs/tax-consultant-green-town-block-g-lahore","green town block g lahore",650,1,1,1,1,"fbr|income tax ordinance|pakistan|tax consultant|kamboh associates"
"blogs/tax-consultant-green-town-lahore","best tax consultant in green town lahore 2026",970,1,1,0,0,"fbr|income tax ordinance|pakistan|tax consultant|kamboh associates"
"blogs/tax-consultant-gt-road-lahore","gt road lahore",874,1,1,1,1,"fbr|income tax ordinance|pakistan|tax consultant|kamboh associates"
"blogs/tax-consultant-gujar-khan","gujar khan",716,1,1,1,1,"fbr|income tax ordinance|pakistan|tax consultant|kamboh associates"
"blogs/tax-consultant-gujranwala-satellite-town","gujranwala satellite town",452,1,1,1,1,"fbr|income tax ordinance|pakistan|tax consultant|kamboh associates"
"blogs/tax-consultant-gujranwala","best tax consultant in gujranwala 2026",708,1,1,0,0,"fbr|income tax ordinance|pakistan|tax consultant|kamboh associates"
"blogs/tax-consultant-gujrat-cantt","gujrat cantt",716,1,1,1,1,"fbr|income tax ordinance|pakistan|tax consultant|kamboh associates"
"blogs/tax-consultant-gujrat-city-centre","best tax consultant in city centre gujrat 2026",526,1,1,0,0,"fbr|income tax ordinance|pakistan|tax consultant|kamboh associates"
"blogs/tax-consultant-gujrat-city","best tax consultant in gujrat 2026",917,1,1,0,0,"fbr|income tax ordinance|pakistan|tax consultant|kamboh associates"
"blogs/tax-consultant-gujrat","gujrat",634,1,1,1,1,"fbr|income tax ordinance|pakistan|tax consultant|kamboh associates"
"blogs/tax-consultant-gul-ahmed-colony-lahore","gul ahmed colony lahore",971,1,1,1,1,"fbr|income tax ordinance|pakistan|tax consultant|kamboh associates"
"blogs/tax-consultant-gulbahar-peshawar","best tax consultant in gulbahar peshawar 2026",918,1,1,0,0,"fbr|income tax ordinance|pakistan|tax consultant|kamboh associates"
"blogs/tax-consultant-gulberg-1-lahore","gulberg 1 lahore",865,1,1,1,1,"fbr|income tax ordinance|pakistan|tax consultant|kamboh associates"
"blogs/tax-consultant-gulberg-2-lahore","gulberg 2 lahore",865,1,1,1,1,"fbr|income tax ordinance|pakistan|tax consultant|kamboh associates"
"blogs/tax-consultant-gulberg-3-lahore","gulberg 3 lahore",865,1,1,1,1,"fbr|income tax ordinance|pakistan|tax consultant|kamboh associates"
"blogs/tax-consultant-gulberg-4-lahore","gulberg 4 lahore",929,1,1,1,1,"fbr|income tax ordinance|pakistan|tax consultant|kamboh associates"
"blogs/tax-consultant-gulberg-5-lahore","gulberg 5 lahore",865,1,1,1,1,"fbr|income tax ordinance|pakistan|tax consultant|kamboh associates"
"blogs/tax-consultant-gulberg-faisalabad","gulberg faisalabad",928,1,1,1,1,"fbr|income tax ordinance|pakistan|tax consultant|kamboh associates"
"blogs/tax-consultant-gulberg-green-lahore","gulberg green lahore",949,1,1,1,1,"fbr|income tax ordinance|pakistan|tax consultant|kamboh associates"
"blogs/tax-consultant-gulberg-greens-islamabad","gulberg greens islamabad",604,1,1,1,1,"fbr|income tax ordinance|pakistan|tax consultant|kamboh associates"
"blogs/tax-consultant-gulberg-iii-lahore","gulberg iii lahore",747,1,1,1,1,"fbr|income tax ordinance|pakistan|tax consultant|kamboh associates"
"blogs/tax-consultant-gulberg-karachi","gulberg karachi",850,1,1,1,1,"fbr|income tax ordinance|pakistan|tax consultant|kamboh associates"
"blogs/tax-consultant-gulberg-lahore","best tax consultant in gulberg lahore 2026",950,1,1,0,0,"fbr|income tax ordinance|pakistan|tax consultant|kamboh associates"
"blogs/tax-consultant-gulberg-main-market-lahore","gulberg main market lahore",968,1,1,1,1,"fbr|income tax ordinance|pakistan|tax consultant|kamboh associates"
"blogs/tax-consultant-gulberg-v-lahore","gulberg v lahore",732,1,1,1,1,"fbr|income tax ordinance|pakistan|tax consultant|kamboh associates"
"blogs/tax-consultant-gulberg-vi-lahore","gulberg vi lahore",626,1,1,1,1,"fbr|income tax ordinance|pakistan|tax consultant|kamboh associates"
"blogs/tax-consultant-gulgasht-multan","best tax consultant in gulgasht multan 2026",918,1,1,0,0,"fbr|income tax ordinance|pakistan|tax consultant|kamboh associates"
"blogs/tax-consultant-gulistan-colony-faisalabad","gulistan colony faisalabad",936,1,1,1,1,"fbr|income tax ordinance|pakistan|tax consultant|kamboh associates"
"blogs/tax-consultant-gulistan-colony-lahore","gulistan colony lahore",891,1,1,1,1,"fbr|income tax ordinance|pakistan|tax consultant|kamboh associates"
"blogs/tax-consultant-gulistan-e-johar-karachi","gulistan e johar karachi",919,1,1,1,1,"fbr|income tax ordinance|pakistan|tax consultant|kamboh associates"
"blogs/tax-consultant-gulistan-jauhar-karachi","gulistan jauhar karachi",928,1,1,1,1,"fbr|income tax ordinance|pakistan|tax consultant|kamboh associates"
"blogs/tax-consultant-gulraiz-housing-islamabad","gulraiz housing islamabad",936,1,1,1,1,"fbr|income tax ordinance|pakistan|tax consultant|kamboh associates"
"blogs/tax-consultant-gulshan-block-1-karachi","gulshan block 1 karachi",850,1,1,1,1,"fbr|income tax ordinance|pakistan|tax consultant|kamboh associates"
"blogs/tax-consultant-gulshan-block-13-karachi","gulshan block 13 karachi",534,1,1,1,1,"fbr|income tax ordinance|pakistan|tax consultant|kamboh associates"
"blogs/tax-consultant-gulshan-block-6-karachi","gulshan block 6 karachi",526,1,1,1,1,"fbr|income tax ordinance|pakistan|tax consultant|kamboh associates"
"blogs/tax-consultant-gulshan-block-7-karachi","gulshan block 7 karachi",526,1,1,1,1,"fbr|income tax ordinance|pakistan|tax consultant|kamboh associates"
"blogs/tax-consultant-gulshan-e-iqbal-karachi","gulshan e iqbal karachi",919,1,1,1,1,"fbr|income tax ordinance|pakistan|tax consultant|kamboh associates"
"blogs/tax-consultant-gulshan-e-lahore","gulshan e lahore",872,1,1,1,1,"fbr|income tax ordinance|pakistan|tax consultant|kamboh associates"
"blogs/tax-consultant-gulshan-e-maymar-karachi","gulshan e maymar karachi",919,1,1,1,1,"fbr|income tax ordinance|pakistan|tax consultant|kamboh associates"
"blogs/tax-consultant-gulshan-e-ravi-lahore","gulshan e ravi lahore",616,1,1,1,1,"fbr|income tax ordinance|pakistan|tax consultant|kamboh associates"
"blogs/tax-consultant-gulshan-iqbal-karachi","gulshan iqbal karachi",928,1,1,1,1,"fbr|income tax ordinance|pakistan|tax consultant|kamboh associates"
"blogs/tax-consultant-gulshan-park-lahore","gulshan park lahore",952,1,1,1,1,"fbr|income tax ordinance|pakistan|tax consultant|kamboh associates"
"blogs/tax-consultant-gulshan-ravi-block-a-lahore","gulshan ravi block a lahore",890,1,1,1,1,"fbr|income tax ordinance|pakistan|tax consultant|kamboh associates"
"blogs/tax-consultant-gulshan-ravi-block-b-lahore","gulshan ravi block b lahore",890,1,1,1,1,"fbr|income tax ordinance|pakistan|tax consultant|kamboh associates"
"blogs/tax-consultant-gulshan-ravi-block-c-lahore","gulshan ravi block c lahore",890,1,1,1,1,"fbr|income tax ordinance|pakistan|tax consultant|kamboh associates"
"blogs/tax-consultant-gulshan-ravi-block-d-lahore","gulshan ravi block d lahore",890,1,1,1,1,"fbr|income tax ordinance|pakistan|tax consultant|kamboh associates"
"blogs/tax-consultant-gulshan-ravi-block-e-lahore","gulshan ravi block e lahore",951,1,1,1,1,"fbr|income tax ordinance|pakistan|tax consultant|kamboh associates"
"blogs/tax-consultant-gulshan-ravi-block-f-lahore","gulshan ravi block f lahore",951,1,1,1,1,"fbr|income tax ordinance|pakistan|tax consultant|kamboh associates"
"blogs/tax-consultant-gulshan-ravi-block-g-lahore","gulshan ravi block g lahore",650,1,1,1,1,"fbr|income tax ordinance|pakistan|tax consultant|kamboh associates"
"blogs/tax-consultant-gulshan-ravi-block-h-lahore","gulshan ravi block h lahore",650,1,1,1,1,"fbr|income tax ordinance|pakistan|tax consultant|kamboh associates"
"blogs/tax-consultant-gulshan-ravi-lahore-area","best tax consultant in gulshan ravi lahore 2026",970,1,1,0,0,"fbr|income tax ordinance|pakistan|tax consultant|kamboh associates"
"blogs/tax-consultant-gulzar-e-quaid-rawalpindi","gulzar e quaid rawalpindi",835,1,1,1,1,"fbr|income tax ordinance|pakistan|tax consultant|kamboh associates"
"blogs/tax-consultant-gunjmandi-rawalpindi","best tax consultant in gunjmandi rawalpindi 2026",519,1,1,0,0,"fbr|income tax ordinance|pakistan|tax consultant|kamboh associates"
"blogs/tax-consultant-gwadar-city","best tax consultant in gwadar 2026",917,1,1,0,0,"fbr|income tax ordinance|pakistan|tax consultant|kamboh associates"
"blogs/tax-consultant-gwadar","gwadar",822,1,1,1,1,"fbr|income tax ordinance|pakistan|tax consultant|kamboh associates"
"blogs/tax-consultant-h-10-islamabad","best tax consultant in h-10 islamabad 2026",917,1,1,0,0,"fbr|income tax ordinance|pakistan|tax consultant|kamboh associates"
"blogs/tax-consultant-h-11-islamabad","best tax consultant in h-11 islamabad 2026",518,1,1,0,0,"fbr|income tax ordinance|pakistan|tax consultant|kamboh associates"
"blogs/tax-consultant-h-12-islamabad","h 12 islamabad",589,1,1,1,1,"fbr|income tax ordinance|pakistan|tax consultant|kamboh associates"
"blogs/tax-consultant-h-13-islamabad","h 13 islamabad",589,1,1,1,1,"fbr|income tax ordinance|pakistan|tax consultant|kamboh associates"
"blogs/tax-consultant-h-14-islamabad","h 14 islamabad",589,1,1,1,1,"fbr|income tax ordinance|pakistan|tax consultant|kamboh associates"
"blogs/tax-consultant-h-15-islamabad","h 15 islamabad",589,1,1,1,1,"fbr|income tax ordinance|pakistan|tax consultant|kamboh associates"
"blogs/tax-consultant-h-8-islamabad","best tax consultant in h-8 islamabad 2026",917,1,1,0,0,"fbr|income tax ordinance|pakistan|tax consultant|kamboh associates"
"blogs/tax-consultant-h-9-islamabad","best tax consultant in h-9 islamabad 2026",917,1,1,0,0,"fbr|income tax ordinance|pakistan|tax consultant|kamboh associates"
"blogs/tax-consultant-h13-islamabad","h13 islamabad",836,0,0,0,1,"fbr|income tax ordinance|pakistan|tax consultant|kamboh associates"
"blogs/tax-consultant-hafeezabad-multan","best tax consultant in hafeezabad multan 2026",519,1,1,0,0,"fbr|income tax ordinance|pakistan|tax consultant|kamboh associates"
"blogs/tax-consultant-hafizabad-city-centre","best tax consultant in city centre hafizabad 2026",526,1,1,0,0,"fbr|income tax ordinance|pakistan|tax consultant|kamboh associates"
"blogs/tax-consultant-hafizabad-city","best tax consultant in hafizabad 2026",917,1,1,0,0,"fbr|income tax ordinance|pakistan|tax consultant|kamboh associates"
"blogs/tax-consultant-hafizabad","hafizabad",915,1,1,1,1,"fbr|income tax ordinance|pakistan|tax consultant|kamboh associates"
"blogs/tax-consultant-hala","best tax consultant in hala 2026 - fbr filing",701,1,1,1,0,"fbr|income tax ordinance|pakistan|tax consultant|kamboh associates"
"blogs/tax-consultant-hali-road-hyderabad","best tax consultant in hali road hyderabad 2026",530,1,1,0,0,"fbr|income tax ordinance|pakistan|tax consultant|kamboh associates"
"blogs/tax-consultant-hall-road-lahore","hall road lahore",891,1,1,1,1,"fbr|income tax ordinance|pakistan|tax consultant|kamboh associates"
"blogs/tax-consultant-hangu-city","best tax consultant in hangu 2026",917,1,1,0,0,"fbr|income tax ordinance|pakistan|tax consultant|kamboh associates"
"blogs/tax-consultant-hangu","hangu",823,1,1,1,1,"fbr|income tax ordinance|pakistan|tax consultant|kamboh associates"
"blogs/tax-consultant-hanjarwal-lahore","hanjarwal lahore",873,1,1,1,1,"fbr|income tax ordinance|pakistan|tax consultant|kamboh associates"
"blogs/tax-consultant-harbanspura-lahore","best tax consultant in harbanspura lahore 2026",951,1,1,0,0,"fbr|income tax ordinance|pakistan|tax consultant|kamboh associates"
"blogs/tax-consultant-harbanspura-road-lahore","harbanspura road lahore",632,1,1,1,1,"fbr|income tax ordinance|pakistan|tax consultant|kamboh associates"
"blogs/tax-consultant-haripur-city","best tax consultant in haripur 2026",917,1,1,0,0,"fbr|income tax ordinance|pakistan|tax consultant|kamboh associates"
"blogs/tax-consultant-haripur","haripur",822,1,1,1,1,"fbr|income tax ordinance|pakistan|tax consultant|kamboh associates"
"blogs/tax-consultant-harnai","best tax consultant in harnai 2026 - fbr filing",701,1,1,1,0,"fbr|income tax ordinance|pakistan|tax consultant|kamboh associates"
"blogs/tax-consultant-haroonabad","haroonabad",701,1,1,1,1,"fbr|income tax ordinance|pakistan|tax consultant|kamboh associates"
"blogs/tax-consultant-hattian-bala","hattian bala",716,1,1,1,1,"fbr|income tax ordinance|pakistan|tax consultant|kamboh associates"
"blogs/tax-consultant-haveli-lakha","haveli lakha",716,1,1,1,1,"fbr|income tax ordinance|pakistan|tax consultant|kamboh associates"
"blogs/tax-consultant-havelian","havelian",822,1,1,1,1,"fbr|income tax ordinance|pakistan|tax consultant|kamboh associates"
"blogs/tax-consultant-hawkes-bay-karachi","best tax consultant in hawkes bay karachi 2026",530,1,1,0,0,"fbr|income tax ordinance|pakistan|tax consultant|kamboh associates"
"blogs/tax-consultant-hayatabad-peshawar","best tax consultant in hayatabad peshawar 2026",918,1,1,0,0,"fbr|income tax ordinance|pakistan|tax consultant|kamboh associates"
"blogs/tax-consultant-hazro","best tax consultant in hazro 2026 - fbr filing",701,1,1,1,0,"fbr|income tax ordinance|pakistan|tax consultant|kamboh associates"
"blogs/tax-consultant-hirabad-hyderabad","best tax consultant in hirabad hyderabad 2026",918,1,1,0,0,"fbr|income tax ordinance|pakistan|tax consultant|kamboh associates"
"blogs/tax-consultant-houston-pakistanis","houston pakistanis",978,1,1,1,1,"fbr|income tax ordinance|pakistan|tax consultant|kamboh associates"
"blogs/tax-consultant-hub-city","best tax consultant in hub 2026",917,1,1,0,0,"fbr|income tax ordinance|pakistan|tax consultant|kamboh associates"
"blogs/tax-consultant-hub","hub",823,1,1,1,1,"fbr|income tax ordinance|pakistan|tax consultant|kamboh associates"
"blogs/tax-consultant-humak-islamabad","humak islamabad",590,1,1,1,1,"fbr|income tax ordinance|pakistan|tax consultant|kamboh associates"
"blogs/tax-consultant-hunza-city","best tax consultant in hunza 2026",917,1,1,0,0,"fbr|income tax ordinance|pakistan|tax consultant|kamboh associates"
"blogs/tax-consultant-hunza","hunza",823,1,1,1,1,"fbr|income tax ordinance|pakistan|tax consultant|kamboh associates"
"blogs/tax-consultant-hussain-agahi-multan","best tax consultant in hussain agahi multan 2026",530,1,1,0,0,"fbr|income tax ordinance|pakistan|tax consultant|kamboh associates"
"blogs/tax-consultant-hussainabad-hyd-hyderabad","best tax consultant in hussainabad hyderabad 2026",520,1,1,0,0,"fbr|income tax ordinance|pakistan|tax consultant|kamboh associates"
"blogs/tax-consultant-hyderabad-latifabad","hyderabad latifabad",517,1,1,1,1,"fbr|income tax ordinance|pakistan|tax consultant|kamboh associates"
"blogs/tax-consultant-hyderabad-qasimabad","hyderabad qasimabad",517,1,1,1,1,"fbr|income tax ordinance|pakistan|tax consultant|kamboh associates"
"blogs/tax-consultant-hyderabad","hyderabad",714,1,1,1,1,"fbr|income tax ordinance|pakistan|tax consultant|kamboh associates"
"blogs/tax-consultant-hyderi-karachi","best tax consultant in hyderi 2026 - fbr filing",702,1,1,1,0,"fbr|income tax ordinance|pakistan|tax consultant|kamboh associates"
"blogs/tax-consultant-i-10-islamabad","best tax consultant in i-10 islamabad 2026",917,1,1,0,0,"fbr|income tax ordinance|pakistan|tax consultant|kamboh associates"
"blogs/tax-consultant-i-11-islamabad","best tax consultant in i-11 islamabad 2026",518,1,1,0,0,"fbr|income tax ordinance|pakistan|tax consultant|kamboh associates"
"blogs/tax-consultant-i-12-islamabad","best tax consultant in i-12 islamabad 2026",518,1,1,0,0,"fbr|income tax ordinance|pakistan|tax consultant|kamboh associates"
"blogs/tax-consultant-i-13-islamabad","i 13 islamabad",589,1,1,1,1,"fbr|income tax ordinance|pakistan|tax consultant|kamboh associates"
"blogs/tax-consultant-i-14-islamabad","best tax consultant in i-14 islamabad 2026",518,1,1,0,0,"fbr|income tax ordinance|pakistan|tax consultant|kamboh associates"
"blogs/tax-consultant-i-15-islamabad","best tax consultant in i-15 islamabad 2026",518,1,1,0,0,"fbr|income tax ordinance|pakistan|tax consultant|kamboh associates"
"blogs/tax-consultant-i-16-islamabad","best tax consultant in i-16 islamabad 2026",518,1,1,0,0,"fbr|income tax ordinance|pakistan|tax consultant|kamboh associates"
"blogs/tax-consultant-i-8-islamabad","best tax consultant in i-8 islamabad 2026",917,1,1,0,0,"fbr|income tax ordinance|pakistan|tax consultant|kamboh associates"
"blogs/tax-consultant-i-9-islamabad","best tax consultant in i-9 islamabad 2026",917,1,1,0,0,"fbr|income tax ordinance|pakistan|tax consultant|kamboh associates"
"blogs/tax-consultant-i10-islamabad","i10 islamabad",836,0,0,0,1,"fbr|income tax ordinance|pakistan|tax consultant|kamboh associates"
"blogs/tax-consultant-i14-islamabad","i14 islamabad",836,0,0,0,1,"fbr|income tax ordinance|pakistan|tax consultant|kamboh associates"
"blogs/tax-consultant-i8-islamabad","i8 islamabad",928,0,0,0,1,"fbr|income tax ordinance|pakistan|tax consultant|kamboh associates"
"blogs/tax-consultant-ibrahim-hyderi-karachi","ibrahim hyderi karachi",717,1,1,1,1,"fbr|income tax ordinance|pakistan|tax consultant|kamboh associates"
"blogs/tax-consultant-ichhra-lahore","ichhra lahore",962,1,1,1,1,"fbr|income tax ordinance|pakistan|tax consultant|kamboh associates"
"blogs/tax-consultant-ichra-lahore","best tax consultant in ichra lahore 2026",953,1,1,0,0,"fbr|income tax ordinance|pakistan|tax consultant|kamboh associates"
"blogs/tax-consultant-importers-pakistan-2026","importers",517,1,1,1,1,"fbr|income tax ordinance|pakistan|tax consultant|kamboh associates"
"blogs/tax-consultant-industrial-estate-faisalabad","industrial estate faisalabad",530,1,1,1,1,"fbr|income tax ordinance|pakistan|tax consultant|kamboh associates"
"blogs/tax-consultant-iqbal-avenue-lahore","iqbal avenue lahore",952,1,1,1,1,"fbr|income tax ordinance|pakistan|tax consultant|kamboh associates"
"blogs/tax-consultant-iqbal-park-lahore","iqbal park lahore",891,1,1,1,1,"fbr|income tax ordinance|pakistan|tax consultant|kamboh associates"
"blogs/tax-consultant-iqbal-town-block-a-lahore","iqbal town block a lahore",910,1,1,1,1,"fbr|income tax ordinance|pakistan|tax consultant|kamboh associates"
"blogs/tax-consultant-iqbal-town-block-b-lahore","iqbal town block b lahore",910,1,1,1,1,"fbr|income tax ordinance|pakistan|tax consultant|kamboh associates"
"blogs/tax-consultant-iqbal-town-block-c-lahore","iqbal town block c lahore",910,1,1,1,1,"fbr|income tax ordinance|pakistan|tax consultant|kamboh associates"
"blogs/tax-consultant-iqbal-town-block-j-lahore","iqbal town block j lahore",910,1,1,1,1,"fbr|income tax ordinance|pakistan|tax consultant|kamboh associates"
"blogs/tax-consultant-iqbal-town-lahore","iqbal town lahore",979,1,1,1,1,"fbr|income tax ordinance|pakistan|tax consultant|kamboh associates"
"blogs/tax-consultant-iqbal-town-sialkot","best tax consultant in iqbal town sialkot 2026",530,1,1,0,0,"fbr|income tax ordinance|pakistan|tax consultant|kamboh associates"
"blogs/tax-consultant-isa-khel","isa khel",843,1,1,1,1,"fbr|income tax ordinance|pakistan|tax consultant|kamboh associates"
"blogs/tax-consultant-islamabad","best tax consultant in islamabad 2026",774,1,1,0,0,"fbr|income tax ordinance|pakistan|tax consultant|kamboh associates"
"blogs/tax-consultant-islamia-park-lahore","islamia park lahore",952,1,1,1,1,"fbr|income tax ordinance|pakistan|tax consultant|kamboh associates"
"blogs/tax-consultant-islampura-lahore","islampura lahore",932,1,1,1,1,"fbr|income tax ordinance|pakistan|tax consultant|kamboh associates"
"blogs/tax-consultant-jacobabad-city","best tax consultant in jacobabad 2026",917,1,1,0,0,"fbr|income tax ordinance|pakistan|tax consultant|kamboh associates"
"blogs/tax-consultant-jacobabad","jacobabad",822,1,1,1,1,"fbr|income tax ordinance|pakistan|tax consultant|kamboh associates"
"blogs/tax-consultant-jaffarabad-balochistan","jaffarabad balochistan",702,1,1,1,1,"fbr|income tax ordinance|pakistan|tax consultant|kamboh associates"
"blogs/tax-consultant-jail-road-lahore","jail road lahore",952,1,1,1,1,"fbr|income tax ordinance|pakistan|tax consultant|kamboh associates"
"blogs/tax-consultant-jalalpur-pirwala","jalalpur pirwala",716,1,1,1,1,"fbr|income tax ordinance|pakistan|tax consultant|kamboh associates"
"blogs/tax-consultant-jamrud-road-peshawar","best tax consultant in jamrud road peshawar 2026",530,1,1,0,0,"fbr|income tax ordinance|pakistan|tax consultant|kamboh associates"
"blogs/tax-consultant-jamshoro","best tax consultant in jamshoro 2026 - fbr filing",701,1,1,1,0,"fbr|income tax ordinance|pakistan|tax consultant|kamboh associates"
"blogs/tax-consultant-jaranwala","jaranwala",701,1,1,1,1,"fbr|income tax ordinance|pakistan|tax consultant|kamboh associates"
"blogs/tax-consultant-jasmine-block-bahria-lahore","jasmine block bahria lahore",926,1,1,1,1,"fbr|income tax ordinance|pakistan|tax consultant|kamboh associates"
"blogs/tax-consultant-jasmine-garden-lahore","jasmine garden lahore",633,1,1,1,1,"fbr|income tax ordinance|pakistan|tax consultant|kamboh associates"
"blogs/tax-consultant-jhang-city-centre","best tax consultant in city centre jhang 2026",454,1,1,0,0,"fbr|income tax ordinance|pakistan|tax consultant|kamboh associates"
"blogs/tax-consultant-jhang-city","best tax consultant in jhang 2026",917,1,1,0,0,"fbr|income tax ordinance|pakistan|tax consultant|kamboh associates"
"blogs/tax-consultant-jhang","jhang",915,1,1,1,1,"fbr|income tax ordinance|pakistan|tax consultant|kamboh associates"
"blogs/tax-consultant-jhelum-city-centre","best tax consultant in city centre jhelum 2026",526,1,1,0,0,"fbr|income tax ordinance|pakistan|tax consultant|kamboh associates"
"blogs/tax-consultant-jhelum-city","best tax consultant in jhelum 2026",917,1,1,0,0,"fbr|income tax ordinance|pakistan|tax consultant|kamboh associates"
"blogs/tax-consultant-jhelum","jhelum",915,1,1,1,1,"fbr|income tax ordinance|pakistan|tax consultant|kamboh associates"
"blogs/tax-consultant-jinnah-colony-faisalabad","jinnah colony faisalabad",850,1,1,1,1,"fbr|income tax ordinance|pakistan|tax consultant|kamboh associates"
"blogs/tax-consultant-jinnah-colony-gujranwala","jinnah colony gujranwala",530,1,1,1,1,"fbr|income tax ordinance|pakistan|tax consultant|kamboh associates"
"blogs/tax-consultant-jinnah-super-islamabad","jinnah super islamabad",608,1,1,1,1,"fbr|income tax ordinance|pakistan|tax consultant|kamboh associates"
"blogs/tax-consultant-jinnah-town-quetta","best tax consultant in jinnah town quetta 2026",936,1,1,0,0,"fbr|income tax ordinance|pakistan|tax consultant|kamboh associates"
"blogs/tax-consultant-johar-mor-karachi","best tax consultant in johar mor karachi 2026",936,1,1,0,0,"fbr|income tax ordinance|pakistan|tax consultant|kamboh associates"
"blogs/tax-consultant-johar-town-block-a-lahore","johar town block a lahore",975,1,1,1,1,"fbr|income tax ordinance|pakistan|tax consultant|kamboh associates"
"blogs/tax-consultant-johar-town-block-b-lahore","johar town block b lahore",975,1,1,1,1,"fbr|income tax ordinance|pakistan|tax consultant|kamboh associates"
"blogs/tax-consultant-johar-town-block-c-lahore","johar town block c lahore",975,1,1,1,1,"fbr|income tax ordinance|pakistan|tax consultant|kamboh associates"
"blogs/tax-consultant-johar-town-block-d-lahore","johar town block d lahore",975,1,1,1,1,"fbr|income tax ordinance|pakistan|tax consultant|kamboh associates"
"blogs/tax-consultant-johar-town-block-e1-lahore","johar town block e1 lahore",924,1,1,1,1,"fbr|income tax ordinance|pakistan|tax consultant|kamboh associates"
"blogs/tax-consultant-johar-town-block-e2-lahore","johar town block e2 lahore",924,1,1,1,1,"fbr|income tax ordinance|pakistan|tax consultant|kamboh associates"
"blogs/tax-consultant-johar-town-block-g-lahore","johar town block g lahore",975,1,1,1,1,"fbr|income tax ordinance|pakistan|tax consultant|kamboh associates"
"blogs/tax-consultant-johar-town-block-k-lahore","johar town block k lahore",975,1,1,1,1,"fbr|income tax ordinance|pakistan|tax consultant|kamboh associates"
"blogs/tax-consultant-johar-town-block-l-lahore","johar town block l lahore",975,1,1,1,1,"fbr|income tax ordinance|pakistan|tax consultant|kamboh associates"
"blogs/tax-consultant-johar-town-f-block-lahore","johar town f block lahore",650,1,1,1,1,"fbr|income tax ordinance|pakistan|tax consultant|kamboh associates"
"blogs/tax-consultant-johar-town-h1-lahore","johar town h1 lahore",907,1,1,1,1,"fbr|income tax ordinance|pakistan|tax consultant|kamboh associates"
"blogs/tax-consultant-johar-town-h2-lahore","johar town h2 lahore",907,1,1,1,1,"fbr|income tax ordinance|pakistan|tax consultant|kamboh associates"
"blogs/tax-consultant-johar-town-h3-lahore","best tax consultant in h-3 block lahore 2026",563,1,1,0,0,"fbr|income tax ordinance|pakistan|tax consultant|kamboh associates"
"blogs/tax-consultant-johar-town-h4-lahore","johar town h4 lahore",967,1,1,1,1,"fbr|income tax ordinance|pakistan|tax consultant|kamboh associates"
"blogs/tax-consultant-johar-town-j1-lahore","johar town j1 lahore",907,1,1,1,1,"fbr|income tax ordinance|pakistan|tax consultant|kamboh associates"
"blogs/tax-consultant-johar-town-j2-lahore","best tax consultant in j-2 block lahore 2026",563,1,1,0,0,"fbr|income tax ordinance|pakistan|tax consultant|kamboh associates"
"blogs/tax-consultant-johar-town-j3-lahore","best tax consultant in j-3 block lahore 2026",563,1,1,0,0,"fbr|income tax ordinance|pakistan|tax consultant|kamboh associates"
"blogs/tax-consultant-johar-town-j4-lahore","johar town j4 lahore",907,1,1,1,1,"fbr|income tax ordinance|pakistan|tax consultant|kamboh associates"
"blogs/tax-consultant-johar-town-j5-lahore","johar town j5 lahore",967,1,1,1,1,"fbr|income tax ordinance|pakistan|tax consultant|kamboh associates"
"blogs/tax-consultant-johar-town-lahore-area","johar town lahore area",972,1,1,1,1,"fbr|income tax ordinance|pakistan|tax consultant|kamboh associates"
"blogs/tax-consultant-johar-town-p-block-lahore","johar town p block lahore",650,1,1,1,1,"fbr|income tax ordinance|pakistan|tax consultant|kamboh associates"
"blogs/tax-consultant-johar-town-phase-1-lahore","johar town phase 1 lahore",903,1,1,1,1,"fbr|income tax ordinance|pakistan|tax consultant|kamboh associates"
"blogs/tax-consultant-johar-town-phase-2-lahore","johar town phase 2 lahore",903,1,1,1,1,"fbr|income tax ordinance|pakistan|tax consultant|kamboh associates"
"blogs/tax-consultant-johar-town-phase-3-lahore","johar town phase 3 lahore",912,1,1,1,1,"fbr|income tax ordinance|pakistan|tax consultant|kamboh associates"
"blogs/tax-consultant-johar-town-q-block-lahore","johar town q block lahore",650,1,1,1,1,"fbr|income tax ordinance|pakistan|tax consultant|kamboh associates"
"blogs/tax-consultant-joharabad","joharabad",822,1,1,1,1,"fbr|income tax ordinance|pakistan|tax consultant|kamboh associates"
"blogs/tax-consultant-jubilee-town-lahore","jubilee town lahore",952,1,1,1,1,"fbr|income tax ordinance|pakistan|tax consultant|kamboh associates"
"blogs/tax-consultant-kabirwala","kabirwala",701,1,1,1,1,"fbr|income tax ordinance|pakistan|tax consultant|kamboh associates"
"blogs/tax-consultant-kahna-lahore","kahna lahore",869,1,1,1,1,"fbr|income tax ordinance|pakistan|tax consultant|kamboh associates"
"blogs/tax-consultant-kahuta-rawalpindi","best tax consultant in kahuta 2026 - fbr filing",702,1,1,1,0,"fbr|income tax ordinance|pakistan|tax consultant|kamboh associates"
"blogs/tax-consultant-kala-shah-kaku-lahore","kala shah kaku lahore",909,1,1,1,1,"fbr|income tax ordinance|pakistan|tax consultant|kamboh associates"
"blogs/tax-consultant-kala-shah-kaku","kala shah kaku",731,1,1,1,1,"fbr|income tax ordinance|pakistan|tax consultant|kamboh associates"
"blogs/tax-consultant-kalat","best tax consultant in kalat 2026 - fbr filing",701,1,1,1,0,"fbr|income tax ordinance|pakistan|tax consultant|kamboh associates"
"blogs/tax-consultant-kallar-syedan-rawalpindi","kallar syedan rawalpindi",530,1,1,1,1,"fbr|income tax ordinance|pakistan|tax consultant|kamboh associates"
"blogs/tax-consultant-kalur-kot","kalur kot",843,1,1,1,1,"fbr|income tax ordinance|pakistan|tax consultant|kamboh associates"
"blogs/tax-consultant-kamahan-lahore","kamahan lahore",874,1,1,1,1,"fbr|income tax ordinance|pakistan|tax consultant|kamboh associates"
"blogs/tax-consultant-kamahan-road-lahore","kamahan road lahore",633,1,1,1,1,"fbr|income tax ordinance|pakistan|tax consultant|kamboh associates"
"blogs/tax-consultant-kamalia-city","kamalia city",456,1,1,1,1,"fbr|income tax ordinance|pakistan|tax consultant|kamboh associates"
"blogs/tax-consultant-kamalia","best tax consultant in kamalia 2026 - fbr filing",705,1,1,1,0,"fbr|income tax ordinance|pakistan|tax consultant|kamboh associates"
"blogs/tax-consultant-kamoke-road-gwl-gujranwala","kamoke road gwl gujranwala",531,1,1,1,1,"fbr|income tax ordinance|pakistan|tax consultant|kamboh associates"
"blogs/tax-consultant-kamoke","best tax consultant in kamoke 2026 - fbr filing",701,1,1,1,0,"fbr|income tax ordinance|pakistan|tax consultant|kamboh associates"
"blogs/tax-consultant-kamonke","kamonke",822,1,1,1,1,"fbr|income tax ordinance|pakistan|tax consultant|kamboh associates"
"blogs/tax-consultant-kandhkot","best tax consultant in kandhkot 2026 - fbr filing",701,1,1,1,0,"fbr|income tax ordinance|pakistan|tax consultant|kamboh associates"
"blogs/tax-consultant-karachi","best tax consultant in karachi 2026",689,1,1,0,0,"fbr|income tax ordinance|pakistan|tax consultant|kamboh associates"
"blogs/tax-consultant-karak-city","best tax consultant in karak 2026",917,1,1,0,0,"fbr|income tax ordinance|pakistan|tax consultant|kamboh associates"
"blogs/tax-consultant-karak","karak",823,1,1,1,1,"fbr|income tax ordinance|pakistan|tax consultant|kamboh associates"
"blogs/tax-consultant-karim-block-lahore","karim block lahore",884,1,1,1,1,"fbr|income tax ordinance|pakistan|tax consultant|kamboh associates"
"blogs/tax-consultant-kashmiri-gate-lahore","kashmiri gate lahore",952,1,1,1,1,"fbr|income tax ordinance|pakistan|tax consultant|kamboh associates"
"blogs/tax-consultant-kashmor","kashmor",822,1,1,1,1,"fbr|income tax ordinance|pakistan|tax consultant|kamboh associates"
"blogs/tax-consultant-kashmore","best tax consultant in kashmore 2026 - fbr filing",701,1,1,1,0,"fbr|income tax ordinance|pakistan|tax consultant|kamboh associates"
"blogs/tax-consultant-kasur-city-centre","best tax consultant in city centre kasur 2026",526,1,1,0,0,"fbr|income tax ordinance|pakistan|tax consultant|kamboh associates"
"blogs/tax-consultant-kasur-city","best tax consultant in kasur 2026",917,1,1,0,0,"fbr|income tax ordinance|pakistan|tax consultant|kamboh associates"
"blogs/tax-consultant-kasur","kasur",915,1,1,1,1,"fbr|income tax ordinance|pakistan|tax consultant|kamboh associates"
"blogs/tax-consultant-katchery-road-faisalabad","katchery road faisalabad",530,1,1,1,1,"fbr|income tax ordinance|pakistan|tax consultant|kamboh associates"
"blogs/tax-consultant-keamari-karachi","keamari karachi",835,1,1,1,1,"fbr|income tax ordinance|pakistan|tax consultant|kamboh associates"
"blogs/tax-consultant-kemari-karachi","best tax consultant in kemari karachi 2026",918,1,1,0,0,"fbr|income tax ordinance|pakistan|tax consultant|kamboh associates"
"blogs/tax-consultant-khairpur-city","best tax consultant in khairpur 2026",917,1,1,0,0,"fbr|income tax ordinance|pakistan|tax consultant|kamboh associates"
"blogs/tax-consultant-khairpur","khairpur",822,1,1,1,1,"fbr|income tax ordinance|pakistan|tax consultant|kamboh associates"
"blogs/tax-consultant-khanewal-city","best tax consultant in khanewal 2026",917,1,1,0,0,"fbr|income tax ordinance|pakistan|tax consultant|kamboh associates"
"blogs/tax-consultant-khanewal-road-multan","khanewal road multan",717,1,1,1,1,"fbr|income tax ordinance|pakistan|tax consultant|kamboh associates"
"blogs/tax-consultant-khanewal","khanewal",915,1,1,1,1,"fbr|income tax ordinance|pakistan|tax consultant|kamboh associates"
"blogs/tax-consultant-khanpur-ryk","best tax consultant in khanpur 2026 - fbr filing",706,1,1,1,0,"fbr|income tax ordinance|pakistan|tax consultant|kamboh associates"
"blogs/tax-consultant-khanpur","khanpur",822,1,1,1,1,"fbr|income tax ordinance|pakistan|tax consultant|kamboh associates"
"blogs/tax-consultant-kharadar-karachi","best tax consultant in kharadar 2026 - fbr filing",702,1,1,1,0,"fbr|income tax ordinance|pakistan|tax consultant|kamboh associates"
"blogs/tax-consultant-kharan-city","best tax consultant in kharan 2026",917,1,1,0,0,"fbr|income tax ordinance|pakistan|tax consultant|kamboh associates"
"blogs/tax-consultant-kharian","best tax consultant in kharian 2026 - fbr filing",701,1,1,1,0,"fbr|income tax ordinance|pakistan|tax consultant|kamboh associates"
"blogs/tax-consultant-khayaban-e-amin-lahore","khayaban e amin lahore",874,1,1,1,1,"fbr|income tax ordinance|pakistan|tax consultant|kamboh associates"
"blogs/tax-consultant-khayaban-e-iqbal-islamabad","khayaban e iqbal islamabad",520,1,1,1,1,"fbr|income tax ordinance|pakistan|tax consultant|kamboh associates"
"blogs/tax-consultant-khayaban-e-jinnah-lahore","khayaban e jinnah lahore",950,1,1,1,1,"fbr|income tax ordinance|pakistan|tax consultant|kamboh associates"
"blogs/tax-consultant-khayaban-e-mujahid-lahore","khayaban e mujahid lahore",615,1,1,1,1,"fbr|income tax ordinance|pakistan|tax consultant|kamboh associates"
"blogs/tax-consultant-khayaban-e-rahat-lahore","khayaban e rahat lahore",615,1,1,1,1,"fbr|income tax ordinance|pakistan|tax consultant|kamboh associates"
"blogs/tax-consultant-khayaban-e-sir-syed-lahore","khayaban e sir syed lahore",952,1,1,1,1,"fbr|income tax ordinance|pakistan|tax consultant|kamboh associates"
"blogs/tax-consultant-khiali-gujranwala","best tax consultant in khiali gujranwala 2026",519,1,1,0,0,"fbr|income tax ordinance|pakistan|tax consultant|kamboh associates"
"blogs/tax-consultant-khushab-city","best tax consultant in khushab 2026",917,1,1,0,0,"fbr|income tax ordinance|pakistan|tax consultant|kamboh associates"
"blogs/tax-consultant-khushab","khushab",822,1,1,1,1,"fbr|income tax ordinance|pakistan|tax consultant|kamboh associates"
"blogs/tax-consultant-khuzdar-city","best tax consultant in khuzdar 2026",917,1,1,0,0,"fbr|income tax ordinance|pakistan|tax consultant|kamboh associates"
"blogs/tax-consultant-khuzdar","khuzdar",822,1,1,1,1,"fbr|income tax ordinance|pakistan|tax consultant|kamboh associates"
"blogs/tax-consultant-kirani-road-quetta","best tax consultant in kirani road quetta 2026",530,1,1,0,0,"fbr|income tax ordinance|pakistan|tax consultant|kamboh associates"
"blogs/tax-consultant-kohat-city","best tax consultant in kohat 2026",917,1,1,0,0,"fbr|income tax ordinance|pakistan|tax consultant|kamboh associates"
"blogs/tax-consultant-kohat-road-psh-peshawar","best tax consultant in kohat road peshawar 2026",531,1,1,0,0,"fbr|income tax ordinance|pakistan|tax consultant|kamboh associates"
"blogs/tax-consultant-kohat-road-rwp-rawalpindi","best tax consultant in kohat road rawalpindi 2026",531,1,1,0,0,"fbr|income tax ordinance|pakistan|tax consultant|kamboh associates"
"blogs/tax-consultant-kohat","kohat",915,1,1,1,1,"fbr|income tax ordinance|pakistan|tax consultant|kamboh associates"
"blogs/tax-consultant-kohinoor-city-faisalabad","kohinoor city faisalabad",850,1,1,1,1,"fbr|income tax ordinance|pakistan|tax consultant|kamboh associates"
"blogs/tax-consultant-kohsar-market-islamabad","kohsar market islamabad",604,1,1,1,1,"fbr|income tax ordinance|pakistan|tax consultant|kamboh associates"
"blogs/tax-consultant-koral-town-islamabad","best tax consultant in koral town islamabad 2026",936,1,1,0,0,"fbr|income tax ordinance|pakistan|tax consultant|kamboh associates"
"blogs/tax-consultant-korangi-industrial-karachi","korangi industrial karachi",730,1,1,1,1,"fbr|income tax ordinance|pakistan|tax consultant|kamboh associates"
"blogs/tax-consultant-korangi-karachi","best tax consultant in korangi karachi 2026",918,1,1,0,0,"fbr|income tax ordinance|pakistan|tax consultant|kamboh associates"
"blogs/tax-consultant-korangi-township-karachi","korangi township karachi",530,1,1,1,1,"fbr|income tax ordinance|pakistan|tax consultant|kamboh associates"
"blogs/tax-consultant-kot-abdul-malik-lahore","kot abdul malik lahore",909,1,1,1,1,"fbr|income tax ordinance|pakistan|tax consultant|kamboh associates"
"blogs/tax-consultant-kot-addu","best tax consultant in kot addu muzaffargarh 2026",453,1,1,0,0,"fbr|income tax ordinance|pakistan|tax consultant|kamboh associates"
"blogs/tax-consultant-kot-khawaja-lahore","kot khawaja lahore",649,1,1,1,1,"fbr|income tax ordinance|pakistan|tax consultant|kamboh associates"
"blogs/tax-consultant-kot-khawaja-saeed-lahore","kot khawaja saeed lahore",908,1,1,1,1,"fbr|income tax ordinance|pakistan|tax consultant|kamboh associates"
"blogs/tax-consultant-kot-lakhpat-industrial-lahore","kot lakhpat industrial lahore",923,1,1,1,1,"fbr|income tax ordinance|pakistan|tax consultant|kamboh associates"
"blogs/tax-consultant-kot-lakhpat-lahore","best tax consultant in kot lakhpat lahore 2026",969,1,1,0,0,"fbr|income tax ordinance|pakistan|tax consultant|kamboh associates"
"blogs/tax-consultant-kot-momin","kot momin",843,1,1,1,1,"fbr|income tax ordinance|pakistan|tax consultant|kamboh associates"
"blogs/tax-consultant-kot-radha-kishan","kot radha kishan",862,1,1,1,1,"fbr|income tax ordinance|pakistan|tax consultant|kamboh associates"
"blogs/tax-consultant-kotli-city","best tax consultant in kotli 2026",917,1,1,0,0,"fbr|income tax ordinance|pakistan|tax consultant|kamboh associates"
"blogs/tax-consultant-kotli","kotli",823,1,1,1,1,"fbr|income tax ordinance|pakistan|tax consultant|kamboh associates"
"blogs/tax-consultant-kotri","best tax consultant in kotri 2026 - fbr filing",701,1,1,1,0,"fbr|income tax ordinance|pakistan|tax consultant|kamboh associates"
"blogs/tax-consultant-krishan-nagar-lahore","best tax consultant in krishan nagar lahore 2026",969,1,1,0,0,"fbr|income tax ordinance|pakistan|tax consultant|kamboh associates"
"blogs/tax-consultant-kuchlak-road-quetta","best tax consultant in kuchlak road quetta 2026",530,1,1,0,0,"fbr|income tax ordinance|pakistan|tax consultant|kamboh associates"
"blogs/tax-consultant-kunjah","kunjah",822,1,1,1,1,"fbr|income tax ordinance|pakistan|tax consultant|kamboh associates"
"blogs/tax-consultant-lahore-smart-city","lahore smart city",970,1,1,1,1,"fbr|income tax ordinance|pakistan|tax consultant|kamboh associates"
"blogs/tax-consultant-lahore","best tax consultant in lahore 2026",1217,1,1,0,0,"fbr|income tax ordinance|pakistan|tax consultant|kamboh associates"
"blogs/tax-consultant-lahori-gate-lahore","lahori gate lahore",891,1,1,1,1,"fbr|income tax ordinance|pakistan|tax consultant|kamboh associates"
"blogs/tax-consultant-lake-city-lahore","lake city lahore",891,1,1,1,1,"fbr|income tax ordinance|pakistan|tax consultant|kamboh associates"
"blogs/tax-consultant-lakki-marwat-city","best tax consultant in lakki marwat 2026",941,1,1,0,0,"fbr|income tax ordinance|pakistan|tax consultant|kamboh associates"
"blogs/tax-consultant-lakki-marwat","lakki marwat",842,1,1,1,1,"fbr|income tax ordinance|pakistan|tax consultant|kamboh associates"
"blogs/tax-consultant-lakshmi-chowk-lahore","lakshmi chowk lahore",884,1,1,1,1,"fbr|income tax ordinance|pakistan|tax consultant|kamboh associates"
"blogs/tax-consultant-lalamusa","best tax consultant in lalamusa 2026 - fbr filing",701,1,1,1,0,"fbr|income tax ordinance|pakistan|tax consultant|kamboh associates"
"blogs/tax-consultant-landhi-industrial-karachi","landhi industrial karachi",953,1,1,1,1,"fbr|income tax ordinance|pakistan|tax consultant|kamboh associates"
"blogs/tax-consultant-landhi-karachi","best tax consultant in landhi karachi 2026",918,1,1,0,0,"fbr|income tax ordinance|pakistan|tax consultant|kamboh associates"
"blogs/tax-consultant-larkana-city","best tax consultant in city centre larkana 2026",935,1,1,0,0,"fbr|income tax ordinance|pakistan|tax consultant|kamboh associates"
"blogs/tax-consultant-larkana","larkana",915,1,1,1,1,"fbr|income tax ordinance|pakistan|tax consultant|kamboh associates"
"blogs/tax-consultant-lasbela","best tax consultant in lasbela 2026 - fbr filing",701,1,1,1,0,"fbr|income tax ordinance|pakistan|tax consultant|kamboh associates"
"blogs/tax-consultant-latifabad-hyderabad","best tax consultant in latifabad hyderabad 2026",918,1,1,0,0,"fbr|income tax ordinance|pakistan|tax consultant|kamboh associates"
"blogs/tax-consultant-lawrence-road-lahore","lawrence road lahore",952,1,1,1,1,"fbr|income tax ordinance|pakistan|tax consultant|kamboh associates"
"blogs/tax-consultant-lawyers-pakistan","tax consultant for lawyers in pakistan 2026",765,1,1,1,1,"fbr|income tax ordinance|pakistan|tax consultant|kamboh associates"
"blogs/tax-consultant-layyah-city-centre","best tax consultant in city centre layyah 2026",454,1,1,0,0,"fbr|income tax ordinance|pakistan|tax consultant|kamboh associates"
"blogs/tax-consultant-layyah-city","best tax consultant in layyah 2026",917,1,1,0,0,"fbr|income tax ordinance|pakistan|tax consultant|kamboh associates"
"blogs/tax-consultant-layyah","layyah",915,1,1,1,1,"fbr|income tax ordinance|pakistan|tax consultant|kamboh associates"
"blogs/tax-consultant-lda-avenue-1-lahore","lda avenue 1 lahore",633,1,1,1,1,"fbr|income tax ordinance|pakistan|tax consultant|kamboh associates"
"blogs/tax-consultant-lda-avenue-2-lahore","lda avenue 2 lahore",633,1,1,1,1,"fbr|income tax ordinance|pakistan|tax consultant|kamboh associates"
"blogs/tax-consultant-lda-avenue-lahore","best tax consultant in lda avenue lahore 2026",563,1,1,0,0,"fbr|income tax ordinance|pakistan|tax consultant|kamboh associates"
"blogs/tax-consultant-leeds-pakistanis","leeds pakistanis",972,1,1,1,1,"fbr|income tax ordinance|pakistan|tax consultant|kamboh associates"
"blogs/tax-consultant-liaquat-bagh-rawalpindi","liaquat bagh rawalpindi",530,1,1,1,1,"fbr|income tax ordinance|pakistan|tax consultant|kamboh associates"
"blogs/tax-consultant-liaquat-colony-lahore","liaquat colony lahore",891,1,1,1,1,"fbr|income tax ordinance|pakistan|tax consultant|kamboh associates"
"blogs/tax-consultant-liaquatabad-karachi","best tax consultant in liaquatabad karachi 2026",918,1,1,0,0,"fbr|income tax ordinance|pakistan|tax consultant|kamboh associates"
"blogs/tax-consultant-liaquatpur","liaquatpur",705,1,1,1,1,"fbr|income tax ordinance|pakistan|tax consultant|kamboh associates"
"blogs/tax-consultant-liberty-chowk-lahore","liberty chowk lahore",952,1,1,1,1,"fbr|income tax ordinance|pakistan|tax consultant|kamboh associates"
"blogs/tax-consultant-liberty-market-lahore","liberty market lahore",750,1,1,1,1,"fbr|income tax ordinance|pakistan|tax consultant|kamboh associates"
"blogs/tax-consultant-link-road-lahore","link road lahore",891,1,1,1,1,"fbr|income tax ordinance|pakistan|tax consultant|kamboh associates"
"blogs/tax-consultant-lodhran-city","best tax consultant in lodhran 2026",917,1,1,0,0,"fbr|income tax ordinance|pakistan|tax consultant|kamboh associates"
"blogs/tax-consultant-lodhran","lodhran",915,1,1,1,1,"fbr|income tax ordinance|pakistan|tax consultant|kamboh associates"
"blogs/tax-consultant-lohari-gate-lahore","lohari gate lahore",891,1,1,1,1,"fbr|income tax ordinance|pakistan|tax consultant|kamboh associates"
"blogs/tax-consultant-london-east-pakistanis","london east pakistanis",997,1,1,1,1,"fbr|income tax ordinance|pakistan|tax consultant|kamboh associates"
"blogs/tax-consultant-loralai-city","best tax consultant in loralai 2026",917,1,1,0,0,"fbr|income tax ordinance|pakistan|tax consultant|kamboh associates"
"blogs/tax-consultant-loralai","loralai",822,1,1,1,1,"fbr|income tax ordinance|pakistan|tax consultant|kamboh associates"
"blogs/tax-consultant-los-angeles-pakistanis","los angeles pakistanis",1000,1,1,1,1,"fbr|income tax ordinance|pakistan|tax consultant|kamboh associates"
"blogs/tax-consultant-low-income-scheme-multan","low income scheme multan",974,1,1,1,1,"fbr|income tax ordinance|pakistan|tax consultant|kamboh associates"
"blogs/tax-consultant-lower-dir","lower dir",716,1,1,1,1,"fbr|income tax ordinance|pakistan|tax consultant|kamboh associates"
"blogs/tax-consultant-lower-haripur-abbottabad","lower haripur abbottabad",936,1,1,1,1,"fbr|income tax ordinance|pakistan|tax consultant|kamboh associates"
"blogs/tax-consultant-luton-pakistanis","luton pakistanis",975,1,1,1,1,"fbr|income tax ordinance|pakistan|tax consultant|kamboh associates"
"blogs/tax-consultant-lyari-karachi","best tax consultant in lyari karachi 2026",918,1,1,0,0,"fbr|income tax ordinance|pakistan|tax consultant|kamboh associates"
"blogs/tax-consultant-madina-town-faisalabad","madina town faisalabad",936,1,1,1,1,"fbr|income tax ordinance|pakistan|tax consultant|kamboh associates"
"blogs/tax-consultant-mailsi","best tax consultant in mailsi 2026 - fbr filing",701,1,1,1,0,"fbr|income tax ordinance|pakistan|tax consultant|kamboh associates"
"blogs/tax-consultant-main-boulevard-gulberg-lahore","main boulevard gulberg lahore",904,1,1,1,1,"fbr|income tax ordinance|pakistan|tax consultant|kamboh associates"
"blogs/tax-consultant-main-boulevard-lahore","main boulevard lahore",891,1,1,1,1,"fbr|income tax ordinance|pakistan|tax consultant|kamboh associates"
"blogs/tax-consultant-malakand-city","best tax consultant in malakand 2026 - fbr filing",702,1,1,1,0,"fbr|income tax ordinance|pakistan|tax consultant|kamboh associates"
"blogs/tax-consultant-malakand","malakand",822,1,1,1,1,"fbr|income tax ordinance|pakistan|tax consultant|kamboh associates"
"blogs/tax-consultant-malakwal","best tax consultant in malakwal 2026 - fbr filing",703,1,1,1,0,"fbr|income tax ordinance|pakistan|tax consultant|kamboh associates"
"blogs/tax-consultant-malikwal","malikwal",822,1,1,1,1,"fbr|income tax ordinance|pakistan|tax consultant|kamboh associates"
"blogs/tax-consultant-malir-city-karachi","best tax consultant in malir city karachi 2026",936,1,1,0,0,"fbr|income tax ordinance|pakistan|tax consultant|kamboh associates"
"blogs/tax-consultant-malir-halt-karachi","malir halt karachi",717,1,1,1,1,"fbr|income tax ordinance|pakistan|tax consultant|kamboh associates"
"blogs/tax-consultant-malir-karachi","best tax consultant in malir karachi 2026",918,1,1,0,0,"fbr|income tax ordinance|pakistan|tax consultant|kamboh associates"
"blogs/tax-consultant-mall-road-lahore","mall road lahore",977,1,1,1,1,"fbr|income tax ordinance|pakistan|tax consultant|kamboh associates"
"blogs/tax-consultant-manchester-pakistanis","manchester pakistanis",972,1,1,1,1,"fbr|income tax ordinance|pakistan|tax consultant|kamboh associates"
"blogs/tax-consultant-mandi-bahauddin-city","best tax consultant in mandi bahauddin 2026",939,1,1,0,0,"fbr|income tax ordinance|pakistan|tax consultant|kamboh associates"
"blogs/tax-consultant-mandi-bahauddin","mandi bahauddin",935,1,1,1,1,"fbr|income tax ordinance|pakistan|tax consultant|kamboh associates"
"blogs/tax-consultant-manga-mandi-lahore","best tax consultant in manga mandi lahore 2026",969,1,1,0,0,"fbr|income tax ordinance|pakistan|tax consultant|kamboh associates"
"blogs/tax-consultant-manga-road-lahore","manga road lahore",952,1,1,1,1,"fbr|income tax ordinance|pakistan|tax consultant|kamboh associates"
"blogs/tax-consultant-manghopir-karachi","best tax consultant in manghopir karachi 2026",918,1,1,0,0,"fbr|income tax ordinance|pakistan|tax consultant|kamboh associates"
"blogs/tax-consultant-mankera","mankera",822,1,1,1,1,"fbr|income tax ordinance|pakistan|tax consultant|kamboh associates"
"blogs/tax-consultant-mansehra-city","best tax consultant in mansehra 2026",917,1,1,0,0,"fbr|income tax ordinance|pakistan|tax consultant|kamboh associates"
"blogs/tax-consultant-mansehra","mansehra",915,1,1,1,1,"fbr|income tax ordinance|pakistan|tax consultant|kamboh associates"
"blogs/tax-consultant-mardan-cantt","best tax consultant in cantt mardan 2026",920,1,1,0,0,"fbr|income tax ordinance|pakistan|tax consultant|kamboh associates"
"blogs/tax-consultant-mardan-city-centre","best tax consultant in city centre mardan 2026",530,1,1,0,0,"fbr|income tax ordinance|pakistan|tax consultant|kamboh associates"
"blogs/tax-consultant-mardan-city","mardan city",937,1,1,1,1,"fbr|income tax ordinance|pakistan|tax consultant|kamboh associates"
"blogs/tax-consultant-mardan-industrial-estate","mardan industrial estate",526,1,1,1,1,"fbr|income tax ordinance|pakistan|tax consultant|kamboh associates"
"blogs/tax-consultant-mardan","mardan",915,1,1,1,1,"fbr|income tax ordinance|pakistan|tax consultant|kamboh associates"
"blogs/tax-consultant-margalla-hills-islamabad","margalla hills islamabad",864,1,1,1,1,"fbr|income tax ordinance|pakistan|tax consultant|kamboh associates"
"blogs/tax-consultant-margalla-town-islamabad","margalla town islamabad",936,1,1,1,1,"fbr|income tax ordinance|pakistan|tax consultant|kamboh associates"
"blogs/tax-consultant-maripur-karachi","best tax consultant in maripur karachi 2026",515,1,1,0,0,"fbr|income tax ordinance|pakistan|tax consultant|kamboh associates"
"blogs/tax-consultant-market-quarter-hyderabad","market quarter hyderabad",530,1,1,1,1,"fbr|income tax ordinance|pakistan|tax consultant|kamboh associates"
"blogs/tax-consultant-mastung","best tax consultant in mastung 2026 - fbr filing",701,1,1,1,0,"fbr|income tax ordinance|pakistan|tax consultant|kamboh associates"
"blogs/tax-consultant-matiari-city","best tax consultant in matiari 2026",917,1,1,0,0,"fbr|income tax ordinance|pakistan|tax consultant|kamboh associates"
"blogs/tax-consultant-matiari","matiari",822,1,1,1,1,"fbr|income tax ordinance|pakistan|tax consultant|kamboh associates"
"blogs/tax-consultant-mattni-peshawar","best tax consultant in mattni peshawar 2026",519,1,1,0,0,"fbr|income tax ordinance|pakistan|tax consultant|kamboh associates"
"blogs/tax-consultant-mauripur-karachi","mauripur karachi",835,1,1,1,1,"fbr|income tax ordinance|pakistan|tax consultant|kamboh associates"
"blogs/tax-consultant-mcleod-road-lahore","mcleod road lahore",891,1,1,1,1,"fbr|income tax ordinance|pakistan|tax consultant|kamboh associates"
"blogs/tax-consultant-mda-chowk-multan","best tax consultant in mda chowk multan 2026",530,1,1,0,0,"fbr|income tax ordinance|pakistan|tax consultant|kamboh associates"
"blogs/tax-consultant-media-town-islamabad","best tax consultant in media town islamabad 2026",530,1,1,0,0,"fbr|income tax ordinance|pakistan|tax consultant|kamboh associates"
"blogs/tax-consultant-medical-housing-society-lahore","medical housing society lahore",907,1,1,1,1,"fbr|income tax ordinance|pakistan|tax consultant|kamboh associates"
"blogs/tax-consultant-mehmoodabad-karachi","mehmoodabad karachi",702,1,1,1,1,"fbr|income tax ordinance|pakistan|tax consultant|kamboh associates"
"blogs/tax-consultant-mehrabpur","mehrabpur",703,1,1,1,1,"fbr|income tax ordinance|pakistan|tax consultant|kamboh associates"
"blogs/tax-consultant-melbourne-pakistanis","melbourne pakistanis",974,1,1,1,1,"fbr|income tax ordinance|pakistan|tax consultant|kamboh associates"
"blogs/tax-consultant-mian-channu-city","best tax consultant in mian channu khanewal 2026",454,1,1,0,0,"fbr|income tax ordinance|pakistan|tax consultant|kamboh associates"
"blogs/tax-consultant-mian-channu","mian channu",716,1,1,1,1,"fbr|income tax ordinance|pakistan|tax consultant|kamboh associates"
"blogs/tax-consultant-mianwali","mianwali",915,1,1,1,1,"fbr|income tax ordinance|pakistan|tax consultant|kamboh associates"
"blogs/tax-consultant-millat-road-faisalabad","millat road faisalabad",851,1,1,1,1,"fbr|income tax ordinance|pakistan|tax consultant|kamboh associates"
"blogs/tax-consultant-millat-town-faisalabad","millat town faisalabad",717,1,1,1,1,"fbr|income tax ordinance|pakistan|tax consultant|kamboh associates"
"blogs/tax-consultant-mingora-swat","mingora swat",952,1,1,1,1,"fbr|income tax ordinance|pakistan|tax consultant|kamboh associates"
"blogs/tax-consultant-minhaj-town-lahore","minhaj town lahore",891,1,1,1,1,"fbr|income tax ordinance|pakistan|tax consultant|kamboh associates"
"blogs/tax-consultant-mirpur-ajk-city","mirpur ajk city",945,1,1,1,1,"fbr|income tax ordinance|pakistan|tax consultant|kamboh associates"
"blogs/tax-consultant-mirpur-ajk","mirpur ajk",916,1,1,1,1,"fbr|income tax ordinance|pakistan|tax consultant|kamboh associates"
"blogs/tax-consultant-mirpur-mathelo","mirpur mathelo",716,1,1,1,1,"fbr|income tax ordinance|pakistan|tax consultant|kamboh associates"
"blogs/tax-consultant-mirpurkhas-city","best tax consultant in mirpurkhas 2026",917,1,1,0,0,"fbr|income tax ordinance|pakistan|tax consultant|kamboh associates"
"blogs/tax-consultant-mirpurkhas","mirpurkhas",934,0,0,0,1,"fbr|income tax ordinance|pakistan|tax consultant|kamboh associates"
"blogs/tax-consultant-mississauga-pakistanis","mississauga pakistanis",979,1,1,1,1,"fbr|income tax ordinance|pakistan|tax consultant|kamboh associates"
"blogs/tax-consultant-mm-alam-road-lahore","mm alam road lahore",905,0,0,0,1,"fbr|income tax ordinance|pakistan|tax consultant|kamboh associates"
"blogs/tax-consultant-mochi-gate-lahore","mochi gate lahore",952,1,1,1,1,"fbr|income tax ordinance|pakistan|tax consultant|kamboh associates"
"blogs/tax-consultant-model-colony-karachi","best tax consultant in model colony karachi 2026",936,1,1,0,0,"fbr|income tax ordinance|pakistan|tax consultant|kamboh associates"
"blogs/tax-consultant-model-town-a-lahore","model town a lahore",909,1,1,1,1,"fbr|income tax ordinance|pakistan|tax consultant|kamboh associates"
"blogs/tax-consultant-model-town-b-lahore","model town b lahore",909,1,1,1,1,"fbr|income tax ordinance|pakistan|tax consultant|kamboh associates"
"blogs/tax-consultant-model-town-bahawalpur","best tax consultant in model town bahawalpur 2026",936,1,1,0,0,"fbr|income tax ordinance|pakistan|tax consultant|kamboh associates"
"blogs/tax-consultant-model-town-block-d-lahore","model town block d lahore",972,1,1,1,1,"fbr|income tax ordinance|pakistan|tax consultant|kamboh associates"
"blogs/tax-consultant-model-town-block-e-lahore","model town block e lahore",972,1,1,1,1,"fbr|income tax ordinance|pakistan|tax consultant|kamboh associates"
"blogs/tax-consultant-model-town-block-f-lahore","model town block f lahore",972,1,1,1,1,"fbr|income tax ordinance|pakistan|tax consultant|kamboh associates"
"blogs/tax-consultant-model-town-block-g-lahore","model town block g lahore",972,1,1,1,1,"fbr|income tax ordinance|pakistan|tax consultant|kamboh associates"
"blogs/tax-consultant-model-town-block-h-lahore","model town block h lahore",972,1,1,1,1,"fbr|income tax ordinance|pakistan|tax consultant|kamboh associates"
"blogs/tax-consultant-model-town-block-i-lahore","model town block i lahore",972,1,1,1,1,"fbr|income tax ordinance|pakistan|tax consultant|kamboh associates"
"blogs/tax-consultant-model-town-block-j-lahore","model town block j lahore",972,1,1,1,1,"fbr|income tax ordinance|pakistan|tax consultant|kamboh associates"
"blogs/tax-consultant-model-town-block-k-lahore","model town block k lahore",972,1,1,1,1,"fbr|income tax ordinance|pakistan|tax consultant|kamboh associates"
"blogs/tax-consultant-model-town-block-l-lahore","model town block l lahore",972,1,1,1,1,"fbr|income tax ordinance|pakistan|tax consultant|kamboh associates"
"blogs/tax-consultant-model-town-block-m-lahore","model town block m lahore",650,1,1,1,1,"fbr|income tax ordinance|pakistan|tax consultant|kamboh associates"
"blogs/tax-consultant-model-town-block-n-lahore","model town block n lahore",650,1,1,1,1,"fbr|income tax ordinance|pakistan|tax consultant|kamboh associates"
"blogs/tax-consultant-model-town-c-lahore","model town c lahore",909,1,1,1,1,"fbr|income tax ordinance|pakistan|tax consultant|kamboh associates"
"blogs/tax-consultant-model-town-commercial-lahore","model town commercial lahore",989,1,1,1,1,"fbr|income tax ordinance|pakistan|tax consultant|kamboh associates"
"blogs/tax-consultant-model-town-extension-lahore","model town extension lahore",909,1,1,1,1,"fbr|income tax ordinance|pakistan|tax consultant|kamboh associates"
"blogs/tax-consultant-model-town-gujranwala","best tax consultant in model town gujranwala 2026",936,1,1,0,0,"fbr|income tax ordinance|pakistan|tax consultant|kamboh associates"
"blogs/tax-consultant-mori-gate-lahore","mori gate lahore",952,1,1,1,1,"fbr|income tax ordinance|pakistan|tax consultant|kamboh associates"
"blogs/tax-consultant-moro","best tax consultant in moro 2026 - fbr filing",703,1,1,1,0,"fbr|income tax ordinance|pakistan|tax consultant|kamboh associates"
"blogs/tax-consultant-mozang-lahore","best tax consultant in mozang lahore 2026",951,1,1,0,0,"fbr|income tax ordinance|pakistan|tax consultant|kamboh associates"
"blogs/tax-consultant-mughalpura-lahore","best tax consultant in mughalpura lahore 2026",951,1,1,0,0,"fbr|income tax ordinance|pakistan|tax consultant|kamboh associates"
"blogs/tax-consultant-multan-garden-town-multan","best tax consultant in garden town multan 2026",531,1,1,0,0,"fbr|income tax ordinance|pakistan|tax consultant|kamboh associates"
"blogs/tax-consultant-multan-nishatabad-multan","best tax consultant in nishatabad multan 2026",520,1,1,0,0,"fbr|income tax ordinance|pakistan|tax consultant|kamboh associates"
"blogs/tax-consultant-multan-road-lahore","multan road lahore",891,1,1,1,1,"fbr|income tax ordinance|pakistan|tax consultant|kamboh associates"
"blogs/tax-consultant-multan-road-q-block-lahore","multan road q block lahore",650,1,1,1,1,"fbr|income tax ordinance|pakistan|tax consultant|kamboh associates"
"blogs/tax-consultant-multan","best tax consultant in multan 2026",743,1,1,0,0,"fbr|income tax ordinance|pakistan|tax consultant|kamboh associates"
"blogs/tax-consultant-muridke-lahore","muridke lahore",874,1,1,1,1,"fbr|income tax ordinance|pakistan|tax consultant|kamboh associates"
"blogs/tax-consultant-muridke","best tax consultant in muridke 2026 - fbr filing",701,1,1,1,0,"fbr|income tax ordinance|pakistan|tax consultant|kamboh associates"
"blogs/tax-consultant-murree-road-rawalpindi","murree road rawalpindi",530,1,1,1,1,"fbr|income tax ordinance|pakistan|tax consultant|kamboh associates"
"blogs/tax-consultant-murree","best tax consultant in murree 2026 - fbr filing",701,1,1,1,0,"fbr|income tax ordinance|pakistan|tax consultant|kamboh associates"
"blogs/tax-consultant-muslim-park-lahore","muslim park lahore",891,1,1,1,1,"fbr|income tax ordinance|pakistan|tax consultant|kamboh associates"
"blogs/tax-consultant-muslim-town-lahore","best tax consultant in muslim town lahore 2026",563,1,1,0,0,"fbr|income tax ordinance|pakistan|tax consultant|kamboh associates"
"blogs/tax-consultant-mustafa-town-lahore","best tax consultant in mustafa town lahore 2026",970,1,1,0,0,"fbr|income tax ordinance|pakistan|tax consultant|kamboh associates"
"blogs/tax-consultant-muzaffarabad-city","muzaffarabad city",935,1,1,1,1,"fbr|income tax ordinance|pakistan|tax consultant|kamboh associates"
"blogs/tax-consultant-muzaffarabad","muzaffarabad",914,1,1,1,1,"fbr|income tax ordinance|pakistan|tax consultant|kamboh associates"
"blogs/tax-consultant-muzaffargarh-city","best tax consultant in muzaffargarh 2026",917,1,1,0,0,"fbr|income tax ordinance|pakistan|tax consultant|kamboh associates"
"blogs/tax-consultant-muzaffargarh","muzaffargarh",914,1,1,1,1,"fbr|income tax ordinance|pakistan|tax consultant|kamboh associates"
"blogs/tax-consultant-nagan-chowrangi-karachi","nagan chowrangi karachi",717,1,1,1,1,"fbr|income tax ordinance|pakistan|tax consultant|kamboh associates"
"blogs/tax-consultant-nagar-valley","nagar valley",715,1,1,1,1,"fbr|income tax ordinance|pakistan|tax consultant|kamboh associates"
"blogs/tax-consultant-nankana-sahib","nankana sahib",716,1,1,1,1,"fbr|income tax ordinance|pakistan|tax consultant|kamboh associates"
"blogs/tax-consultant-narowal-city-centre","best tax consultant in city centre narowal 2026",526,1,1,0,0,"fbr|income tax ordinance|pakistan|tax consultant|kamboh associates"
"blogs/tax-consultant-narowal-city","best tax consultant in narowal 2026",917,1,1,0,0,"fbr|income tax ordinance|pakistan|tax consultant|kamboh associates"
"blogs/tax-consultant-narowal","narowal",915,1,1,1,1,"fbr|income tax ordinance|pakistan|tax consultant|kamboh associates"
"blogs/tax-consultant-naseerabad-lahore","naseerabad lahore",873,1,1,1,1,"fbr|income tax ordinance|pakistan|tax consultant|kamboh associates"
"blogs/tax-consultant-nasheman-e-iqbal-lahore","nasheman e iqbal lahore",932,1,1,1,1,"fbr|income tax ordinance|pakistan|tax consultant|kamboh associates"
"blogs/tax-consultant-naushahro-feroze","naushahro feroze",716,1,1,1,1,"fbr|income tax ordinance|pakistan|tax consultant|kamboh associates"
"blogs/tax-consultant-naval-anchorage-islamabad","naval anchorage islamabad",604,1,1,1,1,"fbr|income tax ordinance|pakistan|tax consultant|kamboh associates"
"blogs/tax-consultant-nawab-town-lahore","nawab town lahore",884,1,1,1,1,"fbr|income tax ordinance|pakistan|tax consultant|kamboh associates"
"blogs/tax-consultant-nawabshah-city","best tax consultant in city centre nawabshah 2026",935,1,1,0,0,"fbr|income tax ordinance|pakistan|tax consultant|kamboh associates"
"blogs/tax-consultant-nawabshah","nawabshah",915,1,1,1,1,"fbr|income tax ordinance|pakistan|tax consultant|kamboh associates"
"blogs/tax-consultant-naya-karachi-karachi","best tax consultant in naya karachi karachi 2026",530,1,1,0,0,"fbr|income tax ordinance|pakistan|tax consultant|kamboh associates"
"blogs/tax-consultant-nazimabad-4-karachi","best tax consultant in nazimabad 4 karachi 2026",515,1,1,0,0,"fbr|income tax ordinance|pakistan|tax consultant|kamboh associates"
"blogs/tax-consultant-nazimabad-5-karachi","best tax consultant in nazimabad 5 karachi 2026",515,1,1,0,0,"fbr|income tax ordinance|pakistan|tax consultant|kamboh associates"
"blogs/tax-consultant-nazimabad-karachi","best tax consultant in nazimabad karachi 2026",918,1,1,0,0,"fbr|income tax ordinance|pakistan|tax consultant|kamboh associates"
"blogs/tax-consultant-near-airport-lahore","near airport lahore",891,1,1,1,1,"fbr|income tax ordinance|pakistan|tax consultant|kamboh associates"
"blogs/tax-consultant-near-comsats-lahore","near comsats lahore",970,1,1,1,1,"fbr|income tax ordinance|pakistan|tax consultant|kamboh associates"
"blogs/tax-consultant-near-doctors-hospital-lahore","near doctors hospital lahore",971,1,1,1,1,"fbr|income tax ordinance|pakistan|tax consultant|kamboh associates"
"blogs/tax-consultant-near-fast-nuces-lahore","near fast nuces lahore",972,1,1,1,1,"fbr|income tax ordinance|pakistan|tax consultant|kamboh associates"
"blogs/tax-consultant-near-ganga-ram-lahore","near ganga ram lahore",989,1,1,1,1,"fbr|income tax ordinance|pakistan|tax consultant|kamboh associates"
"blogs/tax-consultant-near-gcu-lahore","near gcu lahore",987,1,1,1,1,"fbr|income tax ordinance|pakistan|tax consultant|kamboh associates"
"blogs/tax-consultant-near-high-court-lahore","near high court lahore",909,1,1,1,1,"fbr|income tax ordinance|pakistan|tax consultant|kamboh associates"
"blogs/tax-consultant-near-ittefaq-hospital-lahore","near ittefaq hospital lahore",971,1,1,1,1,"fbr|income tax ordinance|pakistan|tax consultant|kamboh associates"
"blogs/tax-consultant-near-jinnah-hospital-lahore","near jinnah hospital lahore",971,1,1,1,1,"fbr|income tax ordinance|pakistan|tax consultant|kamboh associates"
"blogs/tax-consultant-near-lums-lahore","near lums lahore",891,1,1,1,1,"fbr|income tax ordinance|pakistan|tax consultant|kamboh associates"
"blogs/tax-consultant-near-mayo-hospital-lahore","near mayo hospital lahore",908,1,1,1,1,"fbr|income tax ordinance|pakistan|tax consultant|kamboh associates"
"blogs/tax-consultant-near-pu-lahore","near pu lahore",905,1,1,1,1,"fbr|income tax ordinance|pakistan|tax consultant|kamboh associates"
"blogs/tax-consultant-near-services-hospital-lahore","near services hospital lahore",907,1,1,1,1,"fbr|income tax ordinance|pakistan|tax consultant|kamboh associates"
"blogs/tax-consultant-near-shalamar-hospital-lahore","near shalamar hospital lahore",970,1,1,1,1,"fbr|income tax ordinance|pakistan|tax consultant|kamboh associates"
"blogs/tax-consultant-near-sheikh-zayed-lahore","near sheikh zayed lahore",989,1,1,1,1,"fbr|income tax ordinance|pakistan|tax consultant|kamboh associates"
"blogs/tax-consultant-near-ucp-lahore","near ucp lahore",970,1,1,1,1,"fbr|income tax ordinance|pakistan|tax consultant|kamboh associates"
"blogs/tax-consultant-near-uet-lahore","near uet lahore",891,1,1,1,1,"fbr|income tax ordinance|pakistan|tax consultant|kamboh associates"
"blogs/tax-consultant-neelum-ajk","neelum ajk",716,1,1,1,1,"fbr|income tax ordinance|pakistan|tax consultant|kamboh associates"
"blogs/tax-consultant-nespak-housing-lahore","nespak housing lahore",906,1,1,1,1,"fbr|income tax ordinance|pakistan|tax consultant|kamboh associates"
"blogs/tax-consultant-new-city-paradise-lahore","new city paradise lahore",650,1,1,1,1,"fbr|income tax ordinance|pakistan|tax consultant|kamboh associates"
"blogs/tax-consultant-new-garden-town-lahore","new garden town lahore",574,1,1,1,1,"fbr|income tax ordinance|pakistan|tax consultant|kamboh associates"
"blogs/tax-consultant-new-jersey-pakistanis","new jersey pakistanis",1003,1,1,1,1,"fbr|income tax ordinance|pakistan|tax consultant|kamboh associates"
"blogs/tax-consultant-new-karachi","best tax consultant in new karachi 2026",920,1,1,0,0,"fbr|income tax ordinance|pakistan|tax consultant|kamboh associates"
"blogs/tax-consultant-new-lahore-city","new lahore city",971,1,1,1,1,"fbr|income tax ordinance|pakistan|tax consultant|kamboh associates"
"blogs/tax-consultant-new-lalazar-rawalpindi","new lalazar rawalpindi",530,1,1,1,1,"fbr|income tax ordinance|pakistan|tax consultant|kamboh associates"
"blogs/tax-consultant-new-multan","best tax consultant in new multan 2026",920,1,1,0,0,"fbr|income tax ordinance|pakistan|tax consultant|kamboh associates"
"blogs/tax-consultant-new-muslim-town-lahore","new muslim town lahore",909,1,1,1,1,"fbr|income tax ordinance|pakistan|tax consultant|kamboh associates"
"blogs/tax-consultant-new-sariab-quetta","best tax consultant in new sariab quetta 2026",530,1,1,0,0,"fbr|income tax ordinance|pakistan|tax consultant|kamboh associates"
"blogs/tax-consultant-new-york-pakistanis","new york pakistanis",1003,1,1,1,1,"fbr|income tax ordinance|pakistan|tax consultant|kamboh associates"
"blogs/tax-consultant-nfc-housing-society-lahore","nfc housing society lahore",650,1,1,1,1,"fbr|income tax ordinance|pakistan|tax consultant|kamboh associates"
"blogs/tax-consultant-ngo-pakistan","ngo",590,1,1,1,1,"fbr|income tax ordinance|pakistan|tax consultant|kamboh associates"
"blogs/tax-consultant-nishat-colony-lahore","nishat colony lahore",952,1,1,1,1,"fbr|income tax ordinance|pakistan|tax consultant|kamboh associates"
"blogs/tax-consultant-nishatabad-faisalabad","best tax consultant in nishatabad faisalabad 2026",519,1,1,0,0,"fbr|income tax ordinance|pakistan|tax consultant|kamboh associates"
"blogs/tax-consultant-nishtar-colony-block-a-lahore","nishtar colony block a lahore",970,1,1,1,1,"fbr|income tax ordinance|pakistan|tax consultant|kamboh associates"
"blogs/tax-consultant-nishtar-colony-block-b-lahore","nishtar colony block b lahore",970,1,1,1,1,"fbr|income tax ordinance|pakistan|tax consultant|kamboh associates"
"blogs/tax-consultant-nishtar-colony-lahore","best tax consultant in nishtar colony lahore 2026",969,1,1,0,0,"fbr|income tax ordinance|pakistan|tax consultant|kamboh associates"
"blogs/tax-consultant-nishtar-town-lahore","nishtar town lahore",891,1,1,1,1,"fbr|income tax ordinance|pakistan|tax consultant|kamboh associates"
"blogs/tax-consultant-noor-colony-lahore","noor colony lahore",952,1,1,1,1,"fbr|income tax ordinance|pakistan|tax consultant|kamboh associates"
"blogs/tax-consultant-noor-pur-town-lahore","noor pur town lahore",651,1,1,1,1,"fbr|income tax ordinance|pakistan|tax consultant|kamboh associates"
"blogs/tax-consultant-noorpur-thal","noorpur thal",842,1,1,1,1,"fbr|income tax ordinance|pakistan|tax consultant|kamboh associates"
"blogs/tax-consultant-north-karachi-karachi","best tax consultant in north karachi karachi 2026",936,1,1,0,0,"fbr|income tax ordinance|pakistan|tax consultant|kamboh associates"
"blogs/tax-consultant-north-nazimabad-karachi","north nazimabad karachi",936,1,1,1,1,"fbr|income tax ordinance|pakistan|tax consultant|kamboh associates"
"blogs/tax-consultant-nowshera-city","best tax consultant in nowshera 2026",917,1,1,0,0,"fbr|income tax ordinance|pakistan|tax consultant|kamboh associates"
"blogs/tax-consultant-nowshera-virkan-gujranwala","nowshera virkan gujranwala",530,1,1,1,1,"fbr|income tax ordinance|pakistan|tax consultant|kamboh associates"
"blogs/tax-consultant-nowshera","nowshera",915,1,1,1,1,"fbr|income tax ordinance|pakistan|tax consultant|kamboh associates"
"blogs/tax-consultant-nushki","best tax consultant in nushki 2026 - fbr filing",701,1,1,1,0,"fbr|income tax ordinance|pakistan|tax consultant|kamboh associates"
"blogs/tax-consultant-officers-colony-lahore","officers colony lahore",884,1,1,1,1,"fbr|income tax ordinance|pakistan|tax consultant|kamboh associates"
"blogs/tax-consultant-okara-city","best tax consultant in okara 2026",917,1,1,0,0,"fbr|income tax ordinance|pakistan|tax consultant|kamboh associates"
"blogs/tax-consultant-okara","okara",915,1,1,1,1,"fbr|income tax ordinance|pakistan|tax consultant|kamboh associates"
"blogs/tax-consultant-oldham-pakistanis","oldham pakistanis",974,1,1,1,1,"fbr|income tax ordinance|pakistan|tax consultant|kamboh associates"
"blogs/tax-consultant-orangi-town-karachi","best tax consultant in orangi town karachi 2026",936,1,1,0,0,"fbr|income tax ordinance|pakistan|tax consultant|kamboh associates"
"blogs/tax-consultant-packages-mall-lahore","packages mall lahore",907,1,1,1,1,"fbr|income tax ordinance|pakistan|tax consultant|kamboh associates"
"blogs/tax-consultant-paf-colony-lahore","paf colony lahore",952,1,1,1,1,"fbr|income tax ordinance|pakistan|tax consultant|kamboh associates"
"blogs/tax-consultant-pak-arab-housing-lahore","pak arab housing lahore",989,1,1,1,1,"fbr|income tax ordinance|pakistan|tax consultant|kamboh associates"
"blogs/tax-consultant-pak-colony-karachi","best tax consultant in pak colony karachi 2026",936,1,1,0,0,"fbr|income tax ordinance|pakistan|tax consultant|kamboh associates"
"blogs/tax-consultant-pak-kisan-town-lahore","pak kisan town lahore",972,1,1,1,1,"fbr|income tax ordinance|pakistan|tax consultant|kamboh associates"
"blogs/tax-consultant-pak-mount-lahore","pak mount lahore",633,1,1,1,1,"fbr|income tax ordinance|pakistan|tax consultant|kamboh associates"
"blogs/tax-consultant-pak-town-islamabad","pak town islamabad",851,1,1,1,1,"fbr|income tax ordinance|pakistan|tax consultant|kamboh associates"
"blogs/tax-consultant-pak-town-lahore","pak town lahore",977,1,1,1,1,"fbr|income tax ordinance|pakistan|tax consultant|kamboh associates"
"blogs/tax-consultant-pakistan-town-lahore","pakistan town lahore",884,1,1,1,1,"fbr|income tax ordinance|pakistan|tax consultant|kamboh associates"
"blogs/tax-consultant-pakpattan-city","best tax consultant in pakpattan 2026",917,1,1,0,0,"fbr|income tax ordinance|pakistan|tax consultant|kamboh associates"
"blogs/tax-consultant-pakpattan","pakpattan",915,1,1,1,1,"fbr|income tax ordinance|pakistan|tax consultant|kamboh associates"
"blogs/tax-consultant-panjgur","best tax consultant in panjgur 2026 - fbr filing",701,1,1,1,0,"fbr|income tax ordinance|pakistan|tax consultant|kamboh associates"
"blogs/tax-consultant-paragon-city-lahore","best tax consultant in paragon city lahore 2026",563,1,1,0,0,"fbr|income tax ordinance|pakistan|tax consultant|kamboh associates"
"blogs/tax-consultant-paragon-city-phase-1-lahore","paragon city phase 1 lahore",650,1,1,1,1,"fbr|income tax ordinance|pakistan|tax consultant|kamboh associates"
"blogs/tax-consultant-paragon-city-phase-2-lahore","paragon city phase 2 lahore",908,1,1,1,1,"fbr|income tax ordinance|pakistan|tax consultant|kamboh associates"
"blogs/tax-consultant-paragon-city-phase-3-lahore","paragon city phase 3 lahore",971,1,1,1,1,"fbr|income tax ordinance|pakistan|tax consultant|kamboh associates"
"blogs/tax-consultant-paris-road-sialkot","best tax consultant in paris road sialkot 2026",936,1,1,0,0,"fbr|income tax ordinance|pakistan|tax consultant|kamboh associates"
"blogs/tax-consultant-park-view-city-islamabad","park view city islamabad",620,1,1,1,1,"fbr|income tax ordinance|pakistan|tax consultant|kamboh associates"
"blogs/tax-consultant-pasrur","best tax consultant in pasrur 2026 - fbr filing",701,1,1,1,0,"fbr|income tax ordinance|pakistan|tax consultant|kamboh associates"
"blogs/tax-consultant-pattoki-lahore","pattoki lahore",874,1,1,1,1,"fbr|income tax ordinance|pakistan|tax consultant|kamboh associates"
"blogs/tax-consultant-pattoki","best tax consultant in pattoki 2026 - fbr filing",701,1,1,1,0,"fbr|income tax ordinance|pakistan|tax consultant|kamboh associates"
"blogs/tax-consultant-pcsir-lahore","pcsir lahore",897,1,1,1,1,"fbr|income tax ordinance|pakistan|tax consultant|kamboh associates"
"blogs/tax-consultant-pechs-karachi","best tax consultant in pechs karachi 2026",918,1,1,0,0,"fbr|income tax ordinance|pakistan|tax consultant|kamboh associates"
"blogs/tax-consultant-peoples-colony-faisalabad","peoples colony faisalabad",936,1,1,1,1,"fbr|income tax ordinance|pakistan|tax consultant|kamboh associates"
"blogs/tax-consultant-peoples-colony-gujranwala","peoples colony gujranwala",936,1,1,1,1,"fbr|income tax ordinance|pakistan|tax consultant|kamboh associates"
"blogs/tax-consultant-peoples-colony-lahore","peoples colony lahore",952,1,1,1,1,"fbr|income tax ordinance|pakistan|tax consultant|kamboh associates"
"blogs/tax-consultant-peoples-colony-sargodha","peoples colony sargodha",936,1,1,1,1,"fbr|income tax ordinance|pakistan|tax consultant|kamboh associates"
"blogs/tax-consultant-perth-pakistanis","perth pakistanis",980,1,1,1,1,"fbr|income tax ordinance|pakistan|tax consultant|kamboh associates"
"blogs/tax-consultant-peshawar","peshawar",745,1,1,1,1,"fbr|income tax ordinance|pakistan|tax consultant|kamboh associates"
"blogs/tax-consultant-phalia","best tax consultant in phalia 2026 - fbr filing",703,1,1,1,0,"fbr|income tax ordinance|pakistan|tax consultant|kamboh associates"
"blogs/tax-consultant-phase-4-hayatabad-peshawar","phase 4 hayatabad peshawar",936,1,1,1,1,"fbr|income tax ordinance|pakistan|tax consultant|kamboh associates"
"blogs/tax-consultant-phase-4-peshawar","phase 4 peshawar",928,1,1,1,1,"fbr|income tax ordinance|pakistan|tax consultant|kamboh associates"
"blogs/tax-consultant-pib-colony-karachi","pib colony karachi",717,1,1,1,1,"fbr|income tax ordinance|pakistan|tax consultant|kamboh associates"
"blogs/tax-consultant-pindigheb","pindigheb",842,0,0,0,1,"fbr|income tax ordinance|pakistan|tax consultant|kamboh associates"
"blogs/tax-consultant-pindora-rawalpindi","best tax consultant in pindora rawalpindi 2026",519,1,1,0,0,"fbr|income tax ordinance|pakistan|tax consultant|kamboh associates"
"blogs/tax-consultant-piplan","piplan",822,1,1,1,1,"fbr|income tax ordinance|pakistan|tax consultant|kamboh associates"
"blogs/tax-consultant-pishin","best tax consultant in pishin 2026 - fbr filing",701,1,1,1,0,"fbr|income tax ordinance|pakistan|tax consultant|kamboh associates"
"blogs/tax-consultant-pishtakhara-peshawar","best tax consultant in pishtakhara peshawar 2026",519,1,1,0,0,"fbr|income tax ordinance|pakistan|tax consultant|kamboh associates"
"blogs/tax-consultant-police-foundation-islamabad","police foundation islamabad",530,1,1,1,1,"fbr|income tax ordinance|pakistan|tax consultant|kamboh associates"
"blogs/tax-consultant-poonch-ajk","best tax consultant in poonch 2026 - fbr filing",702,1,1,1,0,"fbr|income tax ordinance|pakistan|tax consultant|kamboh associates"
"blogs/tax-consultant-private-job-pakistan","private job",761,1,1,1,1,"fbr|income tax ordinance|pakistan|tax consultant|kamboh associates"
"blogs/tax-consultant-punjab-govt-employees-lahore","punjab govt employees lahore",1006,1,1,1,1,"fbr|income tax ordinance|pakistan|tax consultant|kamboh associates"
"blogs/tax-consultant-punjab-small-industries-lahore","punjab small industries lahore",923,1,1,1,1,"fbr|income tax ordinance|pakistan|tax consultant|kamboh associates"
"blogs/tax-consultant-pwd-islamabad-islamabad","best tax consultant in pwd colony islamabad 2026",526,1,1,0,0,"fbr|income tax ordinance|pakistan|tax consultant|kamboh associates"
"blogs/tax-consultant-pwd-islamabad","pwd islamabad",863,1,1,1,1,"fbr|income tax ordinance|pakistan|tax consultant|kamboh associates"
"blogs/tax-consultant-qaddafi-stadium-lahore","qaddafi stadium lahore",907,1,1,1,1,"fbr|income tax ordinance|pakistan|tax consultant|kamboh associates"
"blogs/tax-consultant-qainchi-lahore","best tax consultant in qainchi lahore 2026",552,1,1,0,0,"fbr|income tax ordinance|pakistan|tax consultant|kamboh associates"
"blogs/tax-consultant-qamber","best tax consultant in qamber 2026 - fbr filing",701,1,1,1,0,"fbr|income tax ordinance|pakistan|tax consultant|kamboh associates"
"blogs/tax-consultant-qasba-colony-karachi","qasba colony karachi",717,1,1,1,1,"fbr|income tax ordinance|pakistan|tax consultant|kamboh associates"
"blogs/tax-consultant-qasim-bela-multan","best tax consultant in qasim bela multan 2026",936,1,1,0,0,"fbr|income tax ordinance|pakistan|tax consultant|kamboh associates"
"blogs/tax-consultant-qasimabad-hyderabad","best tax consultant in qasimabad hyderabad 2026",918,1,1,0,0,"fbr|income tax ordinance|pakistan|tax consultant|kamboh associates"
"blogs/tax-consultant-qila-abdullah","qila abdullah",716,1,1,1,1,"fbr|income tax ordinance|pakistan|tax consultant|kamboh associates"
"blogs/tax-consultant-qila-saifullah","qila saifullah",716,1,1,1,1,"fbr|income tax ordinance|pakistan|tax consultant|kamboh associates"
"blogs/tax-consultant-queens-road-lahore","queens road lahore",952,1,1,1,1,"fbr|income tax ordinance|pakistan|tax consultant|kamboh associates"
"blogs/tax-consultant-quetta-city-centre-quetta","best tax consultant in city centre quetta 2026",531,1,1,0,0,"fbr|income tax ordinance|pakistan|tax consultant|kamboh associates"
"blogs/tax-consultant-quetta","quetta",705,1,1,1,1,"fbr|income tax ordinance|pakistan|tax consultant|kamboh associates"
"blogs/tax-consultant-rahim-yar-khan-cantt","best tax consultant in cantt rahim yar khan 2026",938,1,1,0,0,"fbr|income tax ordinance|pakistan|tax consultant|kamboh associates"
"blogs/tax-consultant-rahim-yar-khan-city","rahim yar khan city",955,1,1,1,1,"fbr|income tax ordinance|pakistan|tax consultant|kamboh associates"
"blogs/tax-consultant-rahim-yar-khan","rahim yar khan",956,1,1,1,1,"fbr|income tax ordinance|pakistan|tax consultant|kamboh associates"
"blogs/tax-consultant-rahwali-gujranwala","best tax consultant in rahwali gujranwala 2026",519,1,1,0,0,"fbr|income tax ordinance|pakistan|tax consultant|kamboh associates"
"blogs/tax-consultant-railway-road-fsd-faisalabad","railway road fsd faisalabad",531,1,1,1,1,"fbr|income tax ordinance|pakistan|tax consultant|kamboh associates"
"blogs/tax-consultant-railways-colony-lahore","railways colony lahore",952,1,1,1,1,"fbr|income tax ordinance|pakistan|tax consultant|kamboh associates"
"blogs/tax-consultant-raiwind-lahore","best tax consultant in raiwind lahore 2026",951,1,1,0,0,"fbr|income tax ordinance|pakistan|tax consultant|kamboh associates"
"blogs/tax-consultant-raiwind-road-lahore","raiwind road lahore",884,1,1,1,1,"fbr|income tax ordinance|pakistan|tax consultant|kamboh associates"
"blogs/tax-consultant-raja-jang-lahore","raja jang lahore",891,1,1,1,1,"fbr|income tax ordinance|pakistan|tax consultant|kamboh associates"
"blogs/tax-consultant-rajanpur-city","best tax consultant in rajanpur 2026",917,1,1,0,0,"fbr|income tax ordinance|pakistan|tax consultant|kamboh associates"
"blogs/tax-consultant-ranchore-lines-karachi","ranchore lines karachi",530,1,1,1,1,"fbr|income tax ordinance|pakistan|tax consultant|kamboh associates"
"blogs/tax-consultant-rang-mahal-lahore","rang mahal lahore",891,1,1,1,1,"fbr|income tax ordinance|pakistan|tax consultant|kamboh associates"
"blogs/tax-consultant-ravi-road-lahore","best tax consultant in ravi road lahore 2026",563,1,1,0,0,"fbr|income tax ordinance|pakistan|tax consultant|kamboh associates"
"blogs/tax-consultant-ravi-town-lahore","ravi town lahore",952,1,1,1,1,"fbr|income tax ordinance|pakistan|tax consultant|kamboh associates"
"blogs/tax-consultant-rawalakot-city","best tax consultant in rawalakot 2026",917,1,1,0,0,"fbr|income tax ordinance|pakistan|tax consultant|kamboh associates"
"blogs/tax-consultant-rawalakot","rawalakot",822,1,1,1,1,"fbr|income tax ordinance|pakistan|tax consultant|kamboh associates"
"blogs/tax-consultant-rawalpindi-commercial","rawalpindi commercial",935,1,1,1,1,"fbr|income tax ordinance|pakistan|tax consultant|kamboh associates"
"blogs/tax-consultant-rawalpindi-dha","best tax consultant in dha rawalpindi 2026",918,1,1,0,0,"fbr|income tax ordinance|pakistan|tax consultant|kamboh associates"
"blogs/tax-consultant-rawalpindi-saddar","best tax consultant in saddar rawalpindi 2026",918,1,1,0,0,"fbr|income tax ordinance|pakistan|tax consultant|kamboh associates"
"blogs/tax-consultant-rawalpindi","best tax consultant in rawalpindi 2026",753,1,1,0,0,"fbr|income tax ordinance|pakistan|tax consultant|kamboh associates"
"blogs/tax-consultant-rawat-islamabad","rawat islamabad",590,1,1,1,1,"fbr|income tax ordinance|pakistan|tax consultant|kamboh associates"
"blogs/tax-consultant-real-estate-agents-pakistan","real estate agents",600,1,1,1,1,"fbr|income tax ordinance|pakistan|tax consultant|kamboh associates"
"blogs/tax-consultant-regi-model-town-peshawar","regi model town peshawar",954,1,1,1,1,"fbr|income tax ordinance|pakistan|tax consultant|kamboh associates"
"blogs/tax-consultant-rehmanpura-lahore","rehmanpura lahore",735,1,1,1,1,"fbr|income tax ordinance|pakistan|tax consultant|kamboh associates"
"blogs/tax-consultant-renala-khurd","renala khurd",716,1,1,1,1,"fbr|income tax ordinance|pakistan|tax consultant|kamboh associates"
"blogs/tax-consultant-restaurants-pakistan","restaurants",589,0,0,0,1,"fbr|income tax ordinance|pakistan|tax consultant|kamboh associates"
"blogs/tax-consultant-revenue-society-lahore","revenue society lahore",897,1,1,1,1,"fbr|income tax ordinance|pakistan|tax consultant|kamboh associates"
"blogs/tax-consultant-ring-road-lahore","ring road lahore",891,1,1,1,1,"fbr|income tax ordinance|pakistan|tax consultant|kamboh associates"
"blogs/tax-consultant-ring-road-peshawar","ring road peshawar",851,1,1,1,1,"fbr|income tax ordinance|pakistan|tax consultant|kamboh associates"
"blogs/tax-consultant-ring-road-psh-peshawar","best tax consultant in ring road peshawar 2026",531,1,1,0,0,"fbr|income tax ordinance|pakistan|tax consultant|kamboh associates"
"blogs/tax-consultant-river-garden-lahore","river garden lahore",987,1,1,1,1,"fbr|income tax ordinance|pakistan|tax consultant|kamboh associates"
"blogs/tax-consultant-rohri","rohri",823,1,1,1,1,"fbr|income tax ordinance|pakistan|tax consultant|kamboh associates"
"blogs/tax-consultant-roshnai-gate-lahore","roshnai gate lahore",952,1,1,1,1,"fbr|income tax ordinance|pakistan|tax consultant|kamboh associates"
"blogs/tax-consultant-rwp-airport-rawalpindi","rwp airport rawalpindi",530,0,0,0,1,"fbr|income tax ordinance|pakistan|tax consultant|kamboh associates"
"blogs/tax-consultant-rwp-civil-lines-rawalpindi","rwp civil lines rawalpindi",531,0,0,0,1,"fbr|income tax ordinance|pakistan|tax consultant|kamboh associates"
"blogs/tax-consultant-sa-gardens-lahore","sa gardens lahore",932,1,1,1,1,"fbr|income tax ordinance|pakistan|tax consultant|kamboh associates"
"blogs/tax-consultant-saadi-town-karachi","saadi town karachi",717,1,1,1,1,"fbr|income tax ordinance|pakistan|tax consultant|kamboh associates"
"blogs/tax-consultant-sabzazar-block-a-lahore","sabzazar block a lahore",951,1,1,1,1,"fbr|income tax ordinance|pakistan|tax consultant|kamboh associates"
"blogs/tax-consultant-sabzazar-block-b-lahore","sabzazar block b lahore",951,1,1,1,1,"fbr|income tax ordinance|pakistan|tax consultant|kamboh associates"
"blogs/tax-consultant-sabzazar-block-c-lahore","sabzazar block c lahore",951,1,1,1,1,"fbr|income tax ordinance|pakistan|tax consultant|kamboh associates"
"blogs/tax-consultant-sabzazar-lahore","best tax consultant in sabzazar lahore 2026",952,1,1,0,0,"fbr|income tax ordinance|pakistan|tax consultant|kamboh associates"
"blogs/tax-consultant-sabzazar-multan","best tax consultant in sabzazar multan 2026",519,1,1,0,0,"fbr|income tax ordinance|pakistan|tax consultant|kamboh associates"
"blogs/tax-consultant-saddar-bahawalpur","best tax consultant in saddar bahawalpur 2026",519,1,1,0,0,"fbr|income tax ordinance|pakistan|tax consultant|kamboh associates"
"blogs/tax-consultant-saddar-karachi-karachi","saddar karachi karachi",518,1,1,1,1,"fbr|income tax ordinance|pakistan|tax consultant|kamboh associates"
"blogs/tax-consultant-saddar-karachi","best tax consultant in saddar karachi 2026",918,1,1,0,0,"fbr|income tax ordinance|pakistan|tax consultant|kamboh associates"
"blogs/tax-consultant-saddar-peshawar","best tax consultant in saddar peshawar 2026",918,1,1,0,0,"fbr|income tax ordinance|pakistan|tax consultant|kamboh associates"
"blogs/tax-consultant-saddar-rawalpindi","saddar rawalpindi",928,1,1,1,1,"fbr|income tax ordinance|pakistan|tax consultant|kamboh associates"
"blogs/tax-consultant-sadiqabad-ryk","sadiqabad ryk",706,1,1,1,1,"fbr|income tax ordinance|pakistan|tax consultant|kamboh associates"
"blogs/tax-consultant-sadiqabad","sadiqabad",822,1,1,1,1,"fbr|income tax ordinance|pakistan|tax consultant|kamboh associates"
"blogs/tax-consultant-saeed-park-lahore","saeed park lahore",952,1,1,1,1,"fbr|income tax ordinance|pakistan|tax consultant|kamboh associates"
"blogs/tax-consultant-safari-garden-lahore","safari garden lahore",977,1,1,1,1,"fbr|income tax ordinance|pakistan|tax consultant|kamboh associates"
"blogs/tax-consultant-safari-garden-phase-2-lahore","safari garden phase 2 lahore",971,1,1,1,1,"fbr|income tax ordinance|pakistan|tax consultant|kamboh associates"
"blogs/tax-consultant-saggian-lahore","saggian lahore",869,1,1,1,1,"fbr|income tax ordinance|pakistan|tax consultant|kamboh associates"
"blogs/tax-consultant-sahiwal-cantt","best tax consultant in cantt sahiwal 2026",918,1,1,0,0,"fbr|income tax ordinance|pakistan|tax consultant|kamboh associates"
"blogs/tax-consultant-sahiwal-city","best tax consultant in city centre sahiwal 2026",935,1,1,0,0,"fbr|income tax ordinance|pakistan|tax consultant|kamboh associates"
"blogs/tax-consultant-sahiwal-model-colony","best tax consultant in model colony sahiwal 2026",526,1,1,0,0,"fbr|income tax ordinance|pakistan|tax consultant|kamboh associates"
"blogs/tax-consultant-sahiwal","sahiwal",915,1,1,1,1,"fbr|income tax ordinance|pakistan|tax consultant|kamboh associates"
"blogs/tax-consultant-saleem-town-lahore","saleem town lahore",891,1,1,1,1,"fbr|income tax ordinance|pakistan|tax consultant|kamboh associates"
"blogs/tax-consultant-samanabad-block-a-lahore","samanabad block a lahore",890,1,1,1,1,"fbr|income tax ordinance|pakistan|tax consultant|kamboh associates"
"blogs/tax-consultant-samanabad-block-b-lahore","samanabad block b lahore",890,1,1,1,1,"fbr|income tax ordinance|pakistan|tax consultant|kamboh associates"
"blogs/tax-consultant-samanabad-block-c-lahore","samanabad block c lahore",951,1,1,1,1,"fbr|income tax ordinance|pakistan|tax consultant|kamboh associates"
"blogs/tax-consultant-samanabad-block-d-lahore","samanabad block d lahore",890,1,1,1,1,"fbr|income tax ordinance|pakistan|tax consultant|kamboh associates"
"blogs/tax-consultant-samanabad-block-e-lahore","samanabad block e lahore",951,1,1,1,1,"fbr|income tax ordinance|pakistan|tax consultant|kamboh associates"
"blogs/tax-consultant-samanabad-block-f-lahore","samanabad block f lahore",951,1,1,1,1,"fbr|income tax ordinance|pakistan|tax consultant|kamboh associates"
"blogs/tax-consultant-samanabad-block-g-lahore","samanabad block g lahore",951,1,1,1,1,"fbr|income tax ordinance|pakistan|tax consultant|kamboh associates"
"blogs/tax-consultant-samanabad-block-h-lahore","samanabad block h lahore",951,1,1,1,1,"fbr|income tax ordinance|pakistan|tax consultant|kamboh associates"
"blogs/tax-consultant-samanabad-block-j-lahore","samanabad block j lahore",951,1,1,1,1,"fbr|income tax ordinance|pakistan|tax consultant|kamboh associates"
"blogs/tax-consultant-samanabad-faisalabad","best tax consultant in samanabad faisalabad 2026",918,1,1,0,0,"fbr|income tax ordinance|pakistan|tax consultant|kamboh associates"
"blogs/tax-consultant-samanabad-lahore-area","best tax consultant in samanabad lahore 2026",952,1,1,0,0,"fbr|income tax ordinance|pakistan|tax consultant|kamboh associates"
"blogs/tax-consultant-sambrial","best tax consultant in sambrial 2026 - fbr filing",701,1,1,1,0,"fbr|income tax ordinance|pakistan|tax consultant|kamboh associates"
"blogs/tax-consultant-sammundri","sammundri",701,1,1,1,1,"fbr|income tax ordinance|pakistan|tax consultant|kamboh associates"
"blogs/tax-consultant-samnabad-lahore","best tax consultant in samnabad lahore 2026",548,1,1,0,0,"fbr|income tax ordinance|pakistan|tax consultant|kamboh associates"
"blogs/tax-consultant-sanda-lahore","best tax consultant in sanda lahore 2026",554,1,1,0,0,"fbr|income tax ordinance|pakistan|tax consultant|kamboh associates"
"blogs/tax-consultant-sanghar-city","best tax consultant in sanghar 2026",917,1,1,0,0,"fbr|income tax ordinance|pakistan|tax consultant|kamboh associates"
"blogs/tax-consultant-sanghar","sanghar",822,1,1,1,1,"fbr|income tax ordinance|pakistan|tax consultant|kamboh associates"
"blogs/tax-consultant-sargodha-cantt","best tax consultant in cantt sargodha 2026",918,1,1,0,0,"fbr|income tax ordinance|pakistan|tax consultant|kamboh associates"
"blogs/tax-consultant-sargodha-lyon-colony","best tax consultant in lyon colony sargodha 2026",526,1,1,0,0,"fbr|income tax ordinance|pakistan|tax consultant|kamboh associates"
"blogs/tax-consultant-sargodha-road-fsd-faisalabad","sargodha road fsd faisalabad",531,1,1,1,1,"fbr|income tax ordinance|pakistan|tax consultant|kamboh associates"
"blogs/tax-consultant-sargodha-university-road","sargodha university road",527,1,1,1,1,"fbr|income tax ordinance|pakistan|tax consultant|kamboh associates"
"blogs/tax-consultant-sargodha","sargodha",642,1,1,1,1,"fbr|income tax ordinance|pakistan|tax consultant|kamboh associates"
"blogs/tax-consultant-sariab-road-quetta","best tax consultant in sariab road quetta 2026",936,1,1,0,0,"fbr|income tax ordinance|pakistan|tax consultant|kamboh associates"
"blogs/tax-consultant-satellite-town-gujranwala","satellite town gujranwala",936,1,1,1,1,"fbr|income tax ordinance|pakistan|tax consultant|kamboh associates"
"blogs/tax-consultant-satellite-town-quetta","best tax consultant in satellite town quetta 2026",936,1,1,0,0,"fbr|income tax ordinance|pakistan|tax consultant|kamboh associates"
"blogs/tax-consultant-satellite-town-rawalpindi","satellite town rawalpindi",936,1,1,1,1,"fbr|income tax ordinance|pakistan|tax consultant|kamboh associates"
"blogs/tax-consultant-scheme-33-karachi","best tax consultant in scheme 33 karachi 2026",922,1,1,0,0,"fbr|income tax ordinance|pakistan|tax consultant|kamboh associates"
"blogs/tax-consultant-scheme-45-karachi","best tax consultant in scheme 45 karachi 2026",922,1,1,0,0,"fbr|income tax ordinance|pakistan|tax consultant|kamboh associates"
"blogs/tax-consultant-seaview-karachi","best tax consultant in sea view karachi 2026",529,1,1,0,0,"fbr|income tax ordinance|pakistan|tax consultant|kamboh associates"
"blogs/tax-consultant-sector-c-bahria-lahore","sector c bahria lahore",909,1,1,1,1,"fbr|income tax ordinance|pakistan|tax consultant|kamboh associates"
"blogs/tax-consultant-sector-e-bahria-lahore","sector e bahria lahore",909,1,1,1,1,"fbr|income tax ordinance|pakistan|tax consultant|kamboh associates"
"blogs/tax-consultant-sector-f-bahria-lahore","sector f bahria lahore",909,1,1,1,1,"fbr|income tax ordinance|pakistan|tax consultant|kamboh associates"
"blogs/tax-consultant-sehwan","best tax consultant in sehwan 2026 - fbr filing",701,1,1,1,0,"fbr|income tax ordinance|pakistan|tax consultant|kamboh associates"
"blogs/tax-consultant-shad-bagh-lahore","best tax consultant in shad bagh lahore 2026",563,1,1,0,0,"fbr|income tax ordinance|pakistan|tax consultant|kamboh associates"
"blogs/tax-consultant-shad-bagh-west-lahore","shad bagh west lahore",909,1,1,1,1,"fbr|income tax ordinance|pakistan|tax consultant|kamboh associates"
"blogs/tax-consultant-shadbagh-east-lahore","best tax consultant in shadbagh east lahore 2026",559,1,1,0,0,"fbr|income tax ordinance|pakistan|tax consultant|kamboh associates"
"blogs/tax-consultant-shadman-colony-lahore","shadman colony lahore",633,1,1,1,1,"fbr|income tax ordinance|pakistan|tax consultant|kamboh associates"
"blogs/tax-consultant-shadman-lahore-area","best tax consultant in shadman lahore 2026",952,1,1,0,0,"fbr|income tax ordinance|pakistan|tax consultant|kamboh associates"
"blogs/tax-consultant-shadman-lahore","shadman lahore",616,1,1,1,1,"fbr|income tax ordinance|pakistan|tax consultant|kamboh associates"
"blogs/tax-consultant-shafiqabad-lahore","shafiqabad lahore",873,1,1,1,1,"fbr|income tax ordinance|pakistan|tax consultant|kamboh associates"
"blogs/tax-consultant-shah-alam-market-lahore","shah alam market lahore",908,1,1,1,1,"fbr|income tax ordinance|pakistan|tax consultant|kamboh associates"
"blogs/tax-consultant-shah-faisal-colony-karachi","shah faisal colony karachi",954,1,1,1,1,"fbr|income tax ordinance|pakistan|tax consultant|kamboh associates"
"blogs/tax-consultant-shah-latif-town-karachi","shah latif town karachi",954,1,1,1,1,"fbr|income tax ordinance|pakistan|tax consultant|kamboh associates"
"blogs/tax-consultant-shah-rukn-e-alam-multan","shah rukn e alam multan",937,1,1,1,1,"fbr|income tax ordinance|pakistan|tax consultant|kamboh associates"
"blogs/tax-consultant-shahabpura-sialkot","best tax consultant in shahabpura sialkot 2026",519,1,1,0,0,"fbr|income tax ordinance|pakistan|tax consultant|kamboh associates"
"blogs/tax-consultant-shahdadkot","shahdadkot",701,1,1,1,1,"fbr|income tax ordinance|pakistan|tax consultant|kamboh associates"
"blogs/tax-consultant-shahdadpur","shahdadpur",701,1,1,1,1,"fbr|income tax ordinance|pakistan|tax consultant|kamboh associates"
"blogs/tax-consultant-shahdara-lahore","best tax consultant in shahdara lahore 2026",951,1,1,0,0,"fbr|income tax ordinance|pakistan|tax consultant|kamboh associates"
"blogs/tax-consultant-shaheen-park-lahore","shaheen park lahore",952,1,1,1,1,"fbr|income tax ordinance|pakistan|tax consultant|kamboh associates"
"blogs/tax-consultant-shaheenabad-gujranwala","shaheenabad gujranwala",519,1,1,1,1,"fbr|income tax ordinance|pakistan|tax consultant|kamboh associates"
"blogs/tax-consultant-shahi-bazar-hyd-hyderabad","best tax consultant in shahi bazar hyderabad 2026",531,1,1,0,0,"fbr|income tax ordinance|pakistan|tax consultant|kamboh associates"
"blogs/tax-consultant-shahpur","shahpur",822,1,1,1,1,"fbr|income tax ordinance|pakistan|tax consultant|kamboh associates"
"blogs/tax-consultant-shahrah-e-faisal-karachi","shahrah e faisal karachi",520,1,1,1,1,"fbr|income tax ordinance|pakistan|tax consultant|kamboh associates"
"blogs/tax-consultant-shakargarh","shakargarh",701,1,1,1,1,"fbr|income tax ordinance|pakistan|tax consultant|kamboh associates"
"blogs/tax-consultant-shalamar-lahore","best tax consultant in shalamar lahore 2026",951,1,1,0,0,"fbr|income tax ordinance|pakistan|tax consultant|kamboh associates"
"blogs/tax-consultant-shalimar-lahore","shalimar lahore",883,1,1,1,1,"fbr|income tax ordinance|pakistan|tax consultant|kamboh associates"
"blogs/tax-consultant-shalimar-link-road-lahore","shalimar link road lahore",908,1,1,1,1,"fbr|income tax ordinance|pakistan|tax consultant|kamboh associates"
"blogs/tax-consultant-shalimar-town-lahore","shalimar town lahore",750,1,1,1,1,"fbr|income tax ordinance|pakistan|tax consultant|kamboh associates"
"blogs/tax-consultant-shangla-city","best tax consultant in shangla 2026 - fbr filing",702,1,1,1,0,"fbr|income tax ordinance|pakistan|tax consultant|kamboh associates"
"blogs/tax-consultant-shangla","shangla",822,1,1,1,1,"fbr|income tax ordinance|pakistan|tax consultant|kamboh associates"
"blogs/tax-consultant-sharaqpur-lahore","sharaqpur lahore",873,1,1,1,1,"fbr|income tax ordinance|pakistan|tax consultant|kamboh associates"
"blogs/tax-consultant-sharjah-pakistanis","sharjah pakistanis",981,1,1,1,1,"fbr|income tax ordinance|pakistan|tax consultant|kamboh associates"
"blogs/tax-consultant-shaukat-town-lahore","shaukat town lahore",977,1,1,1,1,"fbr|income tax ordinance|pakistan|tax consultant|kamboh associates"
"blogs/tax-consultant-sheffield-pakistanis","sheffield pakistanis",971,1,1,1,1,"fbr|income tax ordinance|pakistan|tax consultant|kamboh associates"
"blogs/tax-consultant-shehzad-town-islamabad","shehzad town islamabad",717,1,1,1,1,"fbr|income tax ordinance|pakistan|tax consultant|kamboh associates"
"blogs/tax-consultant-sheikhupura-city-centre","sheikhupura city centre",526,1,1,1,1,"fbr|income tax ordinance|pakistan|tax consultant|kamboh associates"
"blogs/tax-consultant-sheikhupura-city","best tax consultant in sheikhupura 2026",917,1,1,0,0,"fbr|income tax ordinance|pakistan|tax consultant|kamboh associates"
"blogs/tax-consultant-sheikhupura-road-lahore","sheikhupura road lahore",951,1,1,1,1,"fbr|income tax ordinance|pakistan|tax consultant|kamboh associates"
"blogs/tax-consultant-sheikhupura","sheikhupura",914,1,1,1,1,"fbr|income tax ordinance|pakistan|tax consultant|kamboh associates"
"blogs/tax-consultant-sheranwala-gate-lahore","sheranwala gate lahore",952,1,1,1,1,"fbr|income tax ordinance|pakistan|tax consultant|kamboh associates"
"blogs/tax-consultant-shershah-multan","best tax consultant in shershah multan 2026",519,1,1,0,0,"fbr|income tax ordinance|pakistan|tax consultant|kamboh associates"
"blogs/tax-consultant-shikarpur-city","best tax consultant in shikarpur 2026",917,1,1,0,0,"fbr|income tax ordinance|pakistan|tax consultant|kamboh associates"
"blogs/tax-consultant-shikarpur","shikarpur",822,1,1,1,1,"fbr|income tax ordinance|pakistan|tax consultant|kamboh associates"
"blogs/tax-consultant-shimla-hill-lahore","shimla hill lahore",952,1,1,1,1,"fbr|income tax ordinance|pakistan|tax consultant|kamboh associates"
"blogs/tax-consultant-shopkeepers-pakistan","shopkeepers",594,1,1,1,1,"fbr|income tax ordinance|pakistan|tax consultant|kamboh associates"
"blogs/tax-consultant-shujabad","best tax consultant in shujabad 2026 - fbr filing",701,1,1,1,0,"fbr|income tax ordinance|pakistan|tax consultant|kamboh associates"
"blogs/tax-consultant-sialkot","sialkot",747,1,1,1,1,"fbr|income tax ordinance|pakistan|tax consultant|kamboh associates"
"blogs/tax-consultant-sibi-city","best tax consultant in sibi 2026",917,1,1,0,0,"fbr|income tax ordinance|pakistan|tax consultant|kamboh associates"
"blogs/tax-consultant-sibi","sibi",823,1,1,1,1,"fbr|income tax ordinance|pakistan|tax consultant|kamboh associates"
"blogs/tax-consultant-sillanwali","sillanwali",822,1,1,1,1,"fbr|income tax ordinance|pakistan|tax consultant|kamboh associates"
"blogs/tax-consultant-sindhi-muslim-colony-hyderabad","sindhi muslim colony hyderabad",541,1,1,1,1,"fbr|income tax ordinance|pakistan|tax consultant|kamboh associates"
"blogs/tax-consultant-sir-syed-town-lahore","sir syed town lahore",909,1,1,1,1,"fbr|income tax ordinance|pakistan|tax consultant|kamboh associates"
"blogs/tax-consultant-site-area-karachi","best tax consultant in site area karachi 2026",936,1,1,0,0,"fbr|income tax ordinance|pakistan|tax consultant|kamboh associates"
"blogs/tax-consultant-site-industrial-karachi","site industrial karachi",536,1,1,1,1,"fbr|income tax ordinance|pakistan|tax consultant|kamboh associates"
"blogs/tax-consultant-site-karachi","site karachi",943,1,1,1,1,"fbr|income tax ordinance|pakistan|tax consultant|kamboh associates"
"blogs/tax-consultant-skardu-city","best tax consultant in skardu 2026",917,1,1,0,0,"fbr|income tax ordinance|pakistan|tax consultant|kamboh associates"
"blogs/tax-consultant-skardu","skardu",822,1,1,1,1,"fbr|income tax ordinance|pakistan|tax consultant|kamboh associates"
"blogs/tax-consultant-soan-garden-islamabad","soan garden islamabad",851,1,1,1,1,"fbr|income tax ordinance|pakistan|tax consultant|kamboh associates"
"blogs/tax-consultant-sohawa","sohawa",822,1,1,1,1,"fbr|income tax ordinance|pakistan|tax consultant|kamboh associates"
"blogs/tax-consultant-soldier-bazaar-karachi","soldier bazaar karachi",717,1,1,1,1,"fbr|income tax ordinance|pakistan|tax consultant|kamboh associates"
"blogs/tax-consultant-southall-pakistanis","southall pakistanis",973,1,1,1,1,"fbr|income tax ordinance|pakistan|tax consultant|kamboh associates"
"blogs/tax-consultant-spini-road-quetta","best tax consultant in spini road quetta 2026",530,1,1,0,0,"fbr|income tax ordinance|pakistan|tax consultant|kamboh associates"
"blogs/tax-consultant-state-life-housing-lahore","state life housing lahore",913,1,1,1,1,"fbr|income tax ordinance|pakistan|tax consultant|kamboh associates"
"blogs/tax-consultant-state-life-phase-2-lahore","state life phase 2 lahore",989,1,1,1,1,"fbr|income tax ordinance|pakistan|tax consultant|kamboh associates"
"blogs/tax-consultant-sudhnati-ajk","best tax consultant in sudhnati 2026 - fbr filing",702,1,1,1,0,"fbr|income tax ordinance|pakistan|tax consultant|kamboh associates"
"blogs/tax-consultant-sui-gas-society-lahore","sui gas society lahore",913,1,1,1,1,"fbr|income tax ordinance|pakistan|tax consultant|kamboh associates"
"blogs/tax-consultant-sujawal","best tax consultant in sujawal 2026 - fbr filing",701,1,1,1,0,"fbr|income tax ordinance|pakistan|tax consultant|kamboh associates"
"blogs/tax-consultant-sukh-chain-lahore","sukh chain lahore",633,1,1,1,1,"fbr|income tax ordinance|pakistan|tax consultant|kamboh associates"
"blogs/tax-consultant-sukkur-civil-lines","best tax consultant in civil lines sukkur 2026",936,1,1,0,0,"fbr|income tax ordinance|pakistan|tax consultant|kamboh associates"
"blogs/tax-consultant-sukkur-new-city","best tax consultant in new city sukkur 2026",936,1,1,0,0,"fbr|income tax ordinance|pakistan|tax consultant|kamboh associates"
"blogs/tax-consultant-sukkur-new-sukkur","best tax consultant in new sukkur sukkur 2026",526,1,1,0,0,"fbr|income tax ordinance|pakistan|tax consultant|kamboh associates"
"blogs/tax-consultant-sukkur","sukkur",642,1,1,1,1,"fbr|income tax ordinance|pakistan|tax consultant|kamboh associates"
"blogs/tax-consultant-sundar-industrial-lahore","sundar industrial lahore",906,1,1,1,1,"fbr|income tax ordinance|pakistan|tax consultant|kamboh associates"
"blogs/tax-consultant-sundar-lahore","best tax consultant in sundar lahore 2026",951,1,1,0,0,"fbr|income tax ordinance|pakistan|tax consultant|kamboh associates"
"blogs/tax-consultant-sundar-road-lahore","sundar road lahore",891,1,1,1,1,"fbr|income tax ordinance|pakistan|tax consultant|kamboh associates"
"blogs/tax-consultant-superhighway-karachi","superhighway karachi",529,1,1,1,1,"fbr|income tax ordinance|pakistan|tax consultant|kamboh associates"
"blogs/tax-consultant-surjani-town-karachi","best tax consultant in surjani town karachi 2026",936,1,1,0,0,"fbr|income tax ordinance|pakistan|tax consultant|kamboh associates"
"blogs/tax-consultant-susan-road-faisalabad","best tax consultant in susan road faisalabad 2026",936,1,1,0,0,"fbr|income tax ordinance|pakistan|tax consultant|kamboh associates"
"blogs/tax-consultant-swabi-city","best tax consultant in swabi 2026",917,1,1,0,0,"fbr|income tax ordinance|pakistan|tax consultant|kamboh associates"
"blogs/tax-consultant-swabi","swabi",823,1,1,1,1,"fbr|income tax ordinance|pakistan|tax consultant|kamboh associates"
"blogs/tax-consultant-swat-mingora-road","best tax consultant in mingora road swat 2026",526,1,1,0,0,"fbr|income tax ordinance|pakistan|tax consultant|kamboh associates"
"blogs/tax-consultant-swat","swat",915,1,1,1,1,"fbr|income tax ordinance|pakistan|tax consultant|kamboh associates"
"blogs/tax-consultant-sydney-pakistanis","sydney pakistanis",979,1,1,1,1,"fbr|income tax ordinance|pakistan|tax consultant|kamboh associates"
"blogs/tax-consultant-tajpura-lahore","tajpura lahore",874,1,1,1,1,"fbr|income tax ordinance|pakistan|tax consultant|kamboh associates"
"blogs/tax-consultant-talagang","best tax consultant in talagang 2026 - fbr filing",701,1,1,1,0,"fbr|income tax ordinance|pakistan|tax consultant|kamboh associates"
"blogs/tax-consultant-tandlianwala","tandlianwala",701,1,1,1,1,"fbr|income tax ordinance|pakistan|tax consultant|kamboh associates"
"blogs/tax-consultant-tando-adam-city","best tax consultant in tando adam 2026",941,1,1,0,0,"fbr|income tax ordinance|pakistan|tax consultant|kamboh associates"
"blogs/tax-consultant-tando-adam","tando adam",843,1,1,1,1,"fbr|income tax ordinance|pakistan|tax consultant|kamboh associates"
"blogs/tax-consultant-tando-allahyar-city","best tax consultant in tando allahyar 2026",939,1,1,0,0,"fbr|income tax ordinance|pakistan|tax consultant|kamboh associates"
"blogs/tax-consultant-tando-allahyar","tando allahyar",842,1,1,1,1,"fbr|income tax ordinance|pakistan|tax consultant|kamboh associates"
"blogs/tax-consultant-tando-road-hyderabad","best tax consultant in tando road hyderabad 2026",530,1,1,0,0,"fbr|income tax ordinance|pakistan|tax consultant|kamboh associates"
"blogs/tax-consultant-tank-city","best tax consultant in tank 2026",917,1,1,0,0,"fbr|income tax ordinance|pakistan|tax consultant|kamboh associates"
"blogs/tax-consultant-tank","tank",823,1,1,1,1,"fbr|income tax ordinance|pakistan|tax consultant|kamboh associates"
"blogs/tax-consultant-tariq-road-karachi","tariq road karachi",717,1,1,1,1,"fbr|income tax ordinance|pakistan|tax consultant|kamboh associates"
"blogs/tax-consultant-tarlai-islamabad","best tax consultant in tarlai islamabad 2026",918,1,1,0,0,"fbr|income tax ordinance|pakistan|tax consultant|kamboh associates"
"blogs/tax-consultant-tauheed-block-bahria-lahore","tauheed block bahria lahore",926,1,1,1,1,"fbr|income tax ordinance|pakistan|tax consultant|kamboh associates"
"blogs/tax-consultant-taunsa-sharif","taunsa sharif",463,1,1,1,1,"fbr|income tax ordinance|pakistan|tax consultant|kamboh associates"
"blogs/tax-consultant-taxali-gate-lahore","taxali gate lahore",952,1,1,1,1,"fbr|income tax ordinance|pakistan|tax consultant|kamboh associates"
"blogs/tax-consultant-taxila-rawalpindi","best tax consultant in taxila rawalpindi 2026",918,1,1,0,0,"fbr|income tax ordinance|pakistan|tax consultant|kamboh associates"
"blogs/tax-consultant-taxila","taxila",822,1,1,1,1,"fbr|income tax ordinance|pakistan|tax consultant|kamboh associates"
"blogs/tax-consultant-teachers-pakistan","tax consultant for teachers in pakistan 2026",655,1,1,1,1,"fbr|income tax ordinance|pakistan|tax consultant|kamboh associates"
"blogs/tax-consultant-temple-road-lahore","temple road lahore",952,1,1,1,1,"fbr|income tax ordinance|pakistan|tax consultant|kamboh associates"
"blogs/tax-consultant-tharparkar","tharparkar",915,1,1,1,1,"fbr|income tax ordinance|pakistan|tax consultant|kamboh associates"
"blogs/tax-consultant-thatta-city","best tax consultant in thatta 2026",917,1,1,0,0,"fbr|income tax ordinance|pakistan|tax consultant|kamboh associates"
"blogs/tax-consultant-thatta","thatta",822,1,1,1,1,"fbr|income tax ordinance|pakistan|tax consultant|kamboh associates"
"blogs/tax-consultant-thokar-niaz-baig-lahore","thokar niaz baig lahore",765,1,1,1,1,"fbr|income tax ordinance|pakistan|tax consultant|kamboh associates"
"blogs/tax-consultant-thokar-niaz-baig-road-lahore","thokar niaz baig road lahore",991,1,1,1,1,"fbr|income tax ordinance|pakistan|tax consultant|kamboh associates"
"blogs/tax-consultant-timber-market-karachi","best tax consultant in timber market karachi 2026",936,1,1,0,0,"fbr|income tax ordinance|pakistan|tax consultant|kamboh associates"
"blogs/tax-consultant-timber-market-lahore","timber market lahore",891,1,1,1,1,"fbr|income tax ordinance|pakistan|tax consultant|kamboh associates"
"blogs/tax-consultant-timergara","timergara",703,1,1,1,1,"fbr|income tax ordinance|pakistan|tax consultant|kamboh associates"
"blogs/tax-consultant-toba-tek-singh-city","best tax consultant in toba tek singh 2026",963,1,1,0,0,"fbr|income tax ordinance|pakistan|tax consultant|kamboh associates"
"blogs/tax-consultant-toba-tek-singh","toba tek singh",956,1,1,1,1,"fbr|income tax ordinance|pakistan|tax consultant|kamboh associates"
"blogs/tax-consultant-topi","topi",823,1,1,1,1,"fbr|income tax ordinance|pakistan|tax consultant|kamboh associates"
"blogs/tax-consultant-toronto-pakistanis","toronto pakistanis",977,1,1,1,1,"fbr|income tax ordinance|pakistan|tax consultant|kamboh associates"
"blogs/tax-consultant-township-sector-a-lahore","township sector a lahore",951,1,1,1,1,"fbr|income tax ordinance|pakistan|tax consultant|kamboh associates"
"blogs/tax-consultant-township-sector-b1-lahore","township sector b1 lahore",902,1,1,1,1,"fbr|income tax ordinance|pakistan|tax consultant|kamboh associates"
"blogs/tax-consultant-township-sector-b2-lahore","township sector b2 lahore",643,1,1,1,1,"fbr|income tax ordinance|pakistan|tax consultant|kamboh associates"
"blogs/tax-consultant-township-sector-c-lahore","township sector c lahore",890,1,1,1,1,"fbr|income tax ordinance|pakistan|tax consultant|kamboh associates"
"blogs/tax-consultant-township-sector-d-lahore","township sector d lahore",951,1,1,1,1,"fbr|income tax ordinance|pakistan|tax consultant|kamboh associates"
"blogs/tax-consultant-traders-pakistan","traders",576,1,1,1,1,"fbr|income tax ordinance|pakistan|tax consultant|kamboh associates"
"blogs/tax-consultant-trust-colony-gujranwala","trust colony gujranwala",530,1,1,1,1,"fbr|income tax ordinance|pakistan|tax consultant|kamboh associates"
"blogs/tax-consultant-tulamba","tulamba",822,1,1,1,1,"fbr|income tax ordinance|pakistan|tax consultant|kamboh associates"
"blogs/tax-consultant-tulip-block-bahria-lahore","tulip block bahria lahore",926,1,1,1,1,"fbr|income tax ordinance|pakistan|tax consultant|kamboh associates"
"blogs/tax-consultant-turbat-city","best tax consultant in turbat 2026",917,1,1,0,0,"fbr|income tax ordinance|pakistan|tax consultant|kamboh associates"
"blogs/tax-consultant-turbat","turbat",822,1,1,1,1,"fbr|income tax ordinance|pakistan|tax consultant|kamboh associates"
"blogs/tax-consultant-uch-sharif","uch sharif",843,1,1,1,1,"fbr|income tax ordinance|pakistan|tax consultant|kamboh associates"
"blogs/tax-consultant-uet-housing-society-lahore","uet housing society lahore",899,1,1,1,1,"fbr|income tax ordinance|pakistan|tax consultant|kamboh associates"
"blogs/tax-consultant-umerkot-city","best tax consultant in umerkot 2026",917,1,1,0,0,"fbr|income tax ordinance|pakistan|tax consultant|kamboh associates"
"blogs/tax-consultant-umerkot","umerkot",822,1,1,1,1,"fbr|income tax ordinance|pakistan|tax consultant|kamboh associates"
"blogs/tax-consultant-unit-1-hyd-hyderabad","best tax consultant in unit 1 hyderabad 2026",520,1,1,0,0,"fbr|income tax ordinance|pakistan|tax consultant|kamboh associates"
"blogs/tax-consultant-unit-6-hyd-hyderabad","best tax consultant in unit 6 hyderabad 2026",520,1,1,0,0,"fbr|income tax ordinance|pakistan|tax consultant|kamboh associates"
"blogs/tax-consultant-unit-9-hyd-hyderabad","best tax consultant in unit 9 hyderabad 2026",520,1,1,0,0,"fbr|income tax ordinance|pakistan|tax consultant|kamboh associates"
"blogs/tax-consultant-university-road-sargodha","university road sargodha",936,1,1,1,1,"fbr|income tax ordinance|pakistan|tax consultant|kamboh associates"
"blogs/tax-consultant-university-town-peshawar","university town peshawar",936,1,1,1,1,"fbr|income tax ordinance|pakistan|tax consultant|kamboh associates"
"blogs/tax-consultant-upper-dir","upper dir",716,1,1,1,1,"fbr|income tax ordinance|pakistan|tax consultant|kamboh associates"
"blogs/tax-consultant-upper-mall-lahore","best tax consultant in upper mall lahore 2026",563,1,1,0,0,"fbr|income tax ordinance|pakistan|tax consultant|kamboh associates"
"blogs/tax-consultant-urdu-bazaar-lahore","urdu bazaar lahore",891,1,1,1,1,"fbr|income tax ordinance|pakistan|tax consultant|kamboh associates"
"blogs/tax-consultant-valencia-block-a-lahore","valencia block a lahore",951,1,1,1,1,"fbr|income tax ordinance|pakistan|tax consultant|kamboh associates"
"blogs/tax-consultant-valencia-block-b-lahore","valencia block b lahore",951,1,1,1,1,"fbr|income tax ordinance|pakistan|tax consultant|kamboh associates"
"blogs/tax-consultant-valencia-block-c-lahore","valencia block c lahore",951,1,1,1,1,"fbr|income tax ordinance|pakistan|tax consultant|kamboh associates"
"blogs/tax-consultant-valencia-block-d-lahore","valencia block d lahore",951,1,1,1,1,"fbr|income tax ordinance|pakistan|tax consultant|kamboh associates"
"blogs/tax-consultant-valencia-block-e-lahore","valencia block e lahore",951,1,1,1,1,"fbr|income tax ordinance|pakistan|tax consultant|kamboh associates"
"blogs/tax-consultant-valencia-block-f-lahore","valencia block f lahore",951,1,1,1,1,"fbr|income tax ordinance|pakistan|tax consultant|kamboh associates"
"blogs/tax-consultant-valencia-lahore","valencia lahore",976,1,1,1,1,"fbr|income tax ordinance|pakistan|tax consultant|kamboh associates"
"blogs/tax-consultant-valencia-phase-2-lahore","valencia phase 2 lahore",951,1,1,1,1,"fbr|income tax ordinance|pakistan|tax consultant|kamboh associates"
"blogs/tax-consultant-valencia-town-lahore","best tax consultant in valencia town lahore 2026",971,1,1,0,0,"fbr|income tax ordinance|pakistan|tax consultant|kamboh associates"
"blogs/tax-consultant-vancouver-pakistanis","vancouver pakistanis",978,1,1,1,1,"fbr|income tax ordinance|pakistan|tax consultant|kamboh associates"
"blogs/tax-consultant-vehari-city","best tax consultant in vehari 2026",917,1,1,0,0,"fbr|income tax ordinance|pakistan|tax consultant|kamboh associates"
"blogs/tax-consultant-vehari-road-multan","best tax consultant in vehari road multan 2026",530,1,1,0,0,"fbr|income tax ordinance|pakistan|tax consultant|kamboh associates"
"blogs/tax-consultant-vehari","vehari",915,1,1,1,1,"fbr|income tax ordinance|pakistan|tax consultant|kamboh associates"
"blogs/tax-consultant-wah-cantt-rawalpindi","best tax consultant in wah cantt rawalpindi 2026",936,1,1,0,0,"fbr|income tax ordinance|pakistan|tax consultant|kamboh associates"
"blogs/tax-consultant-wah-cantt","wah cantt",843,1,1,1,1,"fbr|income tax ordinance|pakistan|tax consultant|kamboh associates"
"blogs/tax-consultant-wahdat-road-lahore","best tax consultant in wahdat road lahore 2026",563,1,1,0,0,"fbr|income tax ordinance|pakistan|tax consultant|kamboh associates"
"blogs/tax-consultant-walled-city-lahore","best tax consultant in walled city lahore 2026",563,1,1,0,0,"fbr|income tax ordinance|pakistan|tax consultant|kamboh associates"
"blogs/tax-consultant-walton-lahore","best tax consultant in walton lahore 2026",952,1,1,0,0,"fbr|income tax ordinance|pakistan|tax consultant|kamboh associates"
"blogs/tax-consultant-walton-road-lahore","walton road lahore",952,1,1,1,1,"fbr|income tax ordinance|pakistan|tax consultant|kamboh associates"
"blogs/tax-consultant-wapda-city-multan","wapda city multan",944,1,1,1,1,"fbr|income tax ordinance|pakistan|tax consultant|kamboh associates"
"blogs/tax-consultant-wapda-officers-colony-lahore","wapda officers colony lahore",971,1,1,1,1,"fbr|income tax ordinance|pakistan|tax consultant|kamboh associates"
"blogs/tax-consultant-wapda-town-gujranwala","best tax consultant in wapda town gujranwala 2026",936,1,1,0,0,"fbr|income tax ordinance|pakistan|tax consultant|kamboh associates"
"blogs/tax-consultant-wapda-town-lahore-lahore","best tax consultant in wapda town lahore 2026",560,1,1,0,0,"fbr|income tax ordinance|pakistan|tax consultant|kamboh associates"
"blogs/tax-consultant-wapda-town-phase-1-lahore","wapda town phase 1 lahore",650,1,1,1,1,"fbr|income tax ordinance|pakistan|tax consultant|kamboh associates"
"blogs/tax-consultant-wapda-town-phase-2-lahore","wapda town phase 2 lahore",908,1,1,1,1,"fbr|income tax ordinance|pakistan|tax consultant|kamboh associates"
"blogs/tax-consultant-war-memorial-faisalabad","war memorial faisalabad",851,0,0,0,1,"fbr|income tax ordinance|pakistan|tax consultant|kamboh associates"
"blogs/tax-consultant-warsak-road-peshawar","best tax consultant in warsak road peshawar 2026",530,1,1,0,0,"fbr|income tax ordinance|pakistan|tax consultant|kamboh associates"
"blogs/tax-consultant-washington-dc-pakistanis","washington dc pakistanis",985,1,1,1,1,"fbr|income tax ordinance|pakistan|tax consultant|kamboh associates"
"blogs/tax-consultant-washuk","best tax consultant in washuk 2026 - fbr filing",701,1,1,1,0,"fbr|income tax ordinance|pakistan|tax consultant|kamboh associates"
"blogs/tax-consultant-wazirabad","wazirabad",701,1,1,1,1,"fbr|income tax ordinance|pakistan|tax consultant|kamboh associates"
"blogs/tax-consultant-westridge-rawalpindi","best tax consultant in westridge rawalpindi 2026",918,1,1,0,0,"fbr|income tax ordinance|pakistan|tax consultant|kamboh associates"
"blogs/tax-consultant-yakki-gate-lahore","yakki gate lahore",952,1,1,1,1,"fbr|income tax ordinance|pakistan|tax consultant|kamboh associates"
"blogs/tax-consultant-yazman","best tax consultant in yazman 2026 - fbr filing",701,1,1,1,0,"fbr|income tax ordinance|pakistan|tax consultant|kamboh associates"
"blogs/tax-consultant-younas-colony-lahore","best tax consultant in younas colony lahore 2026",559,1,1,0,0,"fbr|income tax ordinance|pakistan|tax consultant|kamboh associates"
"blogs/tax-consultant-zafar-ali-road-lahore","zafar ali road lahore",972,1,1,1,1,"fbr|income tax ordinance|pakistan|tax consultant|kamboh associates"
"blogs/tax-consultant-zafarwal","best tax consultant in zafarwal 2026 - fbr filing",701,1,1,1,0,"fbr|income tax ordinance|pakistan|tax consultant|kamboh associates"
"blogs/tax-consultant-zahoor-elahi-road-lahore","zahoor elahi road lahore",899,1,1,1,1,"fbr|income tax ordinance|pakistan|tax consultant|kamboh associates"
"blogs/tax-consultant-zamzama-karachi","best tax consultant in zamzama karachi 2026",519,1,1,0,0,"fbr|income tax ordinance|pakistan|tax consultant|kamboh associates"
"blogs/tax-consultant-zarghoon-road-quetta","best tax consultant in zarghoon road quetta 2026",530,1,1,0,0,"fbr|income tax ordinance|pakistan|tax consultant|kamboh associates"
"blogs/tax-consultant-zero-point-islamabad","best tax consultant in zero point islamabad 2026",530,1,1,0,0,"fbr|income tax ordinance|pakistan|tax consultant|kamboh associates"
"blogs/tax-consultant-zhob-city","best tax consultant in zhob 2026",917,1,1,0,0,"fbr|income tax ordinance|pakistan|tax consultant|kamboh associates"
"blogs/tax-consultant-zhob","zhob",823,1,1,1,1,"fbr|income tax ordinance|pakistan|tax consultant|kamboh associates"
"blogs/tax-consultant-ziarat","best tax consultant in ziarat 2026 - fbr filing",701,1,1,1,0,"fbr|income tax ordinance|pakistan|tax consultant|kamboh associates"
"blogs/tax-filing-pensioners-pakistan","income tax return for pensioners in pakistan 2026",709,1,1,1,0,"fbr return|iris filing|tax return pakistan|annual return|wealth statement|acknowledgment"
"blogs/tax-for-commission-agents-pakistan","tax for commission agents",374,1,1,1,1,"fbr|income tax ordinance|pakistan|tax consultant|kamboh associates"
"blogs/tax-for-contractors-pakistan-2026","tax for contractors",395,1,1,1,1,"fbr|income tax ordinance|pakistan|tax consultant|kamboh associates"
"blogs/tax-for-doctors-pakistan-2026","tax for doctors",469,1,1,1,1,"fbr|income tax ordinance|pakistan|tax consultant|kamboh associates"
"blogs/tax-for-ecommerce-sellers-pakistan","tax for ecommerce sellers",464,1,1,1,1,"fbr|income tax ordinance|pakistan|tax consultant|kamboh associates"
"blogs/tax-for-engineers-pakistan-2026","tax for engineers",465,1,1,1,1,"fbr|income tax ordinance|pakistan|tax consultant|kamboh associates"
"blogs/tax-for-farmers-agriculture-pakistan","tax for farmers agriculture",416,1,1,1,1,"fbr|income tax ordinance|pakistan|tax consultant|kamboh associates"
"blogs/tax-for-freelancers-guide-pakistan","tax for freelancers guide",466,1,1,1,1,"fbr|income tax ordinance|pakistan|tax consultant|kamboh associates"
"blogs/tax-for-housewives-homemakers-pakistan","tax for housewives homemakers",427,1,1,1,1,"fbr|income tax ordinance|pakistan|tax consultant|kamboh associates"
"blogs/tax-for-it-professionals-pakistan","tax for it professionals",463,1,1,1,1,"fbr|income tax ordinance|pakistan|tax consultant|kamboh associates"
"blogs/tax-for-lawyers-pakistan-2026","tax for lawyers",468,1,1,1,1,"fbr|income tax ordinance|pakistan|tax consultant|kamboh associates"
"blogs/tax-for-property-investors-pakistan-2026","tax for property investors",747,1,1,1,1,"fbr|income tax ordinance|pakistan|tax consultant|kamboh associates"
"blogs/tax-for-smes-pakistan-2026","tax for smes",469,1,1,1,1,"fbr|income tax ordinance|pakistan|tax consultant|kamboh associates"
"blogs/tax-for-social-media-influencers-pakistan","tax for social media influencers pakistan 2026",460,1,1,1,1,"fbr|income tax ordinance|pakistan|tax consultant|kamboh associates"
"blogs/tax-for-startups-pakistan-2026","tax for startups",465,1,1,1,1,"fbr|income tax ordinance|pakistan|tax consultant|kamboh associates"
"blogs/tax-for-stock-investors-pakistan-2026","tax for stock investors",835,1,1,1,1,"fbr|income tax ordinance|pakistan|tax consultant|kamboh associates"
"blogs/tax-for-teachers-pakistan-2026","tax for teachers",471,1,1,1,1,"fbr|income tax ordinance|pakistan|tax consultant|kamboh associates"
"blogs/tax-for-transporters-pakistan-2026","tax for transporters",390,1,1,1,1,"fbr|income tax ordinance|pakistan|tax consultant|kamboh associates"
"blogs/tax-for-youtube-content-creators-pakistan-2026","tax for youtube content creators",406,1,1,1,1,"fbr|income tax ordinance|pakistan|tax consultant|kamboh associates"
"blogs/tax-for-youtubers-pakistan-2026","tax for youtubers",466,1,1,1,1,"fbr|income tax ordinance|pakistan|tax consultant|kamboh associates"
"blogs/tax-on-agriculture-income-pakistan","tax on agriculture income",457,1,1,1,1,"fbr|income tax ordinance|pakistan|tax consultant|kamboh associates"
"blogs/tax-on-bank-profit-pakistan-2026","tax on bank profit",750,1,1,1,1,"fbr|income tax ordinance|pakistan|tax consultant|kamboh associates"
"blogs/tax-on-bank-profit-pakistan","tax on bank profit",571,1,1,1,1,"fbr|income tax ordinance|pakistan|tax consultant|kamboh associates"
"blogs/tax-on-bonus-income-pakistan","tax on bonus income",468,1,1,1,1,"fbr|income tax ordinance|pakistan|tax consultant|kamboh associates"
"blogs/tax-on-car-purchase-pakistan","tax on car purchase",465,1,1,1,1,"fbr|income tax ordinance|pakistan|tax consultant|kamboh associates"
"blogs/tax-on-cryptocurrency-pakistan-2026","tax on cryptocurrency",899,1,1,1,1,"fbr|income tax ordinance|pakistan|tax consultant|kamboh associates"
"blogs/tax-on-dividend-income-pakistan","tax on dividend income",575,1,1,1,1,"fbr|income tax ordinance|pakistan|tax consultant|kamboh associates"
"blogs/tax-on-foreign-income-pakistan","tax on foreign income",459,1,1,1,1,"fbr|income tax ordinance|pakistan|tax consultant|kamboh associates"
"blogs/tax-on-foreign-remittance-pakistan-2026","tax on foreign remittance",391,1,1,1,1,"fbr|income tax ordinance|pakistan|tax consultant|kamboh associates"
"blogs/tax-on-foreign-remittance-pakistan","tax on foreign remittance",568,1,1,1,1,"fbr|income tax ordinance|pakistan|tax consultant|kamboh associates"
"blogs/tax-on-foreign-remittances-pakistan-2026","tax on foreign remittances pakistan 2026",456,1,1,1,1,"fbr|income tax ordinance|pakistan|tax consultant|kamboh associates"
"blogs/tax-on-gold-jewelry-pakistan","tax on gold jewelry",467,1,1,0,1,"fbr|income tax ordinance|pakistan|tax consultant|kamboh associates"
"blogs/tax-on-inheritance-pakistan","tax on inheritance pakistan 2026 &mdash; rules, …",636,1,1,1,1,"fbr|income tax ordinance|pakistan|tax consultant|kamboh associates"
"blogs/tax-on-prize-bonds-pakistan-2026","tax on prize bonds",661,1,1,1,1,"fbr|income tax ordinance|pakistan|tax consultant|kamboh associates"
"blogs/tax-on-property-sale-pakistan-2026","tax on property sale",750,1,1,1,1,"fbr|income tax ordinance|pakistan|tax consultant|kamboh associates"
"blogs/tax-on-rental-income-pakistan-2026","tax on rental income",463,1,1,1,1,"fbr|income tax ordinance|pakistan|tax consultant|kamboh associates"
"blogs/tax-on-salary-pakistan-2026","tax on salary",742,1,1,1,1,"fbr|income tax ordinance|pakistan|tax consultant|kamboh associates"
"blogs/tax-on-savings-certificates-pakistan-2026","tax on savings certificates",635,1,1,1,1,"fbr|income tax ordinance|pakistan|tax consultant|kamboh associates"
"blogs/tax-on-shares-pakistan-2026","tax on shares and stock market in pakistan 2026",461,1,1,1,1,"fbr|income tax ordinance|pakistan|tax consultant|kamboh associates"
"blogs/tax-on-software-exports-pakistan","tax on software exports",464,1,1,1,1,"fbr|income tax ordinance|pakistan|tax consultant|kamboh associates"
"blogs/tax-on-vehicle-registration-pakistan","tax on vehicle registration",571,1,1,1,1,"fbr|income tax ordinance|pakistan|tax consultant|kamboh associates"
"blogs/tax-planning-tips-pakistan-2026","tax planning tips",994,1,1,1,1,"fbr|income tax ordinance|pakistan|tax consultant|kamboh associates"
"blogs/tax-refund-pakistan-2026","tax refund",688,1,1,1,1,"fbr|income tax ordinance|pakistan|tax consultant|kamboh associates"
"blogs/tax-return-deadline-extension-2026","fbr tax return deadline extension pakistan 2026",461,1,1,1,0,"fbr|income tax ordinance|pakistan|tax consultant|kamboh associates"
"blogs/tax-return-for-freelancers-2026","tax return for freelancers",468,1,1,1,1,"fbr|income tax ordinance|pakistan|tax consultant|kamboh associates"
"blogs/tax-return-salaried-employee-pakistan","tax return salaried employee",719,1,1,1,1,"fbr|income tax ordinance|pakistan|tax consultant|kamboh associates"
"blogs/tax-saving-tips-pakistan-2026","tax saving tips",854,1,1,1,1,"fbr|income tax ordinance|pakistan|tax consultant|kamboh associates"
"blogs/token-tax-pakistan-2026","token tax",582,1,1,1,1,"fbr|income tax ordinance|pakistan|tax consultant|kamboh associates"
"blogs/turnover-tax-pakistan-2026","turnover tax",464,1,1,1,1,"fbr|income tax ordinance|pakistan|tax consultant|kamboh associates"
"blogs/types-of-fbr-notices-pakistan","types of fbr notices in pakistan 2026",690,1,1,1,1,"fbr|income tax ordinance|pakistan|tax consultant|kamboh associates"
"blogs/wealth-statement-guide-pakistan-2026","wealth statement guide",903,1,1,1,1,"fbr|income tax ordinance|pakistan|tax consultant|kamboh associates"
"blogs/wht-on-dividends-pakistan-2026","wht on dividends",462,0,0,1,1,"fbr|income tax ordinance|pakistan|tax consultant|kamboh associates"
"blogs/wht-rate-filer-non-filer-pakistan","wht rates — filer vs non-filer in pakistan 2026",453,1,1,0,1,"active taxpayer list|atl|filer benefits|non-filer tax|withholding tax rates"
"blogs/why-kamboh-associates-best-tax-consultant-pakistan","why kamboh associates best",1101,1,1,1,1,"fbr|income tax ordinance|pakistan|tax consultant|kamboh associates"
"blogs/withholding-agent-responsibilities-pakistan","withholding agent responsibilities",459,1,1,1,1,"fbr|income tax ordinance|pakistan|tax consultant|kamboh associates"
"blogs/withholding-tax-agent-registration-pakistan","withholding tax agent registration pakistan 2026",618,1,1,1,1,"wht rates|section 153|section 149|section 154|adjustable tax|final tax"
"blogs/withholding-tax-on-contracts-pakistan","withholding tax on contracts",456,1,1,0,1,"wht rates|section 153|section 149|section 154|adjustable tax|final tax"
"blogs/withholding-tax-on-services-pakistan","withholding tax on services",464,1,1,0,1,"wht rates|section 153|section 149|section 154|adjustable tax|final tax"
"blogs/withholding-tax-pakistan-2026","withholding tax",837,1,1,1,1,"wht rates|section 153|section 149|section 154|adjustable tax|final tax"
"blogs/withholding-tax-rates-pakistan-2026","withholding tax rates",763,1,1,1,1,"wht rates|section 153|section 149|section 154|adjustable tax|final tax"
