slug,ptype,word_count,title_len,meta_len,has_tldr,has_faq,has_breadcrumb,has_blogposting,cluster,cq_score,seo_score
blogs/advance-income-tax-pakistan,blog,630,41,165,1,1,1,1,"General Tax",93,100
blogs/advance-tax-installments-pakistan,blog,621,54,165,1,1,1,1,"Withholding Tax",93,100
blogs/advance-tax-pakistan-2026,blog,645,57,169,1,1,1,1,"Withholding Tax",93,100
blogs/advance-tax-section-147-pakistan,blog,617,57,146,1,1,1,1,"Withholding Tax",93,100
blogs/affordable-tax-consultant-pakistan,blog,597,58,176,1,1,1,1,"Tax Consultant Services",93,100
blogs/amazon-seller-tax-pakistan,blog,621,58,165,1,1,1,1,"E-commerce Tax",93,100
blogs/aop-tax-return-pakistan-2026,blog,682,55,153,1,1,1,1,"Income Tax Filing",93,100
blogs/azad-kashmir-tax-guide-2026,blog,635,46,164,1,1,1,1,"General Tax",93,100
blogs/balochistan-income-tax-guide-2026,blog,638,58,164,1,1,1,1,"General Tax",93,100
blogs/best-tax-consultant-islamabad-2026,blog,511,58,142,1,1,1,1,"Tax Consultant Services",93,100
blogs/best-tax-consultant-karachi-2026,blog,525,56,164,1,1,1,1,"Tax Consultant Services",93,100
blogs/best-tax-consultant-near-me-pakistan,blog,599,58,193,1,1,1,1,"Tax Consultant Services",93,100
blogs/best-tax-consultant-pakistan,blog,845,59,177,1,1,1,1,"Tax Consultant Services",100,100
blogs/best-tax-consultant-pakistan-fbr-filing-2026,blog,1002,54,192,1,1,1,1,"Tax Consultant Services",100,100
blogs/business-expense-deductible-pakistan,blog,631,45,165,1,1,1,1,"General Tax",93,100
blogs/business-income-tax-return-pakistan,blog,624,49,165,1,1,1,1,"Income Tax Filing",93,100
blogs/capital-gains-tax-pakistan-2026,blog,922,54,171,1,1,1,1,"Capital Gains Tax",100,100
blogs/capital-gains-tax-shares-pakistan-2026,blog,591,55,166,1,1,1,1,"Capital Gains Tax",93,100
blogs/capital-value-tax-pakistan-2026,blog,621,56,161,1,1,1,1,"General Tax",93,100
blogs/charitable-donation-tax-pakistan,blog,631,60,165,1,1,1,1,"General Tax",93,100
blogs/company-registration-pakistan,blog,920,57,170,1,1,1,1,"Company Registration",100,100
blogs/company-registration-pakistan-2026,blog,705,58,196,1,1,1,1,"Company Registration",100,100
blogs/contractor-tax-pakistan-2026,blog,636,55,164,1,1,1,1,"General Tax",93,100
blogs/corporate-income-tax-pakistan-2026,blog,642,59,164,1,1,1,1,"General Tax",93,100
blogs/corporate-tax-rate-pakistan-2026,blog,651,58,178,1,1,1,1,"General Tax",93,100
blogs/crypto-tax-pakistan-2026,blog,753,57,158,1,1,1,1,"Crypto Tax",100,100
blogs/cryptocurrency-tax-fbr-pakistan,blog,618,54,165,1,1,1,1,"FBR Procedures",93,100
blogs/deemed-income-tax-property-pakistan,blog,622,58,165,1,1,1,1,"Property Tax",93,100
blogs/depreciation-tax-pakistan,blog,638,56,165,1,1,1,1,"General Tax",93,100
blogs/double-taxation-treaty-pakistan,blog,591,59,182,1,1,1,1,"General Tax",93,100
blogs/education-expense-tax-credit-pakistan,blog,641,58,164,1,1,1,1,"General Tax",93,100
blogs/export-income-tax-pakistan-2026,blog,635,54,165,1,1,1,1,"General Tax",93,100
blogs/fbr-active-taxpayer-list-guide,blog,624,44,165,1,1,1,1,"FBR Procedures",93,100
blogs/fbr-audit-pakistan-2026,blog,922,59,149,1,1,1,1,"FBR Procedures",100,100
blogs/fbr-audit-procedure-pakistan-2026,blog,626,57,165,1,1,1,1,"FBR Procedures",93,100
blogs/fbr-audit-selection-criteria,blog,621,47,165,1,1,1,1,"FBR Procedures",93,100
blogs/fbr-broadening-tax-base-pakistan,blog,927,57,165,1,1,1,1,"FBR Procedures",100,100
blogs/fbr-income-tax-return-deadline-2026-pakistan,blog,744,59,173,1,1,1,1,"Income Tax Filing",100,100
blogs/fbr-iris-portal-guide-pakistan,blog,627,59,165,1,1,1,1,"FBR Procedures",93,100
blogs/fbr-notice-received-what-to-do-pakistan,blog,742,59,167,1,1,1,1,"FBR Procedures",100,100
blogs/fbr-notice-response-guide-pakistan,blog,1364,49,171,1,1,1,1,"FBR Procedures",100,100
blogs/fbr-notice-section-122-pakistan,blog,618,59,165,1,1,1,1,"FBR Procedures",93,100
blogs/fbr-notice-section-176-pakistan,blog,617,58,165,1,1,1,1,"FBR Procedures",93,100
blogs/fbr-penalty-pakistan-2026,blog,968,58,165,1,1,1,1,"FBR Procedures",100,100
blogs/fbr-registration-new-business-pakistan,blog,795,59,173,1,1,1,1,"FBR Procedures",100,100
blogs/fbr-registration-step-by-step,blog,622,56,164,1,1,1,1,"FBR Procedures",93,100
blogs/fbr-section-111-notice-response-guide,blog,1422,51,167,1,1,1,1,"FBR Procedures",100,100
blogs/fbr-section-122-notice-pakistan,blog,679,53,173,1,1,1,1,"FBR Procedures",93,100
blogs/fbr-tax-payment-psid-guide-2026,blog,521,51,153,1,1,1,1,"FBR Procedures",93,100
blogs/filer-benefits-pakistan-2026,blog,889,55,165,1,1,1,1,"General Tax",100,100
blogs/filer-vs-non-filer-pakistan-2026,blog,1037,53,162,1,1,1,1,"General Tax",100,100
blogs/finance-act-2026-key-changes-pakistan,blog,650,55,191,1,1,1,1,"General Tax",93,100
blogs/finance-act-2026-pakistan-tax-changes,blog,1276,58,162,1,1,1,1,"General Tax",100,100
blogs/freelancer-ntn-filer-status-guide,blog,620,54,165,1,1,1,1,"Freelancer Tax",93,100
blogs/freelancer-tax-pakistan-2026,blog,796,58,0,1,1,1,1,"Freelancer Tax",100,80
blogs/gift-tax-pakistan-2026,blog,641,53,165,1,1,1,1,"General Tax",93,100
blogs/gilgit-baltistan-tax-guide-2026,blog,627,49,165,1,1,1,1,"General Tax",93,100
blogs/gratuity-tax-pakistan,blog,628,49,165,1,1,1,1,"General Tax",93,100
blogs/hospital-clinic-tax-pakistan,blog,637,50,165,1,1,1,1,"General Tax",93,100
blogs/house-rent-allowance-tax-pakistan,blog,621,54,164,1,1,1,1,"Property Tax",93,100
blogs/how-to-avoid-fbr-notice-pakistan,blog,781,59,180,1,1,1,1,"FBR Procedures",100,100
blogs/how-to-become-active-filer-pakistan-2026,blog,894,57,179,1,1,1,1,"General Tax",100,100
blogs/how-to-download-ntn-certificate-fbr,blog,717,50,156,1,1,1,1,"NTN Registration",100,100
blogs/how-to-file-income-tax-return-fbr-iris-2026,blog,925,46,163,1,1,1,1,"Income Tax Filing",100,100
blogs/how-to-file-income-tax-return-pakistan-2026,blog,1246,43,165,1,1,1,1,"Income Tax Filing",100,100
blogs/how-to-file-nil-return-pakistan,blog,626,54,165,1,1,1,1,"General Tax",93,100
blogs/how-to-reset-fbr-iris-password,blog,674,47,153,1,1,1,1,"FBR Procedures",93,100
blogs/how-to-respond-fbr-notice-section-111,blog,1662,57,170,1,1,1,1,"FBR Procedures",100,100
blogs/import-export-tax-pakistan-2026,blog,630,31,173,1,1,1,1,"General Tax",93,100
blogs/income-tax-2025-budget-changes,blog,638,55,164,1,1,1,1,"General Tax",93,100
blogs/income-tax-appeal-pakistan,blog,590,54,184,1,1,1,1,"General Tax",93,100
blogs/income-tax-exemptions-pakistan-2026,blog,983,57,165,1,1,1,1,"General Tax",100,100
blogs/income-tax-exemptions-salaried-pakistan,blog,635,58,165,1,1,1,1,"Salaried Tax",93,100
blogs/income-tax-filing-abbottabad,blog,523,56,156,1,1,1,1,"Income Tax Filing",93,100
blogs/income-tax-filing-ahmedpur-east,blog,621,59,150,1,1,1,1,"Income Tax Filing",93,100
blogs/income-tax-filing-arifwala,blog,612,54,145,1,1,1,1,"Income Tax Filing",93,100
blogs/income-tax-filing-attock,blog,612,52,143,1,1,1,1,"Income Tax Filing",93,100
blogs/income-tax-filing-badin,blog,612,51,142,1,1,1,1,"Income Tax Filing",93,100
blogs/income-tax-filing-bahawalpur,blog,523,56,156,1,1,1,1,"Income Tax Filing",93,100
blogs/income-tax-filing-bannu,blog,612,51,142,1,1,1,1,"Income Tax Filing",93,100
blogs/income-tax-filing-bhakkar,blog,612,53,144,1,1,1,1,"Income Tax Filing",93,100
blogs/income-tax-filing-bhawalnagar,blog,612,57,148,1,1,1,1,"Income Tax Filing",93,100
blogs/income-tax-filing-bhimber,blog,612,53,144,1,1,1,1,"Income Tax Filing",93,100
blogs/income-tax-filing-burewala,blog,612,54,145,1,1,1,1,"Income Tax Filing",93,100
blogs/income-tax-filing-chakwal,blog,612,53,144,1,1,1,1,"Income Tax Filing",93,100
blogs/income-tax-filing-chaman,blog,612,52,143,1,1,1,1,"Income Tax Filing",93,100
blogs/income-tax-filing-charsadda,blog,612,55,146,1,1,1,1,"Income Tax Filing",93,100
blogs/income-tax-filing-chiniot,blog,612,53,144,1,1,1,1,"Income Tax Filing",93,100
blogs/income-tax-filing-chishtian,blog,612,55,146,1,1,1,1,"Income Tax Filing",93,100
blogs/income-tax-filing-chitral,blog,612,53,144,1,1,1,1,"Income Tax Filing",93,100
blogs/income-tax-filing-dadu,blog,608,50,141,1,1,1,1,"Income Tax Filing",93,100
blogs/income-tax-filing-daska,blog,612,51,142,1,1,1,1,"Income Tax Filing",93,100
blogs/income-tax-filing-depalpur,blog,612,54,145,1,1,1,1,"Income Tax Filing",93,100
blogs/income-tax-filing-dera-ghazi-khan,blog,540,59,161,1,1,1,1,"Income Tax Filing",93,100
blogs/income-tax-filing-dera-ismail-khan,blog,539,53,162,1,1,1,1,"Income Tax Filing",93,100
blogs/income-tax-filing-dina,blog,608,50,141,1,1,1,1,"Income Tax Filing",93,100
blogs/income-tax-filing-dinga,blog,612,51,142,1,1,1,1,"Income Tax Filing",93,100
blogs/income-tax-filing-faisalabad,blog,523,56,156,1,1,1,1,"Income Tax Filing",93,100
blogs/income-tax-filing-fort-abbas,blog,621,56,147,1,1,1,1,"Income Tax Filing",93,100
blogs/income-tax-filing-ghotki,blog,612,52,143,1,1,1,1,"Income Tax Filing",93,100
blogs/income-tax-filing-gilgit,blog,611,52,143,1,1,1,1,"Income Tax Filing",93,100
blogs/income-tax-filing-gojra,blog,612,51,142,1,1,1,1,"Income Tax Filing",93,100
blogs/income-tax-filing-gujranwala,blog,523,56,156,1,1,1,1,"Income Tax Filing",93,100
blogs/income-tax-filing-gujrat,blog,612,52,143,1,1,1,1,"Income Tax Filing",93,100
blogs/income-tax-filing-gwadar,blog,612,52,143,1,1,1,1,"Income Tax Filing",93,100
blogs/income-tax-filing-hafizabad,blog,612,55,146,1,1,1,1,"Income Tax Filing",93,100
blogs/income-tax-filing-hangu,blog,612,51,142,1,1,1,1,"Income Tax Filing",93,100
blogs/income-tax-filing-haripur,blog,612,53,144,1,1,1,1,"Income Tax Filing",93,100
blogs/income-tax-filing-haroonabad,blog,612,56,147,1,1,1,1,"Income Tax Filing",93,100
blogs/income-tax-filing-haveli-lakha,blog,621,58,149,1,1,1,1,"Income Tax Filing",93,100
blogs/income-tax-filing-hub,blog,608,49,140,1,1,1,1,"Income Tax Filing",93,100
blogs/income-tax-filing-hunza,blog,611,51,142,1,1,1,1,"Income Tax Filing",93,100
blogs/income-tax-filing-hyderabad,blog,523,55,155,1,1,1,1,"Income Tax Filing",93,100
blogs/income-tax-filing-islamabad,blog,523,55,155,1,1,1,1,"Income Tax Filing",93,100
blogs/income-tax-filing-jacobabad,blog,612,55,146,1,1,1,1,"Income Tax Filing",93,100
blogs/income-tax-filing-jaranwala,blog,612,55,146,1,1,1,1,"Income Tax Filing",93,100
blogs/income-tax-filing-jhang,blog,612,51,142,1,1,1,1,"Income Tax Filing",93,100
blogs/income-tax-filing-jhelum,blog,612,52,143,1,1,1,1,"Income Tax Filing",93,100
blogs/income-tax-filing-kabirwala,blog,612,55,146,1,1,1,1,"Income Tax Filing",93,100
blogs/income-tax-filing-kalat,blog,612,51,142,1,1,1,1,"Income Tax Filing",93,100
blogs/income-tax-filing-kamalia,blog,612,53,144,1,1,1,1,"Income Tax Filing",93,100
blogs/income-tax-filing-kamoke,blog,612,52,143,1,1,1,1,"Income Tax Filing",93,100
blogs/income-tax-filing-karachi,blog,523,53,153,1,1,1,1,"Income Tax Filing",93,100
blogs/income-tax-filing-karak,blog,612,51,142,1,1,1,1,"Income Tax Filing",93,100
blogs/income-tax-filing-kasur,blog,612,51,142,1,1,1,1,"Income Tax Filing",93,100
blogs/income-tax-filing-khairpur,blog,612,54,145,1,1,1,1,"Income Tax Filing",93,100
blogs/income-tax-filing-khanewal,blog,612,54,145,1,1,1,1,"Income Tax Filing",93,100
blogs/income-tax-filing-khanpur,blog,612,53,144,1,1,1,1,"Income Tax Filing",93,100
blogs/income-tax-filing-kharian,blog,612,53,144,1,1,1,1,"Income Tax Filing",93,100
blogs/income-tax-filing-khushab,blog,612,53,144,1,1,1,1,"Income Tax Filing",93,100
blogs/income-tax-filing-khuzdar,blog,612,53,144,1,1,1,1,"Income Tax Filing",93,100
blogs/income-tax-filing-kohat,blog,612,51,142,1,1,1,1,"Income Tax Filing",93,100
blogs/income-tax-filing-kotli,blog,612,51,142,1,1,1,1,"Income Tax Filing",93,100
blogs/income-tax-filing-lahore,blog,625,52,152,1,1,1,1,"Income Tax Filing",93,100
blogs/income-tax-filing-lakki-marwat,blog,621,58,149,1,1,1,1,"Income Tax Filing",93,100
blogs/income-tax-filing-lalamusa,blog,612,54,145,1,1,1,1,"Income Tax Filing",93,100
blogs/income-tax-filing-larkana,blog,523,53,153,1,1,1,1,"Income Tax Filing",93,100
blogs/income-tax-filing-lasbela,blog,612,53,144,1,1,1,1,"Income Tax Filing",93,100
blogs/income-tax-filing-layyah,blog,612,52,143,1,1,1,1,"Income Tax Filing",93,100
blogs/income-tax-filing-liaquatpur,blog,612,56,147,1,1,1,1,"Income Tax Filing",93,100
blogs/income-tax-filing-lodhran,blog,612,53,144,1,1,1,1,"Income Tax Filing",93,100
blogs/income-tax-filing-loralai,blog,612,53,144,1,1,1,1,"Income Tax Filing",93,100
blogs/income-tax-filing-mailsi,blog,612,52,143,1,1,1,1,"Income Tax Filing",93,100
blogs/income-tax-filing-malakwal,blog,612,54,145,1,1,1,1,"Income Tax Filing",93,100
blogs/income-tax-filing-mandi-bahauddin,blog,620,59,152,1,1,1,1,"Income Tax Filing",93,100
blogs/income-tax-filing-mansehra,blog,612,54,145,1,1,1,1,"Income Tax Filing",93,100
blogs/income-tax-filing-mardan,blog,523,52,152,1,1,1,1,"Income Tax Filing",93,100
blogs/income-tax-filing-mastung,blog,612,53,144,1,1,1,1,"Income Tax Filing",93,100
blogs/income-tax-filing-matiari,blog,612,53,144,1,1,1,1,"Income Tax Filing",93,100
blogs/income-tax-filing-mian-channu,blog,621,57,148,1,1,1,1,"Income Tax Filing",93,100
blogs/income-tax-filing-mingora,blog,612,53,144,1,1,1,1,"Income Tax Filing",93,100
blogs/income-tax-filing-mirpur,blog,612,52,143,1,1,1,1,"Income Tax Filing",93,100
blogs/income-tax-filing-mirpurkhas,blog,612,56,147,1,1,1,1,"Income Tax Filing",93,100
blogs/income-tax-filing-multan,blog,523,52,152,1,1,1,1,"Income Tax Filing",93,100
blogs/income-tax-filing-muzaffarabad,blog,612,58,149,1,1,1,1,"Income Tax Filing",93,100
blogs/income-tax-filing-muzaffargarh,blog,612,58,149,1,1,1,1,"Income Tax Filing",93,100
blogs/income-tax-filing-narowal,blog,612,53,144,1,1,1,1,"Income Tax Filing",93,100
blogs/income-tax-filing-nawabshah,blog,612,55,146,1,1,1,1,"Income Tax Filing",93,100
blogs/income-tax-filing-nowshera,blog,612,54,145,1,1,1,1,"Income Tax Filing",93,100
blogs/income-tax-filing-okara,blog,612,51,142,1,1,1,1,"Income Tax Filing",93,100
blogs/income-tax-filing-pakpattan,blog,612,55,146,1,1,1,1,"Income Tax Filing",93,100
blogs/income-tax-filing-pasrur,blog,612,52,143,1,1,1,1,"Income Tax Filing",93,100
blogs/income-tax-filing-peshawar,blog,523,54,154,1,1,1,1,"Income Tax Filing",93,100
blogs/income-tax-filing-phalia,blog,612,52,143,1,1,1,1,"Income Tax Filing",93,100
blogs/income-tax-filing-pishin,blog,612,52,143,1,1,1,1,"Income Tax Filing",93,100
blogs/income-tax-filing-quetta,blog,523,52,152,1,1,1,1,"Income Tax Filing",93,100
blogs/income-tax-filing-rahim-yar-khan,blog,626,60,151,1,1,1,1,"Income Tax Filing",93,100
blogs/income-tax-filing-rajanpur,blog,612,54,145,1,1,1,1,"Income Tax Filing",93,100
blogs/income-tax-filing-rawalakot,blog,612,55,146,1,1,1,1,"Income Tax Filing",93,100
blogs/income-tax-filing-rawalpindi,blog,523,56,156,1,1,1,1,"Income Tax Filing",93,100
blogs/income-tax-filing-renala-khurd,blog,621,58,149,1,1,1,1,"Income Tax Filing",93,100
blogs/income-tax-filing-sadiqabad,blog,612,55,146,1,1,1,1,"Income Tax Filing",93,100
blogs/income-tax-filing-sahiwal,blog,523,53,153,1,1,1,1,"Income Tax Filing",93,100
blogs/income-tax-filing-sambrial,blog,612,54,145,1,1,1,1,"Income Tax Filing",93,100
blogs/income-tax-filing-sammundri,blog,612,55,146,1,1,1,1,"Income Tax Filing",93,100
blogs/income-tax-filing-sanghar,blog,612,53,144,1,1,1,1,"Income Tax Filing",93,100
blogs/income-tax-filing-sargodha,blog,523,54,154,1,1,1,1,"Income Tax Filing",93,100
blogs/income-tax-filing-shakargarh,blog,612,56,147,1,1,1,1,"Income Tax Filing",93,100
blogs/income-tax-filing-sheikhupura,blog,612,57,148,1,1,1,1,"Income Tax Filing",93,100
blogs/income-tax-filing-shikarpur,blog,612,55,146,1,1,1,1,"Income Tax Filing",93,100
blogs/income-tax-filing-sialkot,blog,523,53,153,1,1,1,1,"Income Tax Filing",93,100
blogs/income-tax-filing-sibi,blog,608,50,141,1,1,1,1,"Income Tax Filing",93,100
blogs/income-tax-filing-skardu,blog,611,52,143,1,1,1,1,"Income Tax Filing",93,100
blogs/income-tax-filing-sukkur,blog,523,52,152,1,1,1,1,"Income Tax Filing",93,100
blogs/income-tax-filing-swabi,blog,612,51,142,1,1,1,1,"Income Tax Filing",93,100
blogs/income-tax-filing-talagang,blog,612,54,145,1,1,1,1,"Income Tax Filing",93,100
blogs/income-tax-filing-tando-adam,blog,617,56,147,1,1,1,1,"Income Tax Filing",93,100
blogs/income-tax-filing-tando-allahyar,blog,621,60,151,1,1,1,1,"Income Tax Filing",93,100
blogs/income-tax-filing-thatta,blog,612,52,143,1,1,1,1,"Income Tax Filing",93,100
blogs/income-tax-filing-timergara,blog,612,55,146,1,1,1,1,"Income Tax Filing",93,100
blogs/income-tax-filing-toba-tek-singh,blog,630,60,151,1,1,1,1,"Income Tax Filing",93,100
blogs/income-tax-filing-turbat,blog,612,52,143,1,1,1,1,"Income Tax Filing",93,100
blogs/income-tax-filing-vehari,blog,612,52,143,1,1,1,1,"Income Tax Filing",93,100
blogs/income-tax-filing-wah-cantt,blog,621,55,146,1,1,1,1,"Income Tax Filing",93,100
blogs/income-tax-filing-wazirabad,blog,612,55,146,1,1,1,1,"Income Tax Filing",93,100
blogs/income-tax-filing-zafarwal,blog,612,54,145,1,1,1,1,"Income Tax Filing",93,100
blogs/income-tax-filing-zhob,blog,608,50,141,1,1,1,1,"Income Tax Filing",93,100
blogs/income-tax-for-overseas-pakistan,blog,642,60,165,1,1,1,1,"General Tax",93,100
blogs/income-tax-on-property-sale-2026,blog,624,58,165,1,1,1,1,"Property Tax",93,100
blogs/income-tax-return-deadline-pakistan-2026,blog,687,58,171,1,1,1,1,"Income Tax Filing",93,100
blogs/income-tax-return-filing-faisalabad,blog,535,53,172,1,1,1,1,"Income Tax Filing",93,100
blogs/income-tax-return-filing-islamabad,blog,553,54,184,1,1,1,1,"Income Tax Filing",93,100
blogs/income-tax-return-filing-karachi,blog,707,57,156,1,1,1,1,"Income Tax Filing",100,100
blogs/income-tax-return-filing-multan,blog,515,54,168,1,1,1,1,"Income Tax Filing",93,100
blogs/income-tax-return-filing-pakistan,blog,859,57,174,1,1,1,1,"Income Tax Filing",100,100
blogs/income-tax-return-filing-rawalpindi,blog,546,55,183,1,1,1,1,"Income Tax Filing",93,100
blogs/income-tax-return-late-filing-pakistan,blog,629,57,165,1,1,1,1,"Income Tax Filing",93,100
blogs/income-tax-second-schedule-pakistan,blog,638,55,165,1,1,1,1,"General Tax",93,100
blogs/income-tax-slab-pakistan-2026,blog,878,53,158,1,1,1,1,"General Tax",100,100
blogs/inheritance-wealth-declaration-pakistan,blog,630,42,165,1,1,1,1,"Wealth Declaration",93,100
blogs/kamboh-associates-reviews-pakistan-tax-consultant,blog,834,58,166,1,1,1,1,"Tax Consultant Services",100,100
blogs/kpk-income-tax-guide-2026,blog,635,52,165,1,1,1,1,"General Tax",93,100
blogs/late-filing-penalty-income-tax-pakistan,blog,645,54,169,1,1,1,1,"FBR Penalties",93,100
blogs/medical-allowance-tax-exemption-pakistan,blog,638,55,165,1,1,1,1,"General Tax",93,100
blogs/minimum-tax-section-113-pakistan,blog,859,56,151,1,1,1,1,"General Tax",100,100
blogs/minimum-tax-turnover-pakistan,blog,610,55,164,1,1,1,1,"General Tax",93,100
blogs/mutual-fund-tax-pakistan-2026,blog,639,56,165,1,1,1,1,"General Tax",93,100
blogs/national-savings-tax-pakistan,blog,638,58,165,1,1,1,1,"General Tax",93,100
blogs/nicop-holder-tax-obligations-pakistan,blog,694,42,186,1,1,1,1,"General Tax",93,100
blogs/non-filer-consequences-pakistan-2026,blog,938,54,155,1,1,1,1,"General Tax",100,100
blogs/ntn-registration-abbottabad,blog,659,52,149,1,1,1,1,"NTN Registration",93,100
blogs/ntn-registration-ahmedpur-east,blog,567,55,165,1,1,1,1,"NTN Registration",93,100
blogs/ntn-registration-arifwala,blog,557,50,165,1,1,1,1,"NTN Registration",93,100
blogs/ntn-registration-attock,blog,557,48,165,1,1,1,1,"NTN Registration",93,100
blogs/ntn-registration-badin,blog,557,47,164,1,1,1,1,"NTN Registration",93,100
blogs/ntn-registration-bahawalpur,blog,659,52,149,1,1,1,1,"NTN Registration",93,100
blogs/ntn-registration-bannu,blog,557,47,164,1,1,1,1,"NTN Registration",93,100
blogs/ntn-registration-bhakkar,blog,557,49,165,1,1,1,1,"NTN Registration",93,100
blogs/ntn-registration-bhawalnagar,blog,557,53,165,1,1,1,1,"NTN Registration",93,100
blogs/ntn-registration-bhimber,blog,557,49,165,1,1,1,1,"NTN Registration",93,100
blogs/ntn-registration-burewala,blog,557,50,165,1,1,1,1,"NTN Registration",93,100
blogs/ntn-registration-chakwal,blog,557,49,165,1,1,1,1,"NTN Registration",93,100
blogs/ntn-registration-chaman,blog,557,48,165,1,1,1,1,"NTN Registration",93,100
blogs/ntn-registration-charsadda,blog,557,51,165,1,1,1,1,"NTN Registration",93,100
blogs/ntn-registration-chiniot,blog,557,49,165,1,1,1,1,"NTN Registration",93,100
blogs/ntn-registration-chishtian,blog,557,51,165,1,1,1,1,"NTN Registration",93,100
blogs/ntn-registration-chitral,blog,557,49,165,1,1,1,1,"NTN Registration",93,100
blogs/ntn-registration-dadu,blog,557,46,165,1,1,1,1,"NTN Registration",93,100
blogs/ntn-registration-daska,blog,557,47,164,1,1,1,1,"NTN Registration",93,100
blogs/ntn-registration-depalpur,blog,557,50,165,1,1,1,1,"NTN Registration",93,100
blogs/ntn-registration-dera-ghazi-khan,blog,679,57,154,1,1,1,1,"NTN Registration",93,100
blogs/ntn-registration-dera-ismail-khan,blog,679,58,155,1,1,1,1,"NTN Registration",93,100
blogs/ntn-registration-dina,blog,557,46,165,1,1,1,1,"NTN Registration",93,100
blogs/ntn-registration-dinga,blog,557,47,164,1,1,1,1,"NTN Registration",93,100
blogs/ntn-registration-faisalabad,blog,638,54,190,1,1,1,1,"NTN Registration",93,100
blogs/ntn-registration-fort-abbas,blog,567,52,165,1,1,1,1,"NTN Registration",93,100
blogs/ntn-registration-ghotki,blog,557,48,165,1,1,1,1,"NTN Registration",93,100
blogs/ntn-registration-gilgit,blog,557,48,165,1,1,1,1,"NTN Registration",93,100
blogs/ntn-registration-gojra,blog,557,47,164,1,1,1,1,"NTN Registration",93,100
blogs/ntn-registration-gujranwala,blog,659,52,149,1,1,1,1,"NTN Registration",93,100
blogs/ntn-registration-gujrat,blog,557,48,165,1,1,1,1,"NTN Registration",93,100
blogs/ntn-registration-gwadar,blog,557,48,165,1,1,1,1,"NTN Registration",93,100
blogs/ntn-registration-hafizabad,blog,557,51,165,1,1,1,1,"NTN Registration",93,100
blogs/ntn-registration-hangu,blog,557,47,164,1,1,1,1,"NTN Registration",93,100
blogs/ntn-registration-haripur,blog,557,49,165,1,1,1,1,"NTN Registration",93,100
blogs/ntn-registration-haroonabad,blog,557,52,165,1,1,1,1,"NTN Registration",93,100
blogs/ntn-registration-haveli-lakha,blog,567,54,165,1,1,1,1,"NTN Registration",93,100
blogs/ntn-registration-hub,blog,557,45,165,1,1,1,1,"NTN Registration",93,100
blogs/ntn-registration-hunza,blog,557,47,164,1,1,1,1,"NTN Registration",93,100
blogs/ntn-registration-hyderabad,blog,659,51,148,1,1,1,1,"NTN Registration",93,100
blogs/ntn-registration-islamabad,blog,665,53,175,1,1,1,1,"NTN Registration",93,100
blogs/ntn-registration-jacobabad,blog,557,51,165,1,1,1,1,"NTN Registration",93,100
blogs/ntn-registration-jaranwala,blog,557,51,165,1,1,1,1,"NTN Registration",93,100
blogs/ntn-registration-jhang,blog,557,47,164,1,1,1,1,"NTN Registration",93,100
blogs/ntn-registration-jhelum,blog,557,48,165,1,1,1,1,"NTN Registration",93,100
blogs/ntn-registration-kabirwala,blog,557,51,165,1,1,1,1,"NTN Registration",93,100
blogs/ntn-registration-kalat,blog,557,47,164,1,1,1,1,"NTN Registration",93,100
blogs/ntn-registration-kamalia,blog,557,49,165,1,1,1,1,"NTN Registration",93,100
blogs/ntn-registration-kamoke,blog,557,48,165,1,1,1,1,"NTN Registration",93,100
blogs/ntn-registration-karachi,blog,803,57,159,1,1,1,1,"NTN Registration",100,100
blogs/ntn-registration-karak,blog,557,47,164,1,1,1,1,"NTN Registration",93,100
blogs/ntn-registration-kasur,blog,557,47,164,1,1,1,1,"NTN Registration",93,100
blogs/ntn-registration-khairpur,blog,557,50,165,1,1,1,1,"NTN Registration",93,100
blogs/ntn-registration-khanewal,blog,557,50,165,1,1,1,1,"NTN Registration",93,100
blogs/ntn-registration-khanpur,blog,557,49,165,1,1,1,1,"NTN Registration",93,100
blogs/ntn-registration-kharian,blog,557,49,165,1,1,1,1,"NTN Registration",93,100
blogs/ntn-registration-khushab,blog,557,49,165,1,1,1,1,"NTN Registration",93,100
blogs/ntn-registration-khuzdar,blog,557,49,165,1,1,1,1,"NTN Registration",93,100
blogs/ntn-registration-kohat,blog,557,47,164,1,1,1,1,"NTN Registration",93,100
blogs/ntn-registration-kotli,blog,557,47,164,1,1,1,1,"NTN Registration",93,100
blogs/ntn-registration-lakki-marwat,blog,567,54,165,1,1,1,1,"NTN Registration",93,100
blogs/ntn-registration-lalamusa,blog,557,50,165,1,1,1,1,"NTN Registration",93,100
blogs/ntn-registration-larkana,blog,659,49,146,1,1,1,1,"NTN Registration",93,100
blogs/ntn-registration-lasbela,blog,557,49,165,1,1,1,1,"NTN Registration",93,100
blogs/ntn-registration-layyah,blog,557,48,165,1,1,1,1,"NTN Registration",93,100
blogs/ntn-registration-liaquatpur,blog,557,52,165,1,1,1,1,"NTN Registration",93,100
blogs/ntn-registration-lodhran,blog,557,49,165,1,1,1,1,"NTN Registration",93,100
blogs/ntn-registration-loralai,blog,557,49,165,1,1,1,1,"NTN Registration",93,100
blogs/ntn-registration-mailsi,blog,557,48,165,1,1,1,1,"NTN Registration",93,100
blogs/ntn-registration-malakwal,blog,557,50,165,1,1,1,1,"NTN Registration",93,100
blogs/ntn-registration-mandi-bahauddin,blog,567,57,165,1,1,1,1,"NTN Registration",93,100
blogs/ntn-registration-mansehra,blog,557,50,165,1,1,1,1,"NTN Registration",93,100
blogs/ntn-registration-mardan,blog,659,48,145,1,1,1,1,"NTN Registration",93,100
blogs/ntn-registration-mastung,blog,557,49,165,1,1,1,1,"NTN Registration",93,100
blogs/ntn-registration-matiari,blog,557,49,165,1,1,1,1,"NTN Registration",93,100
blogs/ntn-registration-mian-channu,blog,567,53,165,1,1,1,1,"NTN Registration",93,100
blogs/ntn-registration-mingora,blog,557,49,165,1,1,1,1,"NTN Registration",93,100
blogs/ntn-registration-mirpur,blog,557,48,165,1,1,1,1,"NTN Registration",93,100
blogs/ntn-registration-mirpurkhas,blog,557,52,165,1,1,1,1,"NTN Registration",93,100
blogs/ntn-registration-multan,blog,630,58,165,1,1,1,1,"NTN Registration",93,100
blogs/ntn-registration-muzaffarabad,blog,557,54,165,1,1,1,1,"NTN Registration",93,100
blogs/ntn-registration-muzaffargarh,blog,557,54,165,1,1,1,1,"NTN Registration",93,100
blogs/ntn-registration-narowal,blog,557,49,165,1,1,1,1,"NTN Registration",93,100
blogs/ntn-registration-nawabshah,blog,557,51,165,1,1,1,1,"NTN Registration",93,100
blogs/ntn-registration-nowshera,blog,557,50,165,1,1,1,1,"NTN Registration",93,100
blogs/ntn-registration-okara,blog,557,47,164,1,1,1,1,"NTN Registration",93,100
blogs/ntn-registration-online-pakistan,blog,696,56,178,1,1,1,1,"NTN Registration",93,100
blogs/ntn-registration-online-pakistan-2026,blog,846,58,0,1,1,1,1,"NTN Registration",100,80
blogs/ntn-registration-pakistan,blog,842,57,178,1,1,1,1,"NTN Registration",100,100
blogs/ntn-registration-pakistanis-dubai,blog,696,55,156,1,1,1,1,"NTN Registration",93,100
blogs/ntn-registration-pakpattan,blog,557,51,165,1,1,1,1,"NTN Registration",93,100
blogs/ntn-registration-pasrur,blog,557,48,165,1,1,1,1,"NTN Registration",93,100
blogs/ntn-registration-peshawar,blog,659,50,147,1,1,1,1,"NTN Registration",93,100
blogs/ntn-registration-phalia,blog,557,48,165,1,1,1,1,"NTN Registration",93,100
blogs/ntn-registration-pishin,blog,557,48,165,1,1,1,1,"NTN Registration",93,100
blogs/ntn-registration-quetta,blog,659,48,145,1,1,1,1,"NTN Registration",93,100
blogs/ntn-registration-rahim-yar-khan,blog,577,56,165,1,1,1,1,"NTN Registration",93,100
blogs/ntn-registration-rajanpur,blog,557,50,165,1,1,1,1,"NTN Registration",93,100
blogs/ntn-registration-rawalakot,blog,557,51,165,1,1,1,1,"NTN Registration",93,100
blogs/ntn-registration-rawalpindi,blog,659,52,149,1,1,1,1,"NTN Registration",93,100
blogs/ntn-registration-renala-khurd,blog,567,54,165,1,1,1,1,"NTN Registration",93,100
blogs/ntn-registration-sadiqabad,blog,557,51,165,1,1,1,1,"NTN Registration",93,100
blogs/ntn-registration-sahiwal,blog,659,49,146,1,1,1,1,"NTN Registration",93,100
blogs/ntn-registration-sambrial,blog,557,50,165,1,1,1,1,"NTN Registration",93,100
blogs/ntn-registration-sammundri,blog,557,51,165,1,1,1,1,"NTN Registration",93,100
blogs/ntn-registration-sanghar,blog,557,49,165,1,1,1,1,"NTN Registration",93,100
blogs/ntn-registration-sargodha,blog,659,50,147,1,1,1,1,"NTN Registration",93,100
blogs/ntn-registration-shakargarh,blog,557,52,165,1,1,1,1,"NTN Registration",93,100
blogs/ntn-registration-sheikhupura,blog,557,53,165,1,1,1,1,"NTN Registration",93,100
blogs/ntn-registration-shikarpur,blog,557,51,165,1,1,1,1,"NTN Registration",93,100
blogs/ntn-registration-sialkot,blog,659,49,146,1,1,1,1,"NTN Registration",93,100
blogs/ntn-registration-sibi,blog,557,46,165,1,1,1,1,"NTN Registration",93,100
blogs/ntn-registration-skardu,blog,557,48,165,1,1,1,1,"NTN Registration",93,100
blogs/ntn-registration-sukkur,blog,659,48,145,1,1,1,1,"NTN Registration",93,100
blogs/ntn-registration-swabi,blog,557,47,164,1,1,1,1,"NTN Registration",93,100
blogs/ntn-registration-talagang,blog,557,50,165,1,1,1,1,"NTN Registration",93,100
blogs/ntn-registration-tando-adam,blog,567,52,165,1,1,1,1,"NTN Registration",93,100
blogs/ntn-registration-tando-allahyar,blog,567,56,165,1,1,1,1,"NTN Registration",93,100
blogs/ntn-registration-thatta,blog,557,48,165,1,1,1,1,"NTN Registration",93,100
blogs/ntn-registration-timergara,blog,557,51,165,1,1,1,1,"NTN Registration",93,100
blogs/ntn-registration-toba-tek-singh,blog,577,56,165,1,1,1,1,"NTN Registration",93,100
blogs/ntn-registration-turbat,blog,557,48,165,1,1,1,1,"NTN Registration",93,100
blogs/ntn-registration-vehari,blog,557,48,165,1,1,1,1,"NTN Registration",93,100
blogs/ntn-registration-wah-cantt,blog,567,51,165,1,1,1,1,"NTN Registration",93,100
blogs/ntn-registration-wazirabad,blog,557,51,165,1,1,1,1,"NTN Registration",93,100
blogs/ntn-registration-zafarwal,blog,557,50,165,1,1,1,1,"NTN Registration",93,100
blogs/ntn-registration-zhob,blog,557,46,165,1,1,1,1,"NTN Registration",93,100
blogs/online-income-tax-return-filing-pakistan-2026,blog,763,55,151,1,1,1,1,"Income Tax Filing",100,100
blogs/online-tax-consultant-pakistan,blog,795,54,181,1,1,1,1,"Tax Consultant Services",100,100
blogs/overseas-pakistani-investment-tax-pakistan,blog,598,53,160,1,1,1,1,"General Tax",93,100
blogs/overseas-pakistani-property-tax-pakistan,blog,722,51,195,1,1,1,1,"Property Tax",100,100
blogs/overseas-pakistani-tax-filing-2026,blog,682,56,186,1,1,1,1,"General Tax",93,100
blogs/overseas-pakistani-tax-return,blog,623,53,165,1,1,1,1,"Income Tax Filing",93,100
blogs/pakistan-tax-calendar-2026-27,blog,1273,49,160,1,1,1,1,"General Tax",100,100
blogs/pakistan-tax-refund-claim-guide,blog,640,57,165,1,1,1,1,"General Tax",93,100
blogs/partnership-firm-tax-pakistan,blog,605,50,158,1,1,1,1,"General Tax",93,100
blogs/pension-death-gratuity-tax,blog,633,53,165,1,1,1,1,"Pension / Retirement",93,100
blogs/pension-fund-tax-pakistan,blog,632,49,165,1,1,1,1,"Pension / Retirement",93,100
blogs/pension-tax-pakistan-2026,blog,629,54,164,1,1,1,1,"Pension / Retirement",93,100
blogs/pos-integration-fbr-pakistan,blog,558,58,169,1,1,1,1,"FBR Procedures",93,100
blogs/private-limited-company-tax-return-pakistan,blog,674,48,179,1,1,1,1,"Income Tax Filing",93,100
blogs/private-school-tax-pakistan,blog,634,47,165,1,1,1,1,"General Tax",93,100
blogs/prize-bond-tax-pakistan,blog,637,49,165,1,1,1,1,"General Tax",93,100
blogs/professional-tax-pakistan-2026,blog,561,53,177,1,1,1,1,"General Tax",93,100
blogs/property-purchase-pakistan-dubai-pakistanis,blog,620,57,161,1,1,1,1,"Property Tax",93,100
blogs/property-tax-islamabad-2026,blog,627,57,165,1,1,1,1,"Property Tax",93,100
blogs/property-tax-karachi-2026,blog,625,56,165,1,1,1,1,"Property Tax",93,100
blogs/property-tax-lahore-2026,blog,628,59,165,1,1,1,1,"Property Tax",93,100
blogs/property-tax-pakistan-2026,blog,513,57,173,1,1,1,1,"Property Tax",93,100
blogs/provident-fund-gratuity-tax-pakistan,blog,550,53,168,1,1,1,1,"General Tax",93,100
blogs/punjab-sales-tax-services-pakistan,blog,610,48,165,1,1,1,1,"Sales Tax / GST",93,100
blogs/real-estate-agent-tax-pakistan,blog,626,58,165,1,1,1,1,"Property Tax",93,100
blogs/real-estate-developer-tax-pakistan,blog,698,55,173,1,1,1,1,"Property Tax",93,100
blogs/remittance-tax-pakistan-2026,blog,697,56,176,1,1,1,1,"General Tax",93,100
blogs/rental-income-tax-pakistan-2026,blog,788,57,179,1,1,1,1,"General Tax",100,100
blogs/restaurant-tax-pakistan-2026,blog,636,43,165,1,1,1,1,"General Tax",93,100
blogs/roshan-digital-account-tax,blog,640,59,165,1,1,1,1,"General Tax",93,100
blogs/roshan-digital-account-tax-pakistan,blog,690,46,175,1,1,1,1,"General Tax",93,100
blogs/salary-person-tax-return-pakistan,blog,837,53,171,1,1,1,1,"Income Tax Filing",100,100
blogs/sales-tax-on-services-pakistan,blog,603,59,165,1,1,1,1,"Sales Tax / GST",93,100
blogs/sales-tax-registration-guide-pakistan,blog,816,49,167,1,1,1,1,"Sales Tax / GST",100,100
blogs/sales-tax-return-filing-pakistan,blog,627,54,169,1,1,1,1,"Income Tax Filing",93,100
blogs/sales-tax-return-filing-pakistan-2026,blog,734,56,183,1,1,1,1,"Income Tax Filing",100,100
blogs/same-day-income-tax-return-filing-pakistan,blog,731,47,165,1,1,1,1,"Income Tax Filing",100,100
blogs/secp-company-registration-guide,blog,613,59,165,1,1,1,1,"Company Registration",93,100
blogs/section-7e-tax-pakistan,blog,613,55,156,1,1,1,1,"General Tax",93,100
blogs/sindh-income-tax-guide-2026,blog,640,51,165,1,1,1,1,"General Tax",93,100
blogs/small-business-tax-consultant-pakistan,blog,583,57,170,1,1,1,1,"Tax Consultant Services",93,100
blogs/small-company-tax-pakistan,blog,617,57,165,1,1,1,1,"Company Registration",93,100
blogs/sme-tax-consultant-pakistan,blog,594,59,182,1,1,1,1,"Tax Consultant Services",93,100
blogs/sole-proprietor-tax-return-pakistan-2026,blog,720,53,168,1,1,1,1,"Income Tax Filing",100,100
blogs/stock-broker-tax-pakistan,blog,642,56,165,1,1,1,1,"General Tax",93,100
blogs/strn-registration-pakistan,blog,721,58,168,1,1,1,1,"General Tax",100,100
blogs/super-tax-pakistan-2026,blog,578,56,157,1,1,1,1,"General Tax",93,100
blogs/tax-appeal-procedure-pakistan,blog,641,60,165,1,1,1,1,"General Tax",93,100
blogs/tax-clearance-certificate-pakistan,blog,638,56,165,1,1,1,1,"General Tax",93,100
blogs/tax-consultant-abbot-road-lahore,blog,952,54,179,1,1,1,1,"Tax Consultant Services",100,100
blogs/tax-consultant-abbottabad,blog,626,59,169,1,1,1,1,"Tax Consultant Services",93,100
blogs/tax-consultant-abbottabad-cantt,blog,918,44,165,1,1,1,1,"Tax Consultant Services",100,100
blogs/tax-consultant-abbottabad-city,blog,935,50,145,1,1,1,1,"Tax Consultant Services",100,100
blogs/tax-consultant-abbottabad-havelian,blog,515,47,165,1,1,1,1,"Tax Consultant Services",93,100
blogs/tax-consultant-abpara-islamabad,blog,589,53,165,1,1,1,1,"Tax Consultant Services",93,100
blogs/tax-consultant-abu-dhabi-pakistanis,blog,1002,56,140,1,1,1,1,"Tax Consultant Services",100,100
blogs/tax-consultant-adalat-road-quetta,blog,530,46,165,1,1,1,1,"Tax Consultant Services",93,100
blogs/tax-consultant-adelaide-pakistanis,blog,976,58,145,1,1,1,1,"Tax Consultant Services",100,100
blogs/tax-consultant-adiala-rawalpindi,blog,702,47,165,1,1,1,1,"Tax Consultant Services",100,100
blogs/tax-consultant-ahmadpur-east,blog,842,57,190,1,1,1,1,"Tax Consultant Services",100,100
blogs/tax-consultant-ahmedpur-east,blog,716,54,172,1,1,1,1,"Tax Consultant Services",100,100
blogs/tax-consultant-airport-housing-society-islamabad,blog,619,59,182,1,1,1,1,"Tax Consultant Services",93,100
blogs/tax-consultant-airport-housing-society-lahore,blog,907,56,0,1,1,1,1,"Tax Consultant Services",100,80
blogs/tax-consultant-airport-road-lahore,blog,563,47,165,1,1,1,1,"Tax Consultant Services",93,100
blogs/tax-consultant-airport-road-quetta,blog,936,47,142,1,1,1,1,"Tax Consultant Services",100,100
blogs/tax-consultant-airport-road-rawalpindi,blog,850,56,0,1,1,1,1,"Tax Consultant Services",100,80
blogs/tax-consultant-ait-block-a-lahore,blog,893,55,192,1,1,1,1,"Tax Consultant Services",100,100
blogs/tax-consultant-ait-block-b-lahore,blog,893,55,192,1,1,1,1,"Tax Consultant Services",100,100
blogs/tax-consultant-ait-block-c-lahore,blog,893,55,192,1,1,1,1,"Tax Consultant Services",100,100
blogs/tax-consultant-ait-block-d-lahore,blog,893,55,192,1,1,1,1,"Tax Consultant Services",100,100
blogs/tax-consultant-ait-block-e-lahore,blog,893,55,192,1,1,1,1,"Tax Consultant Services",100,100
blogs/tax-consultant-ait-block-f-lahore,blog,893,55,192,1,1,1,1,"Tax Consultant Services",100,100
blogs/tax-consultant-ait-block-g-lahore,blog,893,55,192,1,1,1,1,"Tax Consultant Services",100,100
blogs/tax-consultant-ait-block-h-lahore,blog,893,55,192,1,1,1,1,"Tax Consultant Services",100,100
blogs/tax-consultant-ajman-pakistanis,blog,981,52,165,1,1,1,1,"Tax Consultant Services",100,100
blogs/tax-consultant-akbari-gate-lahore,blog,891,55,192,1,1,1,1,"Tax Consultant Services",100,100
blogs/tax-consultant-al-hamra-town-lahore,blog,891,57,194,1,1,1,1,"Tax Consultant Services",100,100
blogs/tax-consultant-al-kabir-town-lahore,blog,891,57,194,1,1,1,1,"Tax Consultant Services",100,100
blogs/tax-consultant-al-noor-town-lahore,blog,952,56,181,1,1,1,1,"Tax Consultant Services",100,100
blogs/tax-consultant-ali-pur-chatha-gujranwala,blog,541,53,164,1,1,1,1,"Tax Consultant Services",93,100
blogs/tax-consultant-ali-town-lahore,blog,891,52,189,1,1,1,1,"Tax Consultant Services",100,100
blogs/tax-consultant-allama-iqbal-industrial-estate-lahore,blog,924,56,0,1,1,1,1,"Tax Consultant Services",100,80
blogs/tax-consultant-allama-iqbal-town-sialkot,blog,954,53,148,1,1,1,1,"Tax Consultant Services",100,100
blogs/tax-consultant-alt-buksh-colony-lahore,blog,570,51,165,1,1,1,1,"Tax Consultant Services",93,100
blogs/tax-consultant-american-chowk-faisalabad,blog,530,53,164,1,1,1,1,"Tax Consultant Services",93,100
blogs/tax-consultant-anarkali-lahore,blog,735,49,163,1,1,1,1,"Tax Consultant Services",100,100
blogs/tax-consultant-ancholi-karachi,blog,702,48,163,1,1,1,1,"Tax Consultant Services",100,100
blogs/tax-consultant-arifwala,blog,701,49,166,1,1,1,1,"Tax Consultant Services",100,100
blogs/tax-consultant-army-officers-pakistan,blog,665,42,175,1,1,1,1,"Tax Consultant Services",93,100
blogs/tax-consultant-askari-1-lahore,blog,870,52,189,1,1,1,1,"Tax Consultant Services",100,100
blogs/tax-consultant-askari-10-lahore,blog,882,53,190,1,1,1,1,"Tax Consultant Services",100,100
blogs/tax-consultant-askari-11-lahore,blog,882,53,190,1,1,1,1,"Tax Consultant Services",100,100
blogs/tax-consultant-askari-13-lahore,blog,940,53,178,1,1,1,1,"Tax Consultant Services",100,100
blogs/tax-consultant-askari-14-lahore,blog,940,53,178,1,1,1,1,"Tax Consultant Services",100,100
blogs/tax-consultant-askari-14-rawalpindi,blog,523,48,165,1,1,1,1,"Tax Consultant Services",93,100
blogs/tax-consultant-askari-2-lahore,blog,929,52,177,1,1,1,1,"Tax Consultant Services",100,100
blogs/tax-consultant-askari-3-lahore,blog,929,52,177,1,1,1,1,"Tax Consultant Services",100,100
blogs/tax-consultant-askari-4-lahore,blog,929,52,177,1,1,1,1,"Tax Consultant Services",100,100
blogs/tax-consultant-askari-5-lahore,blog,929,52,177,1,1,1,1,"Tax Consultant Services",100,100
blogs/tax-consultant-askari-6-lahore,blog,929,52,177,1,1,1,1,"Tax Consultant Services",100,100
blogs/tax-consultant-askari-7-lahore,blog,929,52,177,1,1,1,1,"Tax Consultant Services",100,100
blogs/tax-consultant-askari-8-lahore,blog,929,52,177,1,1,1,1,"Tax Consultant Services",100,100
blogs/tax-consultant-askari-9-lahore,blog,929,52,177,1,1,1,1,"Tax Consultant Services",100,100
blogs/tax-consultant-askari-lahore,blog,949,41,165,1,1,1,1,"Tax Consultant Services",100,100
blogs/tax-consultant-astore,blog,700,47,171,1,1,1,1,"Tax Consultant Services",100,100
blogs/tax-consultant-atlanta-pakistanis,blog,980,54,165,1,1,1,1,"Tax Consultant Services",100,100
blogs/tax-consultant-attaturk-avenue-islamabad,blog,604,58,174,1,1,1,1,"Tax Consultant Services",93,100
blogs/tax-consultant-attock,blog,915,55,192,1,1,1,1,"Tax Consultant Services",100,100
blogs/tax-consultant-attock-city,blog,917,54,165,1,1,1,1,"Tax Consultant Services",100,100
blogs/tax-consultant-attock-city-centre,blog,526,46,165,1,1,1,1,"Tax Consultant Services",93,100
blogs/tax-consultant-auto-bhan-road-hyderabad,blog,541,52,165,1,1,1,1,"Tax Consultant Services",93,100
blogs/tax-consultant-awan-town-lahore,blog,891,53,190,1,1,1,1,"Tax Consultant Services",100,100
blogs/tax-consultant-awaran,blog,701,47,166,1,1,1,1,"Tax Consultant Services",100,100
blogs/tax-consultant-b-15-islamabad,blog,589,58,163,1,1,1,1,"Tax Consultant Services",93,100
blogs/tax-consultant-b-16-islamabad,blog,589,58,163,1,1,1,1,"Tax Consultant Services",93,100
blogs/tax-consultant-b-17-islamabad,blog,917,42,165,1,1,1,1,"Tax Consultant Services",100,100
blogs/tax-consultant-b-18-islamabad,blog,589,58,163,1,1,1,1,"Tax Consultant Services",93,100
blogs/tax-consultant-badami-bagh-lahore,blog,750,52,166,1,1,1,1,"Tax Consultant Services",100,100
blogs/tax-consultant-badin,blog,823,59,182,1,1,1,1,"Tax Consultant Services",100,100
blogs/tax-consultant-badin-city,blog,917,53,165,1,1,1,1,"Tax Consultant Services",100,100
blogs/tax-consultant-bagh-ajk,blog,702,45,156,1,1,1,1,"Tax Consultant Services",100,100
blogs/tax-consultant-baghbanpura-lahore,blog,951,46,141,1,1,1,1,"Tax Consultant Services",100,100
blogs/tax-consultant-bahadurabad-karachi,blog,928,56,0,1,1,1,1,"Tax Consultant Services",100,80
blogs/tax-consultant-bahawalpur,blog,730,57,163,1,1,1,1,"Tax Consultant Services",100,100
blogs/tax-consultant-bahawalpur-cantt,blog,918,44,165,1,1,1,1,"Tax Consultant Services",100,100
blogs/tax-consultant-bahawalpur-model-town,blog,527,58,165,1,1,1,1,"Tax Consultant Services",93,100
blogs/tax-consultant-bahria-education-city-lahore,blog,990,57,200,1,1,1,1,"Tax Consultant Services",100,100
blogs/tax-consultant-bahria-nasheman-lahore,blog,955,59,184,1,1,1,1,"Tax Consultant Services",100,100
blogs/tax-consultant-bahria-nishtar-block-lahore,blog,991,58,194,1,1,1,1,"Tax Consultant Services",100,100
blogs/tax-consultant-bahria-orchard-lahore,blog,566,49,165,1,1,1,1,"Tax Consultant Services",93,100
blogs/tax-consultant-bahria-precinct-karachi,blog,936,51,146,1,1,1,1,"Tax Consultant Services",100,100
blogs/tax-consultant-bahria-rafi-block-lahore,blog,991,55,191,1,1,1,1,"Tax Consultant Services",100,100
blogs/tax-consultant-bahria-sector-a-lahore,blog,637,58,0,1,1,1,1,"Tax Consultant Services",93,80
blogs/tax-consultant-bahria-sector-b-lahore,blog,637,58,0,1,1,1,1,"Tax Consultant Services",93,80
blogs/tax-consultant-bahria-sector-c-lahore,blog,637,58,0,1,1,1,1,"Tax Consultant Services",93,80
blogs/tax-consultant-bahria-sector-d-lahore,blog,637,58,0,1,1,1,1,"Tax Consultant Services",93,80
blogs/tax-consultant-bahria-sector-e-lahore,blog,637,58,0,1,1,1,1,"Tax Consultant Services",93,80
blogs/tax-consultant-bahria-sector-f-lahore,blog,637,58,0,1,1,1,1,"Tax Consultant Services",93,80
blogs/tax-consultant-bahria-sector-g-lahore,blog,637,58,0,1,1,1,1,"Tax Consultant Services",93,80
blogs/tax-consultant-bahria-sector-h-lahore,blog,637,58,0,1,1,1,1,"Tax Consultant Services",93,80
blogs/tax-consultant-bahria-town-islamabad,blog,936,49,144,1,1,1,1,"Tax Consultant Services",100,100
blogs/tax-consultant-bahria-town-karachi,blog,936,47,142,1,1,1,1,"Tax Consultant Services",100,100
blogs/tax-consultant-bahria-town-lahore,blog,974,46,141,1,1,1,1,"Tax Consultant Services",100,100
blogs/tax-consultant-bahria-town-rawalpindi,blog,936,50,145,1,1,1,1,"Tax Consultant Services",100,100
blogs/tax-consultant-bahria-umer-block-lahore,blog,991,55,191,1,1,1,1,"Tax Consultant Services",100,100
blogs/tax-consultant-bahria-usman-block-lahore,blog,991,56,192,1,1,1,1,"Tax Consultant Services",100,100
blogs/tax-consultant-baldia-town-karachi,blog,936,47,142,1,1,1,1,"Tax Consultant Services",100,100
blogs/tax-consultant-baleli-quetta,blog,519,41,164,1,1,1,1,"Tax Consultant Services",93,100
blogs/tax-consultant-banda-road-lahore,blog,891,54,191,1,1,1,1,"Tax Consultant Services",100,100
blogs/tax-consultant-bani-gala-islamabad,blog,936,47,142,1,1,1,1,"Tax Consultant Services",100,100
blogs/tax-consultant-bannu,blog,823,59,182,1,1,1,1,"Tax Consultant Services",100,100
blogs/tax-consultant-bannu-city,blog,917,53,165,1,1,1,1,"Tax Consultant Services",100,100
blogs/tax-consultant-bara-road-peshawar,blog,530,46,165,1,1,1,1,"Tax Consultant Services",93,100
blogs/tax-consultant-barkat-market-lahore,blog,563,48,165,1,1,1,1,"Tax Consultant Services",93,100
blogs/tax-consultant-barkat-nagar-lahore,blog,952,56,181,1,1,1,1,"Tax Consultant Services",100,100
blogs/tax-consultant-batala-colony-faisalabad,blog,530,52,165,1,1,1,1,"Tax Consultant Services",93,100
blogs/tax-consultant-batapur-lahore,blog,874,59,188,1,1,1,1,"Tax Consultant Services",100,100
blogs/tax-consultant-bath-island-karachi,blog,936,47,142,1,1,1,1,"Tax Consultant Services",100,100
blogs/tax-consultant-battagram,blog,822,57,186,1,1,1,1,"Tax Consultant Services",100,100
blogs/tax-consultant-battagram-city,blog,702,50,161,1,1,1,1,"Tax Consultant Services",100,100
blogs/tax-consultant-bedian-road-lahore,blog,884,55,196,1,1,1,1,"Tax Consultant Services",100,100
blogs/tax-consultant-bhakkar,blog,822,55,184,1,1,1,1,"Tax Consultant Services",100,100
blogs/tax-consultant-bhakkar-city,blog,917,55,165,1,1,1,1,"Tax Consultant Services",100,100
blogs/tax-consultant-bhakkar-city-centre,blog,614,47,165,1,1,1,1,"Tax Consultant Services",93,100
blogs/tax-consultant-bhalwal,blog,822,55,184,1,1,1,1,"Tax Consultant Services",100,100
blogs/tax-consultant-bhara-kahu-islamabad,blog,717,51,168,1,1,1,1,"Tax Consultant Services",100,100
blogs/tax-consultant-bhatti-gate-lahore,blog,750,52,166,1,1,1,1,"Tax Consultant Services",100,100
blogs/tax-consultant-bhawalnagar,blog,701,52,172,1,1,1,1,"Tax Consultant Services",100,100
blogs/tax-consultant-bhimber,blog,822,55,184,1,1,1,1,"Tax Consultant Services",100,100
blogs/tax-consultant-bhimber-city,blog,917,55,165,1,1,1,1,"Tax Consultant Services",100,100
blogs/tax-consultant-bin-qasim-karachi,blog,936,45,140,1,1,1,1,"Tax Consultant Services",100,100
blogs/tax-consultant-birmingham-pakistanis,blog,975,56,140,1,1,1,1,"Tax Consultant Services",100,100
blogs/tax-consultant-blackburn-pakistanis,blog,974,55,165,1,1,1,1,"Tax Consultant Services",100,100
blogs/tax-consultant-blue-area-islamabad,blog,936,47,142,1,1,1,1,"Tax Consultant Services",100,100
blogs/tax-consultant-bohar-gate-multan,blog,530,45,165,1,1,1,1,"Tax Consultant Services",93,100
blogs/tax-consultant-bolton-market-karachi,blog,530,49,165,1,1,1,1,"Tax Consultant Services",93,100
blogs/tax-consultant-bosan-road-multan,blog,936,45,140,1,1,1,1,"Tax Consultant Services",100,100
blogs/tax-consultant-bradford-pakistanis,blog,973,54,165,1,1,1,1,"Tax Consultant Services",100,100
blogs/tax-consultant-brampton-pakistanis,blog,979,58,142,1,1,1,1,"Tax Consultant Services",100,100
blogs/tax-consultant-brandreth-road-lahore,blog,891,58,195,1,1,1,1,"Tax Consultant Services",100,100
blogs/tax-consultant-brewery-road-quetta,blog,530,47,165,1,1,1,1,"Tax Consultant Services",93,100
blogs/tax-consultant-brisbane-pakistanis,blog,979,58,145,1,1,1,1,"Tax Consultant Services",100,100
blogs/tax-consultant-buffer-zone-karachi,blog,717,52,167,1,1,1,1,"Tax Consultant Services",100,100
blogs/tax-consultant-builders-developers-pakistan,blog,588,57,163,1,1,1,1,"Tax Consultant Services",93,100
blogs/tax-consultant-bund-road-lahore,blog,563,44,165,1,1,1,1,"Tax Consultant Services",93,100
blogs/tax-consultant-buner,blog,823,59,182,1,1,1,1,"Tax Consultant Services",100,100
blogs/tax-consultant-buner-city,blog,702,46,157,1,1,1,1,"Tax Consultant Services",100,100
blogs/tax-consultant-burewala,blog,701,49,163,1,1,1,1,"Tax Consultant Services",100,100
blogs/tax-consultant-burns-road-karachi,blog,530,46,165,1,1,1,1,"Tax Consultant Services",93,100
blogs/tax-consultant-c-18-islamabad,blog,514,42,165,1,1,1,1,"Tax Consultant Services",93,100
blogs/tax-consultant-calgary-pakistanis,blog,979,57,141,1,1,1,1,"Tax Consultant Services",100,100
blogs/tax-consultant-canal-bank-road-lahore,blog,900,59,200,1,1,1,1,"Tax Consultant Services",100,100
blogs/tax-consultant-canal-colony-lahore,blog,633,56,193,1,1,1,1,"Tax Consultant Services",93,100
blogs/tax-consultant-canal-park-lahore,blog,952,54,179,1,1,1,1,"Tax Consultant Services",100,100
blogs/tax-consultant-canal-road-lahore,blog,563,45,165,1,1,1,1,"Tax Consultant Services",93,100
blogs/tax-consultant-canal-view-lahore,blog,988,59,195,1,1,1,1,"Tax Consultant Services",100,100
blogs/tax-consultant-cantt-hyderabad,blog,918,43,165,1,1,1,1,"Tax Consultant Services",100,100
blogs/tax-consultant-cantt-lahore,blog,962,57,199,1,1,1,1,"Tax Consultant Services",100,100
blogs/tax-consultant-cantt-multan,blog,920,60,164,1,1,1,1,"Tax Consultant Services",100,100
blogs/tax-consultant-cantt-peshawar,blog,918,42,165,1,1,1,1,"Tax Consultant Services",100,100
blogs/tax-consultant-cantt-quetta,blog,920,60,164,1,1,1,1,"Tax Consultant Services",100,100
blogs/tax-consultant-cantt-rawalpindi,blog,942,58,0,1,1,1,1,"Tax Consultant Services",100,80
blogs/tax-consultant-cantt-sialkot,blog,918,41,165,1,1,1,1,"Tax Consultant Services",100,100
blogs/tax-consultant-capital-smart-city-islamabad,blog,620,59,177,1,1,1,1,"Tax Consultant Services",93,100
blogs/tax-consultant-cavalry-ground-lahore,blog,633,58,195,1,1,1,1,"Tax Consultant Services",93,100
blogs/tax-consultant-cavalry-ground-lahore-area,blog,970,49,144,1,1,1,1,"Tax Consultant Services",100,100
blogs/tax-consultant-cbr-town-islamabad,blog,936,46,141,1,1,1,1,"Tax Consultant Services",100,100
blogs/tax-consultant-centaurus-islamabad,blog,593,57,173,1,1,1,1,"Tax Consultant Services",93,100
blogs/tax-consultant-central-park-lahore,blog,987,54,197,1,1,1,1,"Tax Consultant Services",100,100
blogs/tax-consultant-chaklala-rawalpindi,blog,918,47,142,1,1,1,1,"Tax Consultant Services",100,100
blogs/tax-consultant-chakwal,blog,915,56,193,1,1,1,1,"Tax Consultant Services",100,100
blogs/tax-consultant-chakwal-city,blog,917,55,165,1,1,1,1,"Tax Consultant Services",100,100
blogs/tax-consultant-chakwal-city-centre,blog,526,47,165,1,1,1,1,"Tax Consultant Services",93,100
blogs/tax-consultant-chaman,blog,822,54,183,1,1,1,1,"Tax Consultant Services",100,100
blogs/tax-consultant-chaman-city,blog,917,54,165,1,1,1,1,"Tax Consultant Services",100,100
blogs/tax-consultant-charsadda,blog,915,58,195,1,1,1,1,"Tax Consultant Services",100,100
blogs/tax-consultant-charsadda-city,blog,917,57,165,1,1,1,1,"Tax Consultant Services",100,100
blogs/tax-consultant-charsadda-road-psh-peshawar,blog,531,51,165,1,1,1,1,"Tax Consultant Services",93,100
blogs/tax-consultant-chauburji-lahore,blog,952,44,165,1,1,1,1,"Tax Consultant Services",100,100
blogs/tax-consultant-chicago-pakistanis,blog,979,54,165,1,1,1,1,"Tax Consultant Services",100,100
blogs/tax-consultant-chichawatni,blog,701,52,167,1,1,1,1,"Tax Consultant Services",100,100
blogs/tax-consultant-chilas,blog,700,47,171,1,1,1,1,"Tax Consultant Services",100,100
blogs/tax-consultant-chiniot,blog,915,56,193,1,1,1,1,"Tax Consultant Services",100,100
blogs/tax-consultant-chiniot-city,blog,917,55,165,1,1,1,1,"Tax Consultant Services",100,100
blogs/tax-consultant-chiniot-city-centre,blog,614,47,165,1,1,1,1,"Tax Consultant Services",93,100
blogs/tax-consultant-chishtian,blog,701,50,170,1,1,1,1,"Tax Consultant Services",100,100
blogs/tax-consultant-chitral,blog,822,55,184,1,1,1,1,"Tax Consultant Services",100,100
blogs/tax-consultant-chitral-city,blog,917,55,165,1,1,1,1,"Tax Consultant Services",100,100
blogs/tax-consultant-choa-saidan-shah,blog,731,57,172,1,1,1,1,"Tax Consultant Services",100,100
blogs/tax-consultant-chungi-amar-sadhu-lahore,blog,908,57,198,1,1,1,1,"Tax Consultant Services",100,100
blogs/tax-consultant-chungi-no-9-multan,blog,850,56,197,1,1,1,1,"Tax Consultant Services",100,100
blogs/tax-consultant-chungi-no9-multan,blog,520,46,165,1,1,1,1,"Tax Consultant Services",93,100
blogs/tax-consultant-chunian,blog,701,48,161,1,1,1,1,"Tax Consultant Services",100,100
blogs/tax-consultant-chunian-lahore,blog,874,59,188,1,1,1,1,"Tax Consultant Services",100,100
blogs/tax-consultant-circular-road-lahore,blog,563,48,165,1,1,1,1,"Tax Consultant Services",93,100
blogs/tax-consultant-city-centre-bahawalpur,blog,936,50,145,1,1,1,1,"Tax Consultant Services",100,100
blogs/tax-consultant-city-housing-society-lahore,blog,971,58,189,1,1,1,1,"Tax Consultant Services",100,100
blogs/tax-consultant-civil-lines-faisalabad,blog,936,50,145,1,1,1,1,"Tax Consultant Services",100,100
blogs/tax-consultant-civil-lines-gujranwala,blog,936,50,145,1,1,1,1,"Tax Consultant Services",100,100
blogs/tax-consultant-civil-lines-karachi,blog,530,47,165,1,1,1,1,"Tax Consultant Services",93,100
blogs/tax-consultant-clifton-block-2-karachi,blog,530,51,165,1,1,1,1,"Tax Consultant Services",93,100
blogs/tax-consultant-clifton-block-5-karachi,blog,530,51,165,1,1,1,1,"Tax Consultant Services",93,100
blogs/tax-consultant-clifton-block-9-karachi,blog,530,51,165,1,1,1,1,"Tax Consultant Services",93,100
blogs/tax-consultant-clifton-heights-islamabad,blog,936,53,143,1,1,1,1,"Tax Consultant Services",100,100
blogs/tax-consultant-clifton-karachi,blog,918,43,165,1,1,1,1,"Tax Consultant Services",100,100
blogs/tax-consultant-clock-tower-faisalabad,blog,530,50,165,1,1,1,1,"Tax Consultant Services",93,100
blogs/tax-consultant-college-road-lahore,blog,891,56,193,1,1,1,1,"Tax Consultant Services",100,100
blogs/tax-consultant-commercial-market-rawalpindi,blog,850,59,0,1,1,1,1,"Tax Consultant Services",100,80
blogs/tax-consultant-d-12-islamabad,blog,917,42,165,1,1,1,1,"Tax Consultant Services",100,100
blogs/tax-consultant-d-13-islamabad,blog,589,58,163,1,1,1,1,"Tax Consultant Services",93,100
blogs/tax-consultant-d-14-islamabad,blog,589,58,163,1,1,1,1,"Tax Consultant Services",93,100
blogs/tax-consultant-d-15-islamabad,blog,589,58,163,1,1,1,1,"Tax Consultant Services",93,100
blogs/tax-consultant-d-16-islamabad,blog,589,58,163,1,1,1,1,"Tax Consultant Services",93,100
blogs/tax-consultant-d-17-islamabad,blog,589,58,163,1,1,1,1,"Tax Consultant Services",93,100
blogs/tax-consultant-d-ground-faisalabad,blog,918,47,142,1,1,1,1,"Tax Consultant Services",100,100
blogs/tax-consultant-d12-islamabad,blog,836,59,192,1,1,1,1,"Tax Consultant Services",100,100
blogs/tax-consultant-dadu,blog,823,58,181,1,1,1,1,"Tax Consultant Services",100,100
blogs/tax-consultant-dadu-city,blog,917,52,165,1,1,1,1,"Tax Consultant Services",100,100
blogs/tax-consultant-daharki,blog,701,48,162,1,1,1,1,"Tax Consultant Services",100,100
blogs/tax-consultant-dalazak-road-peshawar,blog,530,49,165,1,1,1,1,"Tax Consultant Services",93,100
blogs/tax-consultant-dallas-pakistanis,blog,981,53,165,1,1,1,1,"Tax Consultant Services",100,100
blogs/tax-consultant-darya-khan,blog,843,58,187,1,1,1,1,"Tax Consultant Services",100,100
blogs/tax-consultant-daska,blog,823,59,182,1,1,1,1,"Tax Consultant Services",100,100
blogs/tax-consultant-daska-city-centre,blog,614,45,165,1,1,1,1,"Tax Consultant Services",93,100
blogs/tax-consultant-daska-sialkot,blog,918,41,165,1,1,1,1,"Tax Consultant Services",100,100
blogs/tax-consultant-data-darbar-lahore,blog,563,46,165,1,1,1,1,"Tax Consultant Services",93,100
blogs/tax-consultant-data-ganj-bakhsh-lahore,blog,899,56,0,1,1,1,1,"Tax Consultant Services",100,80
blogs/tax-consultant-data-nagar-lahore,blog,891,54,191,1,1,1,1,"Tax Consultant Services",100,100
blogs/tax-consultant-davis-road-lahore,blog,952,54,179,1,1,1,1,"Tax Consultant Services",100,100
blogs/tax-consultant-defence-karachi,blog,918,43,165,1,1,1,1,"Tax Consultant Services",100,100
blogs/tax-consultant-defence-phase-2-karachi,blog,530,51,165,1,1,1,1,"Tax Consultant Services",93,100
blogs/tax-consultant-defence-phase-5-karachi,blog,530,51,165,1,1,1,1,"Tax Consultant Services",93,100
blogs/tax-consultant-defence-phase-8-karachi,blog,530,51,165,1,1,1,1,"Tax Consultant Services",93,100
blogs/tax-consultant-defence-road-lahore,blog,952,56,181,1,1,1,1,"Tax Consultant Services",100,100
blogs/tax-consultant-defence-view-karachi,blog,851,57,198,1,1,1,1,"Tax Consultant Services",100,100
blogs/tax-consultant-delhi-gate-lahore,blog,891,54,191,1,1,1,1,"Tax Consultant Services",100,100
blogs/tax-consultant-depalpur,blog,701,49,162,1,1,1,1,"Tax Consultant Services",100,100
blogs/tax-consultant-dera-bugti,blog,716,51,170,1,1,1,1,"Tax Consultant Services",100,100
blogs/tax-consultant-dera-ghazi-khan-city,blog,963,43,165,1,1,1,1,"Tax Consultant Services",100,100
blogs/tax-consultant-dera-ismail-khan,blog,884,59,0,1,1,1,1,"Tax Consultant Services",100,80
blogs/tax-consultant-dera-ismail-khan-city,blog,963,44,165,1,1,1,1,"Tax Consultant Services",100,100
blogs/tax-consultant-dg-khan,blog,975,58,0,1,1,1,1,"Tax Consultant Services",100,80
blogs/tax-consultant-dha-city-karachi,blog,530,44,165,1,1,1,1,"Tax Consultant Services",93,100
blogs/tax-consultant-dha-islamabad,blog,918,41,165,1,1,1,1,"Tax Consultant Services",100,100
blogs/tax-consultant-dha-karachi,blog,920,59,165,1,1,1,1,"Tax Consultant Services",100,100
blogs/tax-consultant-dha-lahore,blog,977,54,0,1,1,1,1,"Tax Consultant Services",100,80
blogs/tax-consultant-dha-lahore-area,blog,954,58,165,1,1,1,1,"Tax Consultant Services",100,100
blogs/tax-consultant-dha-phase-1-karachi,blog,851,56,197,1,1,1,1,"Tax Consultant Services",100,100
blogs/tax-consultant-dha-phase-1-lahore,blog,884,55,196,1,1,1,1,"Tax Consultant Services",100,100
blogs/tax-consultant-dha-phase-10-lahore,blog,963,56,181,1,1,1,1,"Tax Consultant Services",100,100
blogs/tax-consultant-dha-phase-11-lahore,blog,644,56,193,1,1,1,1,"Tax Consultant Services",93,100
blogs/tax-consultant-dha-phase-2-karachi,blog,936,47,142,1,1,1,1,"Tax Consultant Services",100,100
blogs/tax-consultant-dha-phase-2-lahore,blog,884,55,196,1,1,1,1,"Tax Consultant Services",100,100
blogs/tax-consultant-dha-phase-3-lahore,blog,891,55,192,1,1,1,1,"Tax Consultant Services",100,100
blogs/tax-consultant-dha-phase-4-lahore,blog,891,55,192,1,1,1,1,"Tax Consultant Services",100,100
blogs/tax-consultant-dha-phase-5-lahore,blog,884,55,196,1,1,1,1,"Tax Consultant Services",100,100
blogs/tax-consultant-dha-phase-6-karachi,blog,936,47,142,1,1,1,1,"Tax Consultant Services",100,100
blogs/tax-consultant-dha-phase-6-lahore,blog,884,55,196,1,1,1,1,"Tax Consultant Services",100,100
blogs/tax-consultant-dha-phase-7-lahore,blog,891,55,192,1,1,1,1,"Tax Consultant Services",100,100
blogs/tax-consultant-dha-phase-8-lahore,blog,891,55,192,1,1,1,1,"Tax Consultant Services",100,100
blogs/tax-consultant-dha-phase-9-lahore,blog,891,55,192,1,1,1,1,"Tax Consultant Services",100,100
blogs/tax-consultant-dha-phase-9-prism-lahore,blog,971,57,186,1,1,1,1,"Tax Consultant Services",100,100
blogs/tax-consultant-dha-phase-9-town-lahore,blog,971,56,185,1,1,1,1,"Tax Consultant Services",100,100
blogs/tax-consultant-dha-q-block-lahore,blog,952,55,180,1,1,1,1,"Tax Consultant Services",100,100
blogs/tax-consultant-dha-rahbar-lahore,blog,891,54,191,1,1,1,1,"Tax Consultant Services",100,100
blogs/tax-consultant-dha-raya-lahore,blog,891,52,189,1,1,1,1,"Tax Consultant Services",100,100
blogs/tax-consultant-dha-y-block-lahore,blog,952,55,180,1,1,1,1,"Tax Consultant Services",100,100
blogs/tax-consultant-dharampura-lahore,blog,552,45,165,1,1,1,1,"Tax Consultant Services",93,100
blogs/tax-consultant-dhoke-hassu-rawalpindi,blog,851,59,200,1,1,1,1,"Tax Consultant Services",100,100
blogs/tax-consultant-dijkot-faisalabad,blog,519,45,165,1,1,1,1,"Tax Consultant Services",93,100
blogs/tax-consultant-dijkot-road-faisalabad,blog,944,59,0,1,1,1,1,"Tax Consultant Services",100,80
blogs/tax-consultant-dina,blog,823,58,181,1,1,1,1,"Tax Consultant Services",100,100
blogs/tax-consultant-dina-jhelum,blog,702,45,159,1,1,1,1,"Tax Consultant Services",100,100
blogs/tax-consultant-dinga,blog,701,46,160,1,1,1,1,"Tax Consultant Services",100,100
blogs/tax-consultant-diplomatic-enclave-islamabad,blog,604,59,177,1,1,1,1,"Tax Consultant Services",93,100
blogs/tax-consultant-dir-lower,blog,851,58,191,1,1,1,1,"Tax Consultant Services",100,100
blogs/tax-consultant-doctors-pakistan,blog,875,43,192,1,1,1,1,"Tax Consultant Services",100,100
blogs/tax-consultant-double-road-quetta,blog,530,46,165,1,1,1,1,"Tax Consultant Services",93,100
blogs/tax-consultant-dubai-pakistanis,blog,1055,54,163,1,1,1,1,"Tax Consultant Services",100,100
blogs/tax-consultant-e-10-islamabad,blog,589,58,163,1,1,1,1,"Tax Consultant Services",93,100
blogs/tax-consultant-e-11-islamabad,blog,917,42,165,1,1,1,1,"Tax Consultant Services",100,100
blogs/tax-consultant-e-7-islamabad,blog,917,41,165,1,1,1,1,"Tax Consultant Services",100,100
blogs/tax-consultant-e-8-islamabad,blog,589,57,162,1,1,1,1,"Tax Consultant Services",93,100
blogs/tax-consultant-e-9-islamabad,blog,518,41,164,1,1,1,1,"Tax Consultant Services",93,100
blogs/tax-consultant-e11-islamabad,blog,929,59,0,1,1,1,1,"Tax Consultant Services",100,80
blogs/tax-consultant-e7-islamabad,blog,928,58,200,1,1,1,1,"Tax Consultant Services",100,100
blogs/tax-consultant-eden-abad-lahore,blog,891,53,190,1,1,1,1,"Tax Consultant Services",100,100
blogs/tax-consultant-eden-boulevard-lahore,blog,952,58,183,1,1,1,1,"Tax Consultant Services",100,100
blogs/tax-consultant-eden-city-lahore,blog,891,53,190,1,1,1,1,"Tax Consultant Services",100,100
blogs/tax-consultant-eden-garden-lahore,blog,884,55,196,1,1,1,1,"Tax Consultant Services",100,100
blogs/tax-consultant-eden-motions-lahore,blog,923,59,0,1,1,1,1,"Tax Consultant Services",100,80
blogs/tax-consultant-eden-orchard-lahore,blog,952,56,181,1,1,1,1,"Tax Consultant Services",100,100
blogs/tax-consultant-eden-residencia-lahore,blog,952,59,184,1,1,1,1,"Tax Consultant Services",100,100
blogs/tax-consultant-eden-value-homes-lahore,blog,570,51,165,1,1,1,1,"Tax Consultant Services",93,100
blogs/tax-consultant-eminabad,blog,701,49,167,1,1,1,1,"Tax Consultant Services",100,100
blogs/tax-consultant-emporium-mall-lahore,blog,907,58,199,1,1,1,1,"Tax Consultant Services",100,100
blogs/tax-consultant-empress-road-lahore,blog,952,56,181,1,1,1,1,"Tax Consultant Services",100,100
blogs/tax-consultant-engineers-pakistan,blog,768,45,197,1,1,1,1,"Tax Consultant Services",100,100
blogs/tax-consultant-engineers-town-islamabad,blog,608,55,178,1,1,1,1,"Tax Consultant Services",93,100
blogs/tax-consultant-engineers-town-lahore,blog,891,58,195,1,1,1,1,"Tax Consultant Services",100,100
blogs/tax-consultant-exporters-pakistan,blog,580,57,150,1,1,1,1,"Tax Consultant Services",93,100
blogs/tax-consultant-f-10-islamabad,blog,917,42,165,1,1,1,1,"Tax Consultant Services",100,100
blogs/tax-consultant-f-11-islamabad,blog,917,42,165,1,1,1,1,"Tax Consultant Services",100,100
blogs/tax-consultant-f-12-islamabad,blog,589,58,163,1,1,1,1,"Tax Consultant Services",93,100
blogs/tax-consultant-f-13-islamabad,blog,589,58,163,1,1,1,1,"Tax Consultant Services",93,100
blogs/tax-consultant-f-14-islamabad,blog,589,58,163,1,1,1,1,"Tax Consultant Services",93,100
blogs/tax-consultant-f-15-islamabad,blog,589,58,163,1,1,1,1,"Tax Consultant Services",93,100
blogs/tax-consultant-f-16-islamabad,blog,589,58,163,1,1,1,1,"Tax Consultant Services",93,100
blogs/tax-consultant-f-17-islamabad,blog,589,58,163,1,1,1,1,"Tax Consultant Services",93,100
blogs/tax-consultant-f-4-islamabad,blog,518,41,164,1,1,1,1,"Tax Consultant Services",93,100
blogs/tax-consultant-f-5-islamabad,blog,701,44,161,1,1,1,1,"Tax Consultant Services",100,100
blogs/tax-consultant-f-6-islamabad,blog,917,41,165,1,1,1,1,"Tax Consultant Services",100,100
blogs/tax-consultant-f-7-islamabad,blog,917,41,165,1,1,1,1,"Tax Consultant Services",100,100
blogs/tax-consultant-f-8-islamabad,blog,917,41,165,1,1,1,1,"Tax Consultant Services",100,100
blogs/tax-consultant-f-9-islamabad,blog,917,41,165,1,1,1,1,"Tax Consultant Services",100,100
blogs/tax-consultant-f10-islamabad,blog,929,59,0,1,1,1,1,"Tax Consultant Services",100,80
blogs/tax-consultant-f11-islamabad,blog,929,59,0,1,1,1,1,"Tax Consultant Services",100,80
blogs/tax-consultant-f7-islamabad,blog,942,57,0,1,1,1,1,"Tax Consultant Services",100,80
blogs/tax-consultant-f8-islamabad,blog,928,58,200,1,1,1,1,"Tax Consultant Services",100,100
blogs/tax-consultant-faisal-avenue-islamabad,blog,530,51,165,1,1,1,1,"Tax Consultant Services",93,100
blogs/tax-consultant-faisal-town-block-a-lahore,blog,908,59,200,1,1,1,1,"Tax Consultant Services",100,100
blogs/tax-consultant-faisal-town-block-b-lahore,blog,908,59,200,1,1,1,1,"Tax Consultant Services",100,100
blogs/tax-consultant-faisal-town-block-c-lahore,blog,908,59,200,1,1,1,1,"Tax Consultant Services",100,100
blogs/tax-consultant-faisal-town-block-d-lahore,blog,650,59,200,1,1,1,1,"Tax Consultant Services",93,100
blogs/tax-consultant-faisal-town-block-e-lahore,blog,650,59,200,1,1,1,1,"Tax Consultant Services",93,100
blogs/tax-consultant-faisal-town-block-f-lahore,blog,650,59,200,1,1,1,1,"Tax Consultant Services",93,100
blogs/tax-consultant-faisal-town-islamabad,blog,605,58,170,1,1,1,1,"Tax Consultant Services",93,100
blogs/tax-consultant-faisalabad,blog,689,58,163,1,1,1,1,"Tax Consultant Services",93,100
blogs/tax-consultant-faisalabad-district,blog,848,56,0,1,1,1,1,"Tax Consultant Services",100,80
blogs/tax-consultant-faizabad-rawalpindi,blog,835,56,197,1,1,1,1,"Tax Consultant Services",100,100
blogs/tax-consultant-faqirabad-peshawar,blog,519,46,165,1,1,1,1,"Tax Consultant Services",93,100
blogs/tax-consultant-farash-town-islamabad,blog,605,58,170,1,1,1,1,"Tax Consultant Services",93,100
blogs/tax-consultant-farid-town-gujranwala,blog,530,49,165,1,1,1,1,"Tax Consultant Services",93,100
blogs/tax-consultant-farooq-colony-lahore,blog,952,57,182,1,1,1,1,"Tax Consultant Services",100,100
blogs/tax-consultant-fateh-jang,blog,843,58,187,1,1,1,1,"Tax Consultant Services",100,100
blogs/tax-consultant-fatehjang,blog,701,50,164,1,1,1,1,"Tax Consultant Services",100,100
blogs/tax-consultant-fb-area-karachi,blog,943,59,0,1,1,1,1,"Tax Consultant Services",100,80
blogs/tax-consultant-federal-b-area-karachi,blog,936,50,145,1,1,1,1,"Tax Consultant Services",100,100
blogs/tax-consultant-fees-pakistan,blog,629,57,165,1,1,1,1,"Tax Consultant Services",93,100
blogs/tax-consultant-ferozepur-road-lahore,blog,563,49,165,1,1,1,1,"Tax Consultant Services",93,100
blogs/tax-consultant-ferozewala,blog,822,58,187,1,1,1,1,"Tax Consultant Services",100,100
blogs/tax-consultant-ferozewala-lahore,blog,873,54,191,1,1,1,1,"Tax Consultant Services",100,100
blogs/tax-consultant-ferozwala,blog,701,50,169,1,1,1,1,"Tax Consultant Services",100,100
blogs/tax-consultant-formanites-housing-lahore,blog,636,59,0,1,1,1,1,"Tax Consultant Services",93,80
blogs/tax-consultant-fort-abbas,blog,716,51,171,1,1,1,1,"Tax Consultant Services",100,100
blogs/tax-consultant-freelancers-online-pakistan,blog,590,55,176,1,1,1,1,"Tax Consultant Services",93,100
blogs/tax-consultant-frere-town-karachi,blog,530,46,165,1,1,1,1,"Tax Consultant Services",93,100
blogs/tax-consultant-g-10-islamabad,blog,917,42,165,1,1,1,1,"Tax Consultant Services",100,100
blogs/tax-consultant-g-11-islamabad,blog,917,42,165,1,1,1,1,"Tax Consultant Services",100,100
blogs/tax-consultant-g-12-islamabad,blog,518,42,165,1,1,1,1,"Tax Consultant Services",93,100
blogs/tax-consultant-g-13-islamabad,blog,917,42,165,1,1,1,1,"Tax Consultant Services",100,100
blogs/tax-consultant-g-14-islamabad,blog,917,42,165,1,1,1,1,"Tax Consultant Services",100,100
blogs/tax-consultant-g-15-islamabad,blog,917,42,165,1,1,1,1,"Tax Consultant Services",100,100
blogs/tax-consultant-g-16-islamabad,blog,589,58,163,1,1,1,1,"Tax Consultant Services",93,100
blogs/tax-consultant-g-5-islamabad,blog,589,57,162,1,1,1,1,"Tax Consultant Services",93,100
blogs/tax-consultant-g-6-islamabad,blog,917,41,165,1,1,1,1,"Tax Consultant Services",100,100
blogs/tax-consultant-g-7-islamabad,blog,701,44,161,1,1,1,1,"Tax Consultant Services",100,100
blogs/tax-consultant-g-8-islamabad,blog,917,41,165,1,1,1,1,"Tax Consultant Services",100,100
blogs/tax-consultant-g-9-islamabad,blog,917,41,165,1,1,1,1,"Tax Consultant Services",100,100
blogs/tax-consultant-g10-islamabad,blog,836,59,192,1,1,1,1,"Tax Consultant Services",100,100
blogs/tax-consultant-g11-islamabad,blog,929,59,0,1,1,1,1,"Tax Consultant Services",100,80
blogs/tax-consultant-g13-islamabad,blog,836,59,192,1,1,1,1,"Tax Consultant Services",100,100
blogs/tax-consultant-g14-islamabad,blog,836,59,192,1,1,1,1,"Tax Consultant Services",100,100
blogs/tax-consultant-g15-islamabad,blog,836,59,192,1,1,1,1,"Tax Consultant Services",100,100
blogs/tax-consultant-g9-islamabad,blog,928,58,200,1,1,1,1,"Tax Consultant Services",100,100
blogs/tax-consultant-gadap-town-karachi,blog,936,46,141,1,1,1,1,"Tax Consultant Services",100,100
blogs/tax-consultant-gajumata-lahore,blog,873,52,189,1,1,1,1,"Tax Consultant Services",100,100
blogs/tax-consultant-gambat,blog,701,47,163,1,1,1,1,"Tax Consultant Services",100,100
blogs/tax-consultant-garden-block-lahore,blog,891,56,193,1,1,1,1,"Tax Consultant Services",100,100
blogs/tax-consultant-garden-karachi,blog,918,42,165,1,1,1,1,"Tax Consultant Services",100,100
blogs/tax-consultant-garden-town-block-a-lahore,blog,908,59,200,1,1,1,1,"Tax Consultant Services",100,100
blogs/tax-consultant-garden-town-block-b-lahore,blog,908,59,200,1,1,1,1,"Tax Consultant Services",100,100
blogs/tax-consultant-garden-town-multan,blog,851,55,196,1,1,1,1,"Tax Consultant Services",100,100
blogs/tax-consultant-garden-town-super-market-lahore,blog,990,57,193,1,1,1,1,"Tax Consultant Services",100,100
blogs/tax-consultant-garden-west-karachi,blog,717,52,167,1,1,1,1,"Tax Consultant Services",100,100
blogs/tax-consultant-garhi-shahu-lahore,blog,969,46,141,1,1,1,1,"Tax Consultant Services",100,100
blogs/tax-consultant-ghalib-market-lahore,blog,888,57,194,1,1,1,1,"Tax Consultant Services",100,100
blogs/tax-consultant-ghanche,blog,700,48,172,1,1,1,1,"Tax Consultant Services",100,100
blogs/tax-consultant-ghauri-town-islamabad,blog,605,58,170,1,1,1,1,"Tax Consultant Services",93,100
blogs/tax-consultant-ghizer,blog,700,47,171,1,1,1,1,"Tax Consultant Services",100,100
blogs/tax-consultant-ghosia-colony-lahore,blog,891,57,194,1,1,1,1,"Tax Consultant Services",100,100
blogs/tax-consultant-ghotki,blog,822,54,183,1,1,1,1,"Tax Consultant Services",100,100
blogs/tax-consultant-ghotki-city,blog,917,54,165,1,1,1,1,"Tax Consultant Services",100,100
blogs/tax-consultant-ghulam-muhammad-abad-faisalabad,blog,541,59,141,1,1,1,1,"Tax Consultant Services",93,100
blogs/tax-consultant-gilgit,blog,915,55,192,1,1,1,1,"Tax Consultant Services",100,100
blogs/tax-consultant-gilgit-city,blog,917,54,165,1,1,1,1,"Tax Consultant Services",100,100
blogs/tax-consultant-gojra,blog,705,46,168,1,1,1,1,"Tax Consultant Services",100,100
blogs/tax-consultant-golra-islamabad,blog,519,43,165,1,1,1,1,"Tax Consultant Services",93,100
blogs/tax-consultant-gondlanwala-gujranwala,blog,519,50,165,1,1,1,1,"Tax Consultant Services",93,100
blogs/tax-consultant-government-employees-pakistan,blog,812,53,173,1,1,1,1,"Tax Consultant Services",100,100
blogs/tax-consultant-green-acres-lahore,blog,987,53,196,1,1,1,1,"Tax Consultant Services",100,100
blogs/tax-consultant-green-city-lahore,blog,891,54,191,1,1,1,1,"Tax Consultant Services",100,100
blogs/tax-consultant-green-fort-lahore,blog,988,59,195,1,1,1,1,"Tax Consultant Services",100,100
blogs/tax-consultant-green-town-block-a-lahore,blog,908,58,199,1,1,1,1,"Tax Consultant Services",100,100
blogs/tax-consultant-green-town-block-b-lahore,blog,908,58,199,1,1,1,1,"Tax Consultant Services",100,100
blogs/tax-consultant-green-town-block-c-lahore,blog,971,58,187,1,1,1,1,"Tax Consultant Services",100,100
blogs/tax-consultant-green-town-block-d-lahore,blog,971,58,187,1,1,1,1,"Tax Consultant Services",100,100
blogs/tax-consultant-green-town-block-e-lahore,blog,971,58,187,1,1,1,1,"Tax Consultant Services",100,100
blogs/tax-consultant-green-town-block-f-lahore,blog,650,58,199,1,1,1,1,"Tax Consultant Services",93,100
blogs/tax-consultant-green-town-block-g-lahore,blog,650,58,199,1,1,1,1,"Tax Consultant Services",93,100
blogs/tax-consultant-green-town-lahore,blog,970,45,140,1,1,1,1,"Tax Consultant Services",100,100
blogs/tax-consultant-gt-road-lahore,blog,874,59,188,1,1,1,1,"Tax Consultant Services",100,100
blogs/tax-consultant-gujar-khan,blog,716,51,169,1,1,1,1,"Tax Consultant Services",100,100
blogs/tax-consultant-gujranwala,blog,708,58,166,1,1,1,1,"Tax Consultant Services",100,100
blogs/tax-consultant-gujranwala-satellite-town,blog,612,59,164,1,1,1,1,"Tax Consultant Services",93,100
blogs/tax-consultant-gujrat,blog,634,55,166,1,1,1,1,"Tax Consultant Services",93,100
blogs/tax-consultant-gujrat-cantt,blog,716,53,167,1,1,1,1,"Tax Consultant Services",100,100
blogs/tax-consultant-gujrat-city,blog,917,54,165,1,1,1,1,"Tax Consultant Services",100,100
blogs/tax-consultant-gujrat-city-centre,blog,526,46,165,1,1,1,1,"Tax Consultant Services",93,100
blogs/tax-consultant-gul-ahmed-colony-lahore,blog,971,56,185,1,1,1,1,"Tax Consultant Services",100,100
blogs/tax-consultant-gulbahar-peshawar,blog,918,45,140,1,1,1,1,"Tax Consultant Services",100,100
blogs/tax-consultant-gulberg-1-lahore,blog,865,53,194,1,1,1,1,"Tax Consultant Services",100,100
blogs/tax-consultant-gulberg-2-lahore,blog,865,53,194,1,1,1,1,"Tax Consultant Services",100,100
blogs/tax-consultant-gulberg-3-lahore,blog,865,53,194,1,1,1,1,"Tax Consultant Services",100,100
blogs/tax-consultant-gulberg-4-lahore,blog,929,53,178,1,1,1,1,"Tax Consultant Services",100,100
blogs/tax-consultant-gulberg-5-lahore,blog,865,53,194,1,1,1,1,"Tax Consultant Services",100,100
blogs/tax-consultant-gulberg-faisalabad,blog,928,55,0,1,1,1,1,"Tax Consultant Services",100,80
blogs/tax-consultant-gulberg-green-lahore,blog,949,57,182,1,1,1,1,"Tax Consultant Services",100,100
blogs/tax-consultant-gulberg-greens-islamabad,blog,604,57,173,1,1,1,1,"Tax Consultant Services",93,100
blogs/tax-consultant-gulberg-iii-lahore,blog,747,52,166,1,1,1,1,"Tax Consultant Services",100,100
blogs/tax-consultant-gulberg-karachi,blog,850,57,198,1,1,1,1,"Tax Consultant Services",100,100
blogs/tax-consultant-gulberg-lahore,blog,950,42,165,1,1,1,1,"Tax Consultant Services",100,100
blogs/tax-consultant-gulberg-main-market-lahore,blog,968,59,188,1,1,1,1,"Tax Consultant Services",100,100
blogs/tax-consultant-gulberg-v-lahore,blog,732,50,164,1,1,1,1,"Tax Consultant Services",100,100
blogs/tax-consultant-gulberg-vi-lahore,blog,626,54,191,1,1,1,1,"Tax Consultant Services",93,100
blogs/tax-consultant-gulgasht-multan,blog,918,43,165,1,1,1,1,"Tax Consultant Services",100,100
blogs/tax-consultant-gulistan-colony-faisalabad,blog,936,54,149,1,1,1,1,"Tax Consultant Services",100,100
blogs/tax-consultant-gulistan-colony-lahore,blog,891,59,196,1,1,1,1,"Tax Consultant Services",100,100
blogs/tax-consultant-gulistan-e-johar-karachi,blog,919,52,147,1,1,1,1,"Tax Consultant Services",100,100
blogs/tax-consultant-gulistan-jauhar-karachi,blog,928,58,0,1,1,1,1,"Tax Consultant Services",100,80
blogs/tax-consultant-gulraiz-housing-islamabad,blog,936,53,148,1,1,1,1,"Tax Consultant Services",100,100
blogs/tax-consultant-gulshan-block-1-karachi,blog,850,56,0,1,1,1,1,"Tax Consultant Services",100,80
blogs/tax-consultant-gulshan-block-13-karachi,blog,534,52,165,1,1,1,1,"Tax Consultant Services",93,100
blogs/tax-consultant-gulshan-block-6-karachi,blog,526,51,165,1,1,1,1,"Tax Consultant Services",93,100
blogs/tax-consultant-gulshan-block-7-karachi,blog,526,51,165,1,1,1,1,"Tax Consultant Services",93,100
blogs/tax-consultant-gulshan-e-iqbal-karachi,blog,919,51,146,1,1,1,1,"Tax Consultant Services",100,100
blogs/tax-consultant-gulshan-e-lahore,blog,872,56,197,1,1,1,1,"Tax Consultant Services",100,100
blogs/tax-consultant-gulshan-e-maymar-karachi,blog,919,52,147,1,1,1,1,"Tax Consultant Services",100,100
blogs/tax-consultant-gulshan-e-ravi-lahore,blog,616,58,195,1,1,1,1,"Tax Consultant Services",93,100
blogs/tax-consultant-gulshan-iqbal-karachi,blog,928,56,0,1,1,1,1,"Tax Consultant Services",100,80
blogs/tax-consultant-gulshan-park-lahore,blog,952,56,181,1,1,1,1,"Tax Consultant Services",100,100
blogs/tax-consultant-gulshan-ravi-block-a-lahore,blog,890,55,0,1,1,1,1,"Tax Consultant Services",100,80
blogs/tax-consultant-gulshan-ravi-block-b-lahore,blog,890,55,0,1,1,1,1,"Tax Consultant Services",100,80
blogs/tax-consultant-gulshan-ravi-block-c-lahore,blog,890,55,0,1,1,1,1,"Tax Consultant Services",100,80
blogs/tax-consultant-gulshan-ravi-block-d-lahore,blog,890,55,0,1,1,1,1,"Tax Consultant Services",100,80
blogs/tax-consultant-gulshan-ravi-block-e-lahore,blog,951,55,191,1,1,1,1,"Tax Consultant Services",100,100
blogs/tax-consultant-gulshan-ravi-block-f-lahore,blog,951,55,191,1,1,1,1,"Tax Consultant Services",100,100
blogs/tax-consultant-gulshan-ravi-block-g-lahore,blog,650,58,0,1,1,1,1,"Tax Consultant Services",93,80
blogs/tax-consultant-gulshan-ravi-block-h-lahore,blog,650,58,0,1,1,1,1,"Tax Consultant Services",93,80
blogs/tax-consultant-gulshan-ravi-lahore-area,blog,970,47,142,1,1,1,1,"Tax Consultant Services",100,100
blogs/tax-consultant-gulzar-e-quaid-rawalpindi,blog,835,58,0,1,1,1,1,"Tax Consultant Services",100,80
blogs/tax-consultant-gunjmandi-rawalpindi,blog,519,48,165,1,1,1,1,"Tax Consultant Services",93,100
blogs/tax-consultant-gwadar,blog,822,54,183,1,1,1,1,"Tax Consultant Services",100,100
blogs/tax-consultant-gwadar-city,blog,917,54,165,1,1,1,1,"Tax Consultant Services",100,100
blogs/tax-consultant-h-10-islamabad,blog,917,42,165,1,1,1,1,"Tax Consultant Services",100,100
blogs/tax-consultant-h-11-islamabad,blog,518,42,165,1,1,1,1,"Tax Consultant Services",93,100
blogs/tax-consultant-h-12-islamabad,blog,589,58,163,1,1,1,1,"Tax Consultant Services",93,100
blogs/tax-consultant-h-13-islamabad,blog,589,58,163,1,1,1,1,"Tax Consultant Services",93,100
blogs/tax-consultant-h-14-islamabad,blog,589,58,163,1,1,1,1,"Tax Consultant Services",93,100
blogs/tax-consultant-h-15-islamabad,blog,589,58,163,1,1,1,1,"Tax Consultant Services",93,100
blogs/tax-consultant-h-8-islamabad,blog,917,41,165,1,1,1,1,"Tax Consultant Services",100,100
blogs/tax-consultant-h-9-islamabad,blog,917,41,165,1,1,1,1,"Tax Consultant Services",100,100
blogs/tax-consultant-h13-islamabad,blog,836,59,192,1,1,1,1,"Tax Consultant Services",100,100
blogs/tax-consultant-hafeezabad-multan,blog,519,45,165,1,1,1,1,"Tax Consultant Services",93,100
blogs/tax-consultant-hafizabad,blog,915,58,195,1,1,1,1,"Tax Consultant Services",100,100
blogs/tax-consultant-hafizabad-city,blog,917,57,165,1,1,1,1,"Tax Consultant Services",100,100
blogs/tax-consultant-hafizabad-city-centre,blog,526,49,165,1,1,1,1,"Tax Consultant Services",93,100
blogs/tax-consultant-hala,blog,701,45,160,1,1,1,1,"Tax Consultant Services",100,100
blogs/tax-consultant-hali-road-hyderabad,blog,530,47,165,1,1,1,1,"Tax Consultant Services",93,100
blogs/tax-consultant-hall-road-lahore,blog,891,53,190,1,1,1,1,"Tax Consultant Services",100,100
blogs/tax-consultant-hangu,blog,823,59,182,1,1,1,1,"Tax Consultant Services",100,100
blogs/tax-consultant-hangu-city,blog,917,53,165,1,1,1,1,"Tax Consultant Services",100,100
blogs/tax-consultant-hanjarwal-lahore,blog,873,53,190,1,1,1,1,"Tax Consultant Services",100,100
blogs/tax-consultant-harbanspura-lahore,blog,951,46,141,1,1,1,1,"Tax Consultant Services",100,100
blogs/tax-consultant-harbanspura-road-lahore,blog,632,56,197,1,1,1,1,"Tax Consultant Services",93,100
blogs/tax-consultant-haripur,blog,822,55,184,1,1,1,1,"Tax Consultant Services",100,100
blogs/tax-consultant-haripur-city,blog,917,55,165,1,1,1,1,"Tax Consultant Services",100,100
blogs/tax-consultant-harnai,blog,701,47,166,1,1,1,1,"Tax Consultant Services",100,100
blogs/tax-consultant-haroonabad,blog,701,51,171,1,1,1,1,"Tax Consultant Services",100,100
blogs/tax-consultant-hattian-bala,blog,716,53,164,1,1,1,1,"Tax Consultant Services",100,100
blogs/tax-consultant-haveli-lakha,blog,716,53,166,1,1,1,1,"Tax Consultant Services",100,100
blogs/tax-consultant-havelian,blog,822,56,185,1,1,1,1,"Tax Consultant Services",100,100
blogs/tax-consultant-hawkes-bay-karachi,blog,530,46,165,1,1,1,1,"Tax Consultant Services",93,100
blogs/tax-consultant-hayatabad-peshawar,blog,918,46,141,1,1,1,1,"Tax Consultant Services",100,100
blogs/tax-consultant-hazro,blog,701,46,160,1,1,1,1,"Tax Consultant Services",100,100
blogs/tax-consultant-hirabad-hyderabad,blog,918,45,140,1,1,1,1,"Tax Consultant Services",100,100
blogs/tax-consultant-houston-pakistanis,blog,978,54,165,1,1,1,1,"Tax Consultant Services",100,100
blogs/tax-consultant-hub,blog,823,57,180,1,1,1,1,"Tax Consultant Services",100,100
blogs/tax-consultant-hub-city,blog,917,51,165,1,1,1,1,"Tax Consultant Services",100,100
blogs/tax-consultant-humak-islamabad,blog,590,59,164,1,1,1,1,"Tax Consultant Services",93,100
blogs/tax-consultant-hunza,blog,823,59,182,1,1,1,1,"Tax Consultant Services",100,100
blogs/tax-consultant-hunza-city,blog,917,53,165,1,1,1,1,"Tax Consultant Services",100,100
blogs/tax-consultant-hussain-agahi-multan,blog,530,48,165,1,1,1,1,"Tax Consultant Services",93,100
blogs/tax-consultant-hussainabad-hyd-hyderabad,blog,520,49,165,1,1,1,1,"Tax Consultant Services",93,100
blogs/tax-consultant-hyderabad,blog,714,55,172,1,1,1,1,"Tax Consultant Services",100,100
blogs/tax-consultant-hyderabad-latifabad,blog,517,59,165,1,1,1,1,"Tax Consultant Services",93,100
blogs/tax-consultant-hyderabad-qasimabad,blog,517,59,165,1,1,1,1,"Tax Consultant Services",93,100
blogs/tax-consultant-hyderi-karachi,blog,702,47,162,1,1,1,1,"Tax Consultant Services",100,100
blogs/tax-consultant-i-10-islamabad,blog,917,42,165,1,1,1,1,"Tax Consultant Services",100,100
blogs/tax-consultant-i-11-islamabad,blog,518,42,165,1,1,1,1,"Tax Consultant Services",93,100
blogs/tax-consultant-i-12-islamabad,blog,518,42,165,1,1,1,1,"Tax Consultant Services",93,100
blogs/tax-consultant-i-13-islamabad,blog,589,58,163,1,1,1,1,"Tax Consultant Services",93,100
blogs/tax-consultant-i-14-islamabad,blog,518,42,165,1,1,1,1,"Tax Consultant Services",93,100
blogs/tax-consultant-i-15-islamabad,blog,518,42,165,1,1,1,1,"Tax Consultant Services",93,100
blogs/tax-consultant-i-16-islamabad,blog,518,42,165,1,1,1,1,"Tax Consultant Services",93,100
blogs/tax-consultant-i-8-islamabad,blog,917,41,165,1,1,1,1,"Tax Consultant Services",100,100
blogs/tax-consultant-i-9-islamabad,blog,917,41,165,1,1,1,1,"Tax Consultant Services",100,100
blogs/tax-consultant-i10-islamabad,blog,836,59,192,1,1,1,1,"Tax Consultant Services",100,100
blogs/tax-consultant-i14-islamabad,blog,836,59,192,1,1,1,1,"Tax Consultant Services",100,100
blogs/tax-consultant-i8-islamabad,blog,928,58,200,1,1,1,1,"Tax Consultant Services",100,100
blogs/tax-consultant-ibrahim-hyderi-karachi,blog,717,55,170,1,1,1,1,"Tax Consultant Services",100,100
blogs/tax-consultant-ichhra-lahore,blog,962,58,200,1,1,1,1,"Tax Consultant Services",100,100
blogs/tax-consultant-ichra-lahore,blog,953,60,164,1,1,1,1,"Tax Consultant Services",100,100
blogs/tax-consultant-importers-pakistan-2026,blog,517,57,146,1,1,1,1,"Tax Consultant Services",93,100
blogs/tax-consultant-industrial-estate-faisalabad,blog,530,56,165,1,1,1,1,"Tax Consultant Services",93,100
blogs/tax-consultant-iqbal-avenue-lahore,blog,952,56,181,1,1,1,1,"Tax Consultant Services",100,100
blogs/tax-consultant-iqbal-park-lahore,blog,891,54,191,1,1,1,1,"Tax Consultant Services",100,100
blogs/tax-consultant-iqbal-town-block-a-lahore,blog,910,58,199,1,1,1,1,"Tax Consultant Services",100,100
blogs/tax-consultant-iqbal-town-block-b-lahore,blog,910,58,199,1,1,1,1,"Tax Consultant Services",100,100
blogs/tax-consultant-iqbal-town-block-c-lahore,blog,910,58,199,1,1,1,1,"Tax Consultant Services",100,100
blogs/tax-consultant-iqbal-town-block-j-lahore,blog,910,58,199,1,1,1,1,"Tax Consultant Services",100,100
blogs/tax-consultant-iqbal-town-lahore,blog,979,54,0,1,1,1,1,"Tax Consultant Services",100,80
blogs/tax-consultant-iqbal-town-sialkot,blog,530,46,165,1,1,1,1,"Tax Consultant Services",93,100
blogs/tax-consultant-isa-khel,blog,843,56,185,1,1,1,1,"Tax Consultant Services",100,100
blogs/tax-consultant-islamabad,blog,774,57,167,1,1,1,1,"Tax Consultant Services",100,100
blogs/tax-consultant-islamia-park-lahore,blog,952,56,181,1,1,1,1,"Tax Consultant Services",100,100
blogs/tax-consultant-islampura-lahore,blog,932,53,178,1,1,1,1,"Tax Consultant Services",100,100
blogs/tax-consultant-jacobabad,blog,822,57,186,1,1,1,1,"Tax Consultant Services",100,100
blogs/tax-consultant-jacobabad-city,blog,917,57,165,1,1,1,1,"Tax Consultant Services",100,100
blogs/tax-consultant-jaffarabad-balochistan,blog,702,51,170,1,1,1,1,"Tax Consultant Services",100,100
blogs/tax-consultant-jail-road-lahore,blog,952,53,178,1,1,1,1,"Tax Consultant Services",100,100
blogs/tax-consultant-jalalpur-pirwala,blog,716,57,171,1,1,1,1,"Tax Consultant Services",100,100
blogs/tax-consultant-jamrud-road-peshawar,blog,530,48,165,1,1,1,1,"Tax Consultant Services",93,100
blogs/tax-consultant-jamshoro,blog,701,49,162,1,1,1,1,"Tax Consultant Services",100,100
blogs/tax-consultant-jaranwala,blog,701,50,168,1,1,1,1,"Tax Consultant Services",100,100
blogs/tax-consultant-jasmine-block-bahria-lahore,blog,926,58,0,1,1,1,1,"Tax Consultant Services",100,80
blogs/tax-consultant-jasmine-garden-lahore,blog,633,58,195,1,1,1,1,"Tax Consultant Services",93,100
blogs/tax-consultant-jhang,blog,915,54,191,1,1,1,1,"Tax Consultant Services",100,100
blogs/tax-consultant-jhang-city,blog,917,53,165,1,1,1,1,"Tax Consultant Services",100,100
blogs/tax-consultant-jhang-city-centre,blog,614,45,165,1,1,1,1,"Tax Consultant Services",93,100
blogs/tax-consultant-jhelum,blog,915,55,192,1,1,1,1,"Tax Consultant Services",100,100
blogs/tax-consultant-jhelum-city,blog,917,54,165,1,1,1,1,"Tax Consultant Services",100,100
blogs/tax-consultant-jhelum-city-centre,blog,526,46,165,1,1,1,1,"Tax Consultant Services",93,100
blogs/tax-consultant-jinnah-colony-faisalabad,blog,850,57,0,1,1,1,1,"Tax Consultant Services",100,80
blogs/tax-consultant-jinnah-colony-gujranwala,blog,530,52,165,1,1,1,1,"Tax Consultant Services",93,100
blogs/tax-consultant-jinnah-super-islamabad,blog,608,55,178,1,1,1,1,"Tax Consultant Services",93,100
blogs/tax-consultant-jinnah-town-quetta,blog,936,46,141,1,1,1,1,"Tax Consultant Services",100,100
blogs/tax-consultant-johar-mor-karachi,blog,936,45,140,1,1,1,1,"Tax Consultant Services",100,100
blogs/tax-consultant-johar-town-block-a-lahore,blog,975,58,187,1,1,1,1,"Tax Consultant Services",100,100
blogs/tax-consultant-johar-town-block-b-lahore,blog,975,58,187,1,1,1,1,"Tax Consultant Services",100,100
blogs/tax-consultant-johar-town-block-c-lahore,blog,975,58,187,1,1,1,1,"Tax Consultant Services",100,100
blogs/tax-consultant-johar-town-block-d-lahore,blog,975,58,187,1,1,1,1,"Tax Consultant Services",100,100
blogs/tax-consultant-johar-town-block-e1-lahore,blog,924,59,200,1,1,1,1,"Tax Consultant Services",100,100
blogs/tax-consultant-johar-town-block-e2-lahore,blog,924,59,200,1,1,1,1,"Tax Consultant Services",100,100
blogs/tax-consultant-johar-town-block-g-lahore,blog,975,58,187,1,1,1,1,"Tax Consultant Services",100,100
blogs/tax-consultant-johar-town-block-k-lahore,blog,975,58,187,1,1,1,1,"Tax Consultant Services",100,100
blogs/tax-consultant-johar-town-block-l-lahore,blog,975,58,187,1,1,1,1,"Tax Consultant Services",100,100
blogs/tax-consultant-johar-town-f-block-lahore,blog,650,58,199,1,1,1,1,"Tax Consultant Services",93,100
blogs/tax-consultant-johar-town-h1-lahore,blog,907,57,194,1,1,1,1,"Tax Consultant Services",100,100
blogs/tax-consultant-johar-town-h2-lahore,blog,907,57,194,1,1,1,1,"Tax Consultant Services",100,100
blogs/tax-consultant-johar-town-h3-lahore,blog,563,44,165,1,1,1,1,"Tax Consultant Services",93,100
blogs/tax-consultant-johar-town-h4-lahore,blog,967,57,182,1,1,1,1,"Tax Consultant Services",100,100
blogs/tax-consultant-johar-town-j1-lahore,blog,907,57,194,1,1,1,1,"Tax Consultant Services",100,100
blogs/tax-consultant-johar-town-j2-lahore,blog,563,44,165,1,1,1,1,"Tax Consultant Services",93,100
blogs/tax-consultant-johar-town-j3-lahore,blog,563,44,165,1,1,1,1,"Tax Consultant Services",93,100
blogs/tax-consultant-johar-town-j4-lahore,blog,907,57,194,1,1,1,1,"Tax Consultant Services",100,100
blogs/tax-consultant-johar-town-j5-lahore,blog,967,57,182,1,1,1,1,"Tax Consultant Services",100,100
blogs/tax-consultant-johar-town-lahore-area,blog,972,57,140,1,1,1,1,"Tax Consultant Services",100,100
blogs/tax-consultant-johar-town-p-block-lahore,blog,650,58,199,1,1,1,1,"Tax Consultant Services",93,100
blogs/tax-consultant-johar-town-phase-1-lahore,blog,903,58,0,1,1,1,1,"Tax Consultant Services",100,80
blogs/tax-consultant-johar-town-phase-2-lahore,blog,903,58,0,1,1,1,1,"Tax Consultant Services",100,80
blogs/tax-consultant-johar-town-phase-3-lahore,blog,912,58,199,1,1,1,1,"Tax Consultant Services",100,100
blogs/tax-consultant-johar-town-q-block-lahore,blog,650,58,199,1,1,1,1,"Tax Consultant Services",93,100
blogs/tax-consultant-joharabad,blog,822,57,186,1,1,1,1,"Tax Consultant Services",100,100
blogs/tax-consultant-jubilee-town-lahore,blog,952,56,181,1,1,1,1,"Tax Consultant Services",100,100
blogs/tax-consultant-kabirwala,blog,701,50,166,1,1,1,1,"Tax Consultant Services",100,100
blogs/tax-consultant-kahna-lahore,blog,869,57,190,1,1,1,1,"Tax Consultant Services",100,100
blogs/tax-consultant-kahuta-rawalpindi,blog,702,47,165,1,1,1,1,"Tax Consultant Services",100,100
blogs/tax-consultant-kala-shah-kaku,blog,731,55,174,1,1,1,1,"Tax Consultant Services",100,100
blogs/tax-consultant-kala-shah-kaku-lahore,blog,909,58,195,1,1,1,1,"Tax Consultant Services",100,100
blogs/tax-consultant-kalat,blog,701,46,165,1,1,1,1,"Tax Consultant Services",100,100
blogs/tax-consultant-kallar-syedan-rawalpindi,blog,530,52,165,1,1,1,1,"Tax Consultant Services",93,100
blogs/tax-consultant-kalur-kot,blog,843,57,186,1,1,1,1,"Tax Consultant Services",100,100
blogs/tax-consultant-kamahan-lahore,blog,874,59,188,1,1,1,1,"Tax Consultant Services",100,100
blogs/tax-consultant-kamahan-road-lahore,blog,633,56,193,1,1,1,1,"Tax Consultant Services",93,100
blogs/tax-consultant-kamalia,blog,705,48,170,1,1,1,1,"Tax Consultant Services",100,100
blogs/tax-consultant-kamalia-city,blog,622,50,165,1,1,1,1,"Tax Consultant Services",93,100
blogs/tax-consultant-kamoke,blog,701,47,165,1,1,1,1,"Tax Consultant Services",100,100
blogs/tax-consultant-kamoke-road-gwl-gujranwala,blog,531,50,165,1,1,1,1,"Tax Consultant Services",93,100
blogs/tax-consultant-kamonke,blog,822,55,184,1,1,1,1,"Tax Consultant Services",100,100
blogs/tax-consultant-kandhkot,blog,701,49,165,1,1,1,1,"Tax Consultant Services",100,100
blogs/tax-consultant-karachi,blog,689,55,156,1,1,1,1,"Tax Consultant Services",93,100
blogs/tax-consultant-karak,blog,823,59,182,1,1,1,1,"Tax Consultant Services",100,100
blogs/tax-consultant-karak-city,blog,917,53,165,1,1,1,1,"Tax Consultant Services",100,100
blogs/tax-consultant-karim-block-lahore,blog,884,55,196,1,1,1,1,"Tax Consultant Services",100,100
blogs/tax-consultant-kashmiri-gate-lahore,blog,952,57,182,1,1,1,1,"Tax Consultant Services",100,100
blogs/tax-consultant-kashmor,blog,822,55,184,1,1,1,1,"Tax Consultant Services",100,100
blogs/tax-consultant-kashmore,blog,701,49,162,1,1,1,1,"Tax Consultant Services",100,100
blogs/tax-consultant-kasur,blog,915,54,191,1,1,1,1,"Tax Consultant Services",100,100
blogs/tax-consultant-kasur-city,blog,917,53,165,1,1,1,1,"Tax Consultant Services",100,100
blogs/tax-consultant-kasur-city-centre,blog,526,45,165,1,1,1,1,"Tax Consultant Services",93,100
blogs/tax-consultant-katchery-road-faisalabad,blog,530,52,165,1,1,1,1,"Tax Consultant Services",93,100
blogs/tax-consultant-keamari-karachi,blog,835,52,193,1,1,1,1,"Tax Consultant Services",100,100
blogs/tax-consultant-kemari-karachi,blog,918,42,165,1,1,1,1,"Tax Consultant Services",100,100
blogs/tax-consultant-khairpur,blog,822,56,185,1,1,1,1,"Tax Consultant Services",100,100
blogs/tax-consultant-khairpur-city,blog,917,56,165,1,1,1,1,"Tax Consultant Services",100,100
blogs/tax-consultant-khanewal,blog,915,57,194,1,1,1,1,"Tax Consultant Services",100,100
blogs/tax-consultant-khanewal-city,blog,917,56,165,1,1,1,1,"Tax Consultant Services",100,100
blogs/tax-consultant-khanewal-road-multan,blog,717,54,168,1,1,1,1,"Tax Consultant Services",100,100
blogs/tax-consultant-khanpur,blog,822,55,184,1,1,1,1,"Tax Consultant Services",100,100
blogs/tax-consultant-khanpur-ryk,blog,706,48,170,1,1,1,1,"Tax Consultant Services",100,100
blogs/tax-consultant-kharadar-karachi,blog,702,49,164,1,1,1,1,"Tax Consultant Services",100,100
blogs/tax-consultant-kharan-city,blog,917,54,165,1,1,1,1,"Tax Consultant Services",100,100
blogs/tax-consultant-kharian,blog,701,48,162,1,1,1,1,"Tax Consultant Services",100,100
blogs/tax-consultant-khayaban-e-amin-lahore,blog,874,59,196,1,1,1,1,"Tax Consultant Services",100,100
blogs/tax-consultant-khayaban-e-iqbal-islamabad,blog,520,54,165,1,1,1,1,"Tax Consultant Services",93,100
blogs/tax-consultant-khayaban-e-jinnah-lahore,blog,950,55,191,1,1,1,1,"Tax Consultant Services",100,100
blogs/tax-consultant-khayaban-e-mujahid-lahore,blog,615,58,199,1,1,1,1,"Tax Consultant Services",93,100
blogs/tax-consultant-khayaban-e-rahat-lahore,blog,615,56,197,1,1,1,1,"Tax Consultant Services",93,100
blogs/tax-consultant-khayaban-e-sir-syed-lahore,blog,952,59,188,1,1,1,1,"Tax Consultant Services",100,100
blogs/tax-consultant-khiali-gujranwala,blog,519,45,165,1,1,1,1,"Tax Consultant Services",93,100
blogs/tax-consultant-khushab,blog,822,55,184,1,1,1,1,"Tax Consultant Services",100,100
blogs/tax-consultant-khushab-city,blog,917,55,165,1,1,1,1,"Tax Consultant Services",100,100
blogs/tax-consultant-khuzdar,blog,822,55,184,1,1,1,1,"Tax Consultant Services",100,100
blogs/tax-consultant-khuzdar-city,blog,917,55,165,1,1,1,1,"Tax Consultant Services",100,100
blogs/tax-consultant-kirani-road-quetta,blog,530,46,165,1,1,1,1,"Tax Consultant Services",93,100
blogs/tax-consultant-kohat,blog,915,54,191,1,1,1,1,"Tax Consultant Services",100,100
blogs/tax-consultant-kohat-city,blog,917,53,165,1,1,1,1,"Tax Consultant Services",100,100
blogs/tax-consultant-kohat-road-psh-peshawar,blog,531,47,165,1,1,1,1,"Tax Consultant Services",93,100
blogs/tax-consultant-kohat-road-rwp-rawalpindi,blog,531,49,165,1,1,1,1,"Tax Consultant Services",93,100
blogs/tax-consultant-kohinoor-city-faisalabad,blog,850,57,0,1,1,1,1,"Tax Consultant Services",100,80
blogs/tax-consultant-kohsar-market-islamabad,blog,604,56,172,1,1,1,1,"Tax Consultant Services",93,100
blogs/tax-consultant-koral-town-islamabad,blog,936,48,143,1,1,1,1,"Tax Consultant Services",100,100
blogs/tax-consultant-korangi-industrial-karachi,blog,730,59,179,1,1,1,1,"Tax Consultant Services",100,100
blogs/tax-consultant-korangi-karachi,blog,918,43,165,1,1,1,1,"Tax Consultant Services",100,100
blogs/tax-consultant-korangi-township-karachi,blog,530,52,165,1,1,1,1,"Tax Consultant Services",93,100
blogs/tax-consultant-kot-abdul-malik-lahore,blog,909,59,196,1,1,1,1,"Tax Consultant Services",100,100
blogs/tax-consultant-kot-addu,blog,619,49,165,1,1,1,1,"Tax Consultant Services",93,100
blogs/tax-consultant-kot-khawaja-lahore,blog,649,57,198,1,1,1,1,"Tax Consultant Services",93,100
blogs/tax-consultant-kot-khawaja-saeed-lahore,blog,908,57,198,1,1,1,1,"Tax Consultant Services",100,100
blogs/tax-consultant-kot-lakhpat-industrial-lahore,blog,923,53,0,1,1,1,1,"Tax Consultant Services",100,80
blogs/tax-consultant-kot-lakhpat-lahore,blog,969,46,141,1,1,1,1,"Tax Consultant Services",100,100
blogs/tax-consultant-kot-momin,blog,843,57,186,1,1,1,1,"Tax Consultant Services",100,100
blogs/tax-consultant-kot-radha-kishan,blog,862,52,193,1,1,1,1,"Tax Consultant Services",100,100
blogs/tax-consultant-kotli,blog,823,59,182,1,1,1,1,"Tax Consultant Services",100,100
blogs/tax-consultant-kotli-city,blog,917,53,165,1,1,1,1,"Tax Consultant Services",100,100
blogs/tax-consultant-kotri,blog,701,46,162,1,1,1,1,"Tax Consultant Services",100,100
blogs/tax-consultant-krishan-nagar-lahore,blog,969,48,143,1,1,1,1,"Tax Consultant Services",100,100
blogs/tax-consultant-kuchlak-road-quetta,blog,530,47,165,1,1,1,1,"Tax Consultant Services",93,100
blogs/tax-consultant-kunjah,blog,822,54,183,1,1,1,1,"Tax Consultant Services",100,100
blogs/tax-consultant-lahore,blog,1217,54,158,1,1,1,1,"Tax Consultant Services",100,100
blogs/tax-consultant-lahore-smart-city,blog,970,57,186,1,1,1,1,"Tax Consultant Services",100,100
blogs/tax-consultant-lahori-gate-lahore,blog,891,55,192,1,1,1,1,"Tax Consultant Services",100,100
blogs/tax-consultant-lake-city-lahore,blog,891,53,190,1,1,1,1,"Tax Consultant Services",100,100
blogs/tax-consultant-lakki-marwat,blog,842,56,189,1,1,1,1,"Tax Consultant Services",100,100
blogs/tax-consultant-lakki-marwat-city,blog,941,60,164,1,1,1,1,"Tax Consultant Services",100,100
blogs/tax-consultant-lakshmi-chowk-lahore,blog,884,57,198,1,1,1,1,"Tax Consultant Services",100,100
blogs/tax-consultant-lalamusa,blog,701,49,163,1,1,1,1,"Tax Consultant Services",100,100
blogs/tax-consultant-landhi-industrial-karachi,blog,953,58,153,1,1,1,1,"Tax Consultant Services",100,100
blogs/tax-consultant-landhi-karachi,blog,918,42,165,1,1,1,1,"Tax Consultant Services",100,100
blogs/tax-consultant-larkana,blog,915,56,193,1,1,1,1,"Tax Consultant Services",100,100
blogs/tax-consultant-larkana-city,blog,935,47,142,1,1,1,1,"Tax Consultant Services",100,100
blogs/tax-consultant-lasbela,blog,701,48,167,1,1,1,1,"Tax Consultant Services",100,100
blogs/tax-consultant-latifabad-hyderabad,blog,918,47,142,1,1,1,1,"Tax Consultant Services",100,100
blogs/tax-consultant-lawrence-road-lahore,blog,952,57,182,1,1,1,1,"Tax Consultant Services",100,100
blogs/tax-consultant-lawyers-pakistan,blog,765,43,180,1,1,1,1,"Tax Consultant Services",100,100
blogs/tax-consultant-layyah,blog,915,55,192,1,1,1,1,"Tax Consultant Services",100,100
blogs/tax-consultant-layyah-city,blog,917,54,165,1,1,1,1,"Tax Consultant Services",100,100
blogs/tax-consultant-layyah-city-centre,blog,614,46,165,1,1,1,1,"Tax Consultant Services",93,100
blogs/tax-consultant-lda-avenue-1-lahore,blog,633,56,193,1,1,1,1,"Tax Consultant Services",93,100
blogs/tax-consultant-lda-avenue-2-lahore,blog,633,56,193,1,1,1,1,"Tax Consultant Services",93,100
blogs/tax-consultant-lda-avenue-lahore,blog,563,45,165,1,1,1,1,"Tax Consultant Services",93,100
blogs/tax-consultant-leeds-pakistanis,blog,972,51,164,1,1,1,1,"Tax Consultant Services",100,100
blogs/tax-consultant-liaquat-bagh-rawalpindi,blog,530,51,165,1,1,1,1,"Tax Consultant Services",93,100
blogs/tax-consultant-liaquat-colony-lahore,blog,891,58,195,1,1,1,1,"Tax Consultant Services",100,100
blogs/tax-consultant-liaquatabad-karachi,blog,918,47,142,1,1,1,1,"Tax Consultant Services",100,100
blogs/tax-consultant-liaquatpur,blog,705,51,173,1,1,1,1,"Tax Consultant Services",100,100
blogs/tax-consultant-liberty-chowk-lahore,blog,952,57,182,1,1,1,1,"Tax Consultant Services",100,100
blogs/tax-consultant-liberty-market-lahore,blog,750,55,169,1,1,1,1,"Tax Consultant Services",100,100
blogs/tax-consultant-link-road-lahore,blog,891,53,190,1,1,1,1,"Tax Consultant Services",100,100
blogs/tax-consultant-lodhran,blog,915,56,193,1,1,1,1,"Tax Consultant Services",100,100
blogs/tax-consultant-lodhran-city,blog,917,55,165,1,1,1,1,"Tax Consultant Services",100,100
blogs/tax-consultant-lohari-gate-lahore,blog,891,55,192,1,1,1,1,"Tax Consultant Services",100,100
blogs/tax-consultant-london-east-pakistanis,blog,997,57,141,1,1,1,1,"Tax Consultant Services",100,100
blogs/tax-consultant-loralai,blog,822,55,184,1,1,1,1,"Tax Consultant Services",100,100
blogs/tax-consultant-loralai-city,blog,917,55,165,1,1,1,1,"Tax Consultant Services",100,100
blogs/tax-consultant-los-angeles-pakistanis,blog,1000,58,142,1,1,1,1,"Tax Consultant Services",100,100
blogs/tax-consultant-low-income-scheme-multan,blog,974,59,0,1,1,1,1,"Tax Consultant Services",100,80
blogs/tax-consultant-lower-dir,blog,716,50,161,1,1,1,1,"Tax Consultant Services",100,100
blogs/tax-consultant-lower-haripur-abbottabad,blog,936,52,147,1,1,1,1,"Tax Consultant Services",100,100
blogs/tax-consultant-luton-pakistanis,blog,975,51,164,1,1,1,1,"Tax Consultant Services",100,100
blogs/tax-consultant-lyari-karachi,blog,918,41,165,1,1,1,1,"Tax Consultant Services",100,100
blogs/tax-consultant-madina-town-faisalabad,blog,936,50,145,1,1,1,1,"Tax Consultant Services",100,100
blogs/tax-consultant-mailsi,blog,701,47,161,1,1,1,1,"Tax Consultant Services",100,100
blogs/tax-consultant-main-boulevard-gulberg-lahore,blog,904,55,0,1,1,1,1,"Tax Consultant Services",100,80
blogs/tax-consultant-main-boulevard-lahore,blog,891,58,195,1,1,1,1,"Tax Consultant Services",100,100
blogs/tax-consultant-malakand,blog,822,56,185,1,1,1,1,"Tax Consultant Services",100,100
blogs/tax-consultant-malakand-city,blog,702,49,160,1,1,1,1,"Tax Consultant Services",100,100
blogs/tax-consultant-malakwal,blog,703,49,172,1,1,1,1,"Tax Consultant Services",100,100
blogs/tax-consultant-malikwal,blog,822,56,185,1,1,1,1,"Tax Consultant Services",100,100
blogs/tax-consultant-malir-city-karachi,blog,936,46,141,1,1,1,1,"Tax Consultant Services",100,100
blogs/tax-consultant-malir-halt-karachi,blog,717,51,166,1,1,1,1,"Tax Consultant Services",100,100
blogs/tax-consultant-malir-karachi,blog,918,41,165,1,1,1,1,"Tax Consultant Services",100,100
blogs/tax-consultant-mall-road-lahore,blog,977,53,0,1,1,1,1,"Tax Consultant Services",100,80
blogs/tax-consultant-manchester-pakistanis,blog,972,56,140,1,1,1,1,"Tax Consultant Services",100,100
blogs/tax-consultant-mandi-bahauddin,blog,935,59,0,1,1,1,1,"Tax Consultant Services",100,80
blogs/tax-consultant-mandi-bahauddin-city,blog,939,43,165,1,1,1,1,"Tax Consultant Services",100,100
blogs/tax-consultant-manga-mandi-lahore,blog,969,46,141,1,1,1,1,"Tax Consultant Services",100,100
blogs/tax-consultant-manga-road-lahore,blog,952,54,179,1,1,1,1,"Tax Consultant Services",100,100
blogs/tax-consultant-manghopir-karachi,blog,918,45,140,1,1,1,1,"Tax Consultant Services",100,100
blogs/tax-consultant-mankera,blog,822,55,184,1,1,1,1,"Tax Consultant Services",100,100
blogs/tax-consultant-mansehra,blog,915,57,194,1,1,1,1,"Tax Consultant Services",100,100
blogs/tax-consultant-mansehra-city,blog,917,56,165,1,1,1,1,"Tax Consultant Services",100,100
blogs/tax-consultant-mardan,blog,915,55,192,1,1,1,1,"Tax Consultant Services",100,100
blogs/tax-consultant-mardan-cantt,blog,920,60,164,1,1,1,1,"Tax Consultant Services",100,100
blogs/tax-consultant-mardan-city,blog,937,52,141,1,1,1,1,"Tax Consultant Services",100,100
blogs/tax-consultant-mardan-city-centre,blog,530,46,165,1,1,1,1,"Tax Consultant Services",93,100
blogs/tax-consultant-mardan-industrial-estate,blog,526,52,165,1,1,1,1,"Tax Consultant Services",93,100
blogs/tax-consultant-margalla-hills-islamabad,blog,864,55,0,1,1,1,1,"Tax Consultant Services",100,80
blogs/tax-consultant-margalla-town-islamabad,blog,936,51,146,1,1,1,1,"Tax Consultant Services",100,100
blogs/tax-consultant-maripur-karachi,blog,515,43,165,1,1,1,1,"Tax Consultant Services",93,100
blogs/tax-consultant-market-quarter-hyderabad,blog,530,52,165,1,1,1,1,"Tax Consultant Services",93,100
blogs/tax-consultant-mastung,blog,701,48,162,1,1,1,1,"Tax Consultant Services",100,100
blogs/tax-consultant-matiari,blog,822,55,184,1,1,1,1,"Tax Consultant Services",100,100
blogs/tax-consultant-matiari-city,blog,917,55,165,1,1,1,1,"Tax Consultant Services",100,100
blogs/tax-consultant-mattni-peshawar,blog,519,43,165,1,1,1,1,"Tax Consultant Services",93,100
blogs/tax-consultant-mauripur-karachi,blog,835,53,194,1,1,1,1,"Tax Consultant Services",100,100
blogs/tax-consultant-mcleod-road-lahore,blog,891,55,192,1,1,1,1,"Tax Consultant Services",100,100
blogs/tax-consultant-mda-chowk-multan,blog,530,44,165,1,1,1,1,"Tax Consultant Services",93,100
blogs/tax-consultant-media-town-islamabad,blog,530,48,165,1,1,1,1,"Tax Consultant Services",93,100
blogs/tax-consultant-medical-housing-society-lahore,blog,907,56,0,1,1,1,1,"Tax Consultant Services",100,80
blogs/tax-consultant-mehmoodabad-karachi,blog,702,52,167,1,1,1,1,"Tax Consultant Services",100,100
blogs/tax-consultant-mehrabpur,blog,703,50,174,1,1,1,1,"Tax Consultant Services",100,100
blogs/tax-consultant-melbourne-pakistanis,blog,974,59,146,1,1,1,1,"Tax Consultant Services",100,100
blogs/tax-consultant-mian-channu,blog,716,52,168,1,1,1,1,"Tax Consultant Services",100,100
blogs/tax-consultant-mian-channu-city,blog,620,48,165,1,1,1,1,"Tax Consultant Services",93,100
blogs/tax-consultant-mianwali,blog,915,57,194,1,1,1,1,"Tax Consultant Services",100,100
blogs/tax-consultant-millat-road-faisalabad,blog,851,59,200,1,1,1,1,"Tax Consultant Services",100,100
blogs/tax-consultant-millat-town-faisalabad,blog,717,52,170,1,1,1,1,"Tax Consultant Services",100,100
blogs/tax-consultant-mingora-swat,blog,952,52,147,1,1,1,1,"Tax Consultant Services",100,100
blogs/tax-consultant-minhaj-town-lahore,blog,891,55,192,1,1,1,1,"Tax Consultant Services",100,100
blogs/tax-consultant-mirpur-ajk,blog,916,55,192,1,1,1,1,"Tax Consultant Services",100,100
blogs/tax-consultant-mirpur-ajk-city,blog,945,50,145,1,1,1,1,"Tax Consultant Services",100,100
blogs/tax-consultant-mirpur-mathelo,blog,716,55,169,1,1,1,1,"Tax Consultant Services",100,100
blogs/tax-consultant-mirpurkhas,blog,934,55,197,1,1,1,1,"Tax Consultant Services",100,100
blogs/tax-consultant-mirpurkhas-city,blog,917,58,165,1,1,1,1,"Tax Consultant Services",100,100
blogs/tax-consultant-mississauga-pakistanis,blog,979,58,145,1,1,1,1,"Tax Consultant Services",100,100
blogs/tax-consultant-mm-alam-road-lahore,blog,905,58,195,1,1,1,1,"Tax Consultant Services",100,100
blogs/tax-consultant-mochi-gate-lahore,blog,952,54,179,1,1,1,1,"Tax Consultant Services",100,100
blogs/tax-consultant-model-colony-karachi,blog,936,48,143,1,1,1,1,"Tax Consultant Services",100,100
blogs/tax-consultant-model-town-a-lahore,blog,909,58,199,1,1,1,1,"Tax Consultant Services",100,100
blogs/tax-consultant-model-town-b-lahore,blog,909,58,199,1,1,1,1,"Tax Consultant Services",100,100
blogs/tax-consultant-model-town-bahawalpur,blog,936,49,144,1,1,1,1,"Tax Consultant Services",100,100
blogs/tax-consultant-model-town-block-d-lahore,blog,972,58,187,1,1,1,1,"Tax Consultant Services",100,100
blogs/tax-consultant-model-town-block-e-lahore,blog,972,58,187,1,1,1,1,"Tax Consultant Services",100,100
blogs/tax-consultant-model-town-block-f-lahore,blog,972,58,187,1,1,1,1,"Tax Consultant Services",100,100
blogs/tax-consultant-model-town-block-g-lahore,blog,972,58,187,1,1,1,1,"Tax Consultant Services",100,100
blogs/tax-consultant-model-town-block-h-lahore,blog,972,58,187,1,1,1,1,"Tax Consultant Services",100,100
blogs/tax-consultant-model-town-block-i-lahore,blog,972,58,187,1,1,1,1,"Tax Consultant Services",100,100
blogs/tax-consultant-model-town-block-j-lahore,blog,972,58,187,1,1,1,1,"Tax Consultant Services",100,100
blogs/tax-consultant-model-town-block-k-lahore,blog,972,58,187,1,1,1,1,"Tax Consultant Services",100,100
blogs/tax-consultant-model-town-block-l-lahore,blog,972,58,187,1,1,1,1,"Tax Consultant Services",100,100
blogs/tax-consultant-model-town-block-m-lahore,blog,650,58,199,1,1,1,1,"Tax Consultant Services",93,100
blogs/tax-consultant-model-town-block-n-lahore,blog,650,58,199,1,1,1,1,"Tax Consultant Services",93,100
blogs/tax-consultant-model-town-c-lahore,blog,909,58,199,1,1,1,1,"Tax Consultant Services",100,100
blogs/tax-consultant-model-town-commercial-lahore,blog,989,54,197,1,1,1,1,"Tax Consultant Services",100,100
blogs/tax-consultant-model-town-extension-lahore,blog,909,58,0,1,1,1,1,"Tax Consultant Services",100,80
blogs/tax-consultant-model-town-gujranwala,blog,936,49,144,1,1,1,1,"Tax Consultant Services",100,100
blogs/tax-consultant-mori-gate-lahore,blog,952,53,178,1,1,1,1,"Tax Consultant Services",100,100
blogs/tax-consultant-moro,blog,703,45,169,1,1,1,1,"Tax Consultant Services",100,100
blogs/tax-consultant-mozang-lahore,blog,951,41,165,1,1,1,1,"Tax Consultant Services",100,100
blogs/tax-consultant-mughalpura-lahore,blog,951,45,140,1,1,1,1,"Tax Consultant Services",100,100
blogs/tax-consultant-multan,blog,743,54,170,1,1,1,1,"Tax Consultant Services",100,100
blogs/tax-consultant-multan-garden-town-multan,blog,531,46,165,1,1,1,1,"Tax Consultant Services",93,100
blogs/tax-consultant-multan-nishatabad-multan,blog,520,45,165,1,1,1,1,"Tax Consultant Services",93,100
blogs/tax-consultant-multan-road-lahore,blog,891,55,192,1,1,1,1,"Tax Consultant Services",100,100
blogs/tax-consultant-multan-road-q-block-lahore,blog,650,59,200,1,1,1,1,"Tax Consultant Services",93,100
blogs/tax-consultant-muridke,blog,701,48,167,1,1,1,1,"Tax Consultant Services",100,100
blogs/tax-consultant-muridke-lahore,blog,874,59,188,1,1,1,1,"Tax Consultant Services",100,100
blogs/tax-consultant-murree,blog,701,47,165,1,1,1,1,"Tax Consultant Services",100,100
blogs/tax-consultant-murree-road-rawalpindi,blog,530,50,165,1,1,1,1,"Tax Consultant Services",93,100
blogs/tax-consultant-muslim-park-lahore,blog,891,55,192,1,1,1,1,"Tax Consultant Services",100,100
blogs/tax-consultant-muslim-town-lahore,blog,563,46,165,1,1,1,1,"Tax Consultant Services",93,100
blogs/tax-consultant-mustafa-town-lahore,blog,970,47,142,1,1,1,1,"Tax Consultant Services",100,100
blogs/tax-consultant-muzaffarabad,blog,914,56,198,1,1,1,1,"Tax Consultant Services",100,100
blogs/tax-consultant-muzaffarabad-city,blog,935,52,147,1,1,1,1,"Tax Consultant Services",100,100
blogs/tax-consultant-muzaffargarh,blog,914,56,198,1,1,1,1,"Tax Consultant Services",100,100
blogs/tax-consultant-muzaffargarh-city,blog,917,60,164,1,1,1,1,"Tax Consultant Services",100,100
blogs/tax-consultant-nagan-chowrangi-karachi,blog,717,56,171,1,1,1,1,"Tax Consultant Services",100,100
blogs/tax-consultant-nagar-valley,blog,715,53,177,1,1,1,1,"Tax Consultant Services",100,100
blogs/tax-consultant-nankana-sahib,blog,716,54,173,1,1,1,1,"Tax Consultant Services",100,100
blogs/tax-consultant-narowal,blog,915,56,193,1,1,1,1,"Tax Consultant Services",100,100
blogs/tax-consultant-narowal-city,blog,917,55,165,1,1,1,1,"Tax Consultant Services",100,100
blogs/tax-consultant-narowal-city-centre,blog,526,47,165,1,1,1,1,"Tax Consultant Services",93,100
blogs/tax-consultant-naseerabad-lahore,blog,873,54,191,1,1,1,1,"Tax Consultant Services",100,100
blogs/tax-consultant-nasheman-e-iqbal-lahore,blog,932,56,185,1,1,1,1,"Tax Consultant Services",100,100
blogs/tax-consultant-naushahro-feroze,blog,716,57,170,1,1,1,1,"Tax Consultant Services",100,100
blogs/tax-consultant-naval-anchorage-islamabad,blog,604,58,174,1,1,1,1,"Tax Consultant Services",93,100
blogs/tax-consultant-nawab-town-lahore,blog,884,54,195,1,1,1,1,"Tax Consultant Services",100,100
blogs/tax-consultant-nawabshah,blog,915,58,195,1,1,1,1,"Tax Consultant Services",100,100
blogs/tax-consultant-nawabshah-city,blog,935,49,144,1,1,1,1,"Tax Consultant Services",100,100
blogs/tax-consultant-naya-karachi-karachi,blog,530,48,165,1,1,1,1,"Tax Consultant Services",93,100
blogs/tax-consultant-nazimabad-4-karachi,blog,515,47,165,1,1,1,1,"Tax Consultant Services",93,100
blogs/tax-consultant-nazimabad-5-karachi,blog,515,47,165,1,1,1,1,"Tax Consultant Services",93,100
blogs/tax-consultant-nazimabad-karachi,blog,918,45,140,1,1,1,1,"Tax Consultant Services",100,100
blogs/tax-consultant-near-airport-lahore,blog,891,56,193,1,1,1,1,"Tax Consultant Services",100,100
blogs/tax-consultant-near-comsats-lahore,blog,970,59,188,1,1,1,1,"Tax Consultant Services",100,100
blogs/tax-consultant-near-doctors-hospital-lahore,blog,971,59,190,1,1,1,1,"Tax Consultant Services",100,100
blogs/tax-consultant-near-fast-nuces-lahore,blog,972,59,184,1,1,1,1,"Tax Consultant Services",100,100
blogs/tax-consultant-near-ganga-ram-lahore,blog,989,56,192,1,1,1,1,"Tax Consultant Services",100,100
blogs/tax-consultant-near-gcu-lahore,blog,987,55,198,1,1,1,1,"Tax Consultant Services",100,100
blogs/tax-consultant-near-high-court-lahore,blog,909,59,196,1,1,1,1,"Tax Consultant Services",100,100
blogs/tax-consultant-near-ittefaq-hospital-lahore,blog,971,59,190,1,1,1,1,"Tax Consultant Services",100,100
blogs/tax-consultant-near-jinnah-hospital-lahore,blog,971,58,189,1,1,1,1,"Tax Consultant Services",100,100
blogs/tax-consultant-near-lums-lahore,blog,891,53,190,1,1,1,1,"Tax Consultant Services",100,100
blogs/tax-consultant-near-mayo-hospital-lahore,blog,908,58,199,1,1,1,1,"Tax Consultant Services",100,100
blogs/tax-consultant-near-pu-lahore,blog,905,55,0,1,1,1,1,"Tax Consultant Services",100,80
blogs/tax-consultant-near-services-hospital-lahore,blog,907,55,0,1,1,1,1,"Tax Consultant Services",100,80
blogs/tax-consultant-near-shalamar-hospital-lahore,blog,970,55,191,1,1,1,1,"Tax Consultant Services",100,100
blogs/tax-consultant-near-sheikh-zayed-lahore,blog,989,59,195,1,1,1,1,"Tax Consultant Services",100,100
blogs/tax-consultant-near-ucp-lahore,blog,970,59,188,1,1,1,1,"Tax Consultant Services",100,100
blogs/tax-consultant-near-uet-lahore,blog,891,52,189,1,1,1,1,"Tax Consultant Services",100,100
blogs/tax-consultant-neelum-ajk,blog,716,54,165,1,1,1,1,"Tax Consultant Services",100,100
blogs/tax-consultant-nespak-housing-lahore,blog,906,55,0,1,1,1,1,"Tax Consultant Services",100,80
blogs/tax-consultant-new-city-paradise-lahore,blog,650,57,198,1,1,1,1,"Tax Consultant Services",93,100
blogs/tax-consultant-new-garden-town-lahore,blog,574,50,165,1,1,1,1,"Tax Consultant Services",93,100
blogs/tax-consultant-new-jersey-pakistanis,blog,1003,57,141,1,1,1,1,"Tax Consultant Services",100,100
blogs/tax-consultant-new-karachi,blog,920,59,165,1,1,1,1,"Tax Consultant Services",100,100
blogs/tax-consultant-new-lahore-city,blog,971,59,184,1,1,1,1,"Tax Consultant Services",100,100
blogs/tax-consultant-new-lalazar-rawalpindi,blog,530,50,165,1,1,1,1,"Tax Consultant Services",93,100
blogs/tax-consultant-new-multan,blog,920,58,165,1,1,1,1,"Tax Consultant Services",100,100
blogs/tax-consultant-new-muslim-town-lahore,blog,909,59,196,1,1,1,1,"Tax Consultant Services",100,100
blogs/tax-consultant-new-sariab-quetta,blog,530,45,165,1,1,1,1,"Tax Consultant Services",93,100
blogs/tax-consultant-new-york-pakistanis,blog,1003,55,165,1,1,1,1,"Tax Consultant Services",100,100
blogs/tax-consultant-nfc-housing-society-lahore,blog,650,59,200,1,1,1,1,"Tax Consultant Services",93,100
blogs/tax-consultant-ngo-pakistan,blog,590,55,168,1,1,1,1,"Tax Consultant Services",93,100
blogs/tax-consultant-nishat-colony-lahore,blog,952,57,182,1,1,1,1,"Tax Consultant Services",100,100
blogs/tax-consultant-nishatabad-faisalabad,blog,519,49,165,1,1,1,1,"Tax Consultant Services",93,100
blogs/tax-consultant-nishtar-colony-block-a-lahore,blog,970,55,191,1,1,1,1,"Tax Consultant Services",100,100
blogs/tax-consultant-nishtar-colony-block-b-lahore,blog,970,55,191,1,1,1,1,"Tax Consultant Services",100,100
blogs/tax-consultant-nishtar-colony-lahore,blog,969,49,144,1,1,1,1,"Tax Consultant Services",100,100
blogs/tax-consultant-nishtar-town-lahore,blog,891,56,193,1,1,1,1,"Tax Consultant Services",100,100
blogs/tax-consultant-noor-colony-lahore,blog,952,55,180,1,1,1,1,"Tax Consultant Services",100,100
blogs/tax-consultant-noor-pur-town-lahore,blog,651,57,194,1,1,1,1,"Tax Consultant Services",93,100
blogs/tax-consultant-noorpur-thal,blog,842,56,189,1,1,1,1,"Tax Consultant Services",100,100
blogs/tax-consultant-north-karachi-karachi,blog,936,49,144,1,1,1,1,"Tax Consultant Services",100,100
blogs/tax-consultant-north-nazimabad-karachi,blog,936,51,146,1,1,1,1,"Tax Consultant Services",100,100
blogs/tax-consultant-nowshera,blog,915,57,194,1,1,1,1,"Tax Consultant Services",100,100
blogs/tax-consultant-nowshera-city,blog,917,56,165,1,1,1,1,"Tax Consultant Services",100,100
blogs/tax-consultant-nowshera-virkan-gujranwala,blog,530,54,165,1,1,1,1,"Tax Consultant Services",93,100
blogs/tax-consultant-nushki,blog,701,47,166,1,1,1,1,"Tax Consultant Services",100,100
blogs/tax-consultant-officers-colony-lahore,blog,884,59,200,1,1,1,1,"Tax Consultant Services",100,100
blogs/tax-consultant-okara,blog,915,54,191,1,1,1,1,"Tax Consultant Services",100,100
blogs/tax-consultant-okara-city,blog,917,53,165,1,1,1,1,"Tax Consultant Services",100,100
blogs/tax-consultant-oldham-pakistanis,blog,974,52,165,1,1,1,1,"Tax Consultant Services",100,100
blogs/tax-consultant-orangi-town-karachi,blog,936,47,142,1,1,1,1,"Tax Consultant Services",100,100
blogs/tax-consultant-packages-mall-lahore,blog,907,58,199,1,1,1,1,"Tax Consultant Services",100,100
blogs/tax-consultant-paf-colony-lahore,blog,952,54,179,1,1,1,1,"Tax Consultant Services",100,100
blogs/tax-consultant-pak-arab-housing-lahore,blog,989,57,193,1,1,1,1,"Tax Consultant Services",100,100
blogs/tax-consultant-pak-colony-karachi,blog,936,46,141,1,1,1,1,"Tax Consultant Services",100,100
blogs/tax-consultant-pak-kisan-town-lahore,blog,972,58,183,1,1,1,1,"Tax Consultant Services",100,100
blogs/tax-consultant-pak-mount-lahore,blog,633,53,190,1,1,1,1,"Tax Consultant Services",93,100
blogs/tax-consultant-pak-town-islamabad,blog,851,55,196,1,1,1,1,"Tax Consultant Services",100,100
blogs/tax-consultant-pak-town-lahore,blog,977,52,0,1,1,1,1,"Tax Consultant Services",100,80
blogs/tax-consultant-pakistan-town-lahore,blog,884,57,198,1,1,1,1,"Tax Consultant Services",100,100
blogs/tax-consultant-pakpattan,blog,915,58,195,1,1,1,1,"Tax Consultant Services",100,100
blogs/tax-consultant-pakpattan-city,blog,917,57,165,1,1,1,1,"Tax Consultant Services",100,100
blogs/tax-consultant-panjgur,blog,701,48,167,1,1,1,1,"Tax Consultant Services",100,100
blogs/tax-consultant-paragon-city-lahore,blog,563,47,165,1,1,1,1,"Tax Consultant Services",93,100
blogs/tax-consultant-paragon-city-phase-1-lahore,blog,650,58,0,1,1,1,1,"Tax Consultant Services",93,80
blogs/tax-consultant-paragon-city-phase-2-lahore,blog,908,58,0,1,1,1,1,"Tax Consultant Services",100,80
blogs/tax-consultant-paragon-city-phase-3-lahore,blog,971,58,189,1,1,1,1,"Tax Consultant Services",100,100
blogs/tax-consultant-paris-road-sialkot,blog,936,46,141,1,1,1,1,"Tax Consultant Services",100,100
blogs/tax-consultant-park-view-city-islamabad,blog,620,57,173,1,1,1,1,"Tax Consultant Services",93,100
blogs/tax-consultant-pasrur,blog,701,47,162,1,1,1,1,"Tax Consultant Services",100,100
blogs/tax-consultant-pattoki,blog,701,48,161,1,1,1,1,"Tax Consultant Services",100,100
blogs/tax-consultant-pattoki-lahore,blog,874,59,188,1,1,1,1,"Tax Consultant Services",100,100
blogs/tax-consultant-pcsir-lahore,blog,897,59,0,1,1,1,1,"Tax Consultant Services",100,80
blogs/tax-consultant-pechs-karachi,blog,918,41,165,1,1,1,1,"Tax Consultant Services",100,100
blogs/tax-consultant-peoples-colony-faisalabad,blog,936,53,148,1,1,1,1,"Tax Consultant Services",100,100
blogs/tax-consultant-peoples-colony-gujranwala,blog,936,53,148,1,1,1,1,"Tax Consultant Services",100,100
blogs/tax-consultant-peoples-colony-lahore,blog,952,58,183,1,1,1,1,"Tax Consultant Services",100,100
blogs/tax-consultant-peoples-colony-sargodha,blog,936,51,146,1,1,1,1,"Tax Consultant Services",100,100
blogs/tax-consultant-perth-pakistanis,blog,980,58,142,1,1,1,1,"Tax Consultant Services",100,100
blogs/tax-consultant-peshawar,blog,745,52,159,1,1,1,1,"Tax Consultant Services",100,100
blogs/tax-consultant-phalia,blog,703,47,170,1,1,1,1,"Tax Consultant Services",100,100
blogs/tax-consultant-phase-4-hayatabad-peshawar,blog,936,54,149,1,1,1,1,"Tax Consultant Services",100,100
blogs/tax-consultant-phase-4-peshawar,blog,928,53,0,1,1,1,1,"Tax Consultant Services",100,80
blogs/tax-consultant-pib-colony-karachi,blog,717,51,166,1,1,1,1,"Tax Consultant Services",100,100
blogs/tax-consultant-pindigheb,blog,842,58,187,1,1,1,1,"Tax Consultant Services",100,100
blogs/tax-consultant-pindora-rawalpindi,blog,519,46,165,1,1,1,1,"Tax Consultant Services",93,100
blogs/tax-consultant-piplan,blog,822,54,183,1,1,1,1,"Tax Consultant Services",100,100
blogs/tax-consultant-pishin,blog,701,47,161,1,1,1,1,"Tax Consultant Services",100,100
blogs/tax-consultant-pishtakhara-peshawar,blog,519,48,165,1,1,1,1,"Tax Consultant Services",93,100
blogs/tax-consultant-police-foundation-islamabad,blog,530,55,165,1,1,1,1,"Tax Consultant Services",93,100
blogs/tax-consultant-poonch-ajk,blog,702,47,158,1,1,1,1,"Tax Consultant Services",100,100
blogs/tax-consultant-private-job-pakistan,blog,761,53,168,1,1,1,1,"Tax Consultant Services",100,100
blogs/tax-consultant-punjab-govt-employees-lahore,blog,1006,54,0,1,1,1,1,"Tax Consultant Services",100,80
blogs/tax-consultant-punjab-small-industries-lahore,blog,923,56,0,1,1,1,1,"Tax Consultant Services",100,80
blogs/tax-consultant-pwd-islamabad,blog,863,55,0,1,1,1,1,"Tax Consultant Services",100,80
blogs/tax-consultant-pwd-islamabad-islamabad,blog,526,48,165,1,1,1,1,"Tax Consultant Services",93,100
blogs/tax-consultant-qaddafi-stadium-lahore,blog,907,58,0,1,1,1,1,"Tax Consultant Services",100,80
blogs/tax-consultant-qainchi-lahore,blog,552,42,165,1,1,1,1,"Tax Consultant Services",93,100
blogs/tax-consultant-qamber,blog,701,47,160,1,1,1,1,"Tax Consultant Services",100,100
blogs/tax-consultant-qasba-colony-karachi,blog,717,53,168,1,1,1,1,"Tax Consultant Services",100,100
blogs/tax-consultant-qasim-bela-multan,blog,936,45,140,1,1,1,1,"Tax Consultant Services",100,100
blogs/tax-consultant-qasimabad-hyderabad,blog,918,47,142,1,1,1,1,"Tax Consultant Services",100,100
blogs/tax-consultant-qila-abdullah,blog,716,54,173,1,1,1,1,"Tax Consultant Services",100,100
blogs/tax-consultant-qila-saifullah,blog,716,55,174,1,1,1,1,"Tax Consultant Services",100,100
blogs/tax-consultant-queens-road-lahore,blog,952,55,180,1,1,1,1,"Tax Consultant Services",100,100
blogs/tax-consultant-quetta,blog,705,58,155,1,1,1,1,"Tax Consultant Services",100,100
blogs/tax-consultant-quetta-city-centre-quetta,blog,531,46,165,1,1,1,1,"Tax Consultant Services",93,100
blogs/tax-consultant-rahim-yar-khan,blog,956,58,200,1,1,1,1,"Tax Consultant Services",100,100
blogs/tax-consultant-rahim-yar-khan-cantt,blog,938,48,143,1,1,1,1,"Tax Consultant Services",100,100
blogs/tax-consultant-rahim-yar-khan-city,blog,955,54,149,1,1,1,1,"Tax Consultant Services",100,100
blogs/tax-consultant-rahwali-gujranwala,blog,519,46,165,1,1,1,1,"Tax Consultant Services",93,100
blogs/tax-consultant-railway-road-fsd-faisalabad,blog,531,51,165,1,1,1,1,"Tax Consultant Services",93,100
blogs/tax-consultant-railways-colony-lahore,blog,952,59,184,1,1,1,1,"Tax Consultant Services",100,100
blogs/tax-consultant-raiwind-lahore,blog,951,42,165,1,1,1,1,"Tax Consultant Services",100,100
blogs/tax-consultant-raiwind-road-lahore,blog,884,56,197,1,1,1,1,"Tax Consultant Services",100,100
blogs/tax-consultant-raja-jang-lahore,blog,891,53,190,1,1,1,1,"Tax Consultant Services",100,100
blogs/tax-consultant-rajanpur-city,blog,917,56,165,1,1,1,1,"Tax Consultant Services",100,100
blogs/tax-consultant-ranchore-lines-karachi,blog,530,50,165,1,1,1,1,"Tax Consultant Services",93,100
blogs/tax-consultant-rang-mahal-lahore,blog,891,54,191,1,1,1,1,"Tax Consultant Services",100,100
blogs/tax-consultant-ravi-road-lahore,blog,563,44,165,1,1,1,1,"Tax Consultant Services",93,100
blogs/tax-consultant-ravi-town-lahore,blog,952,53,178,1,1,1,1,"Tax Consultant Services",100,100
blogs/tax-consultant-rawalakot,blog,822,57,186,1,1,1,1,"Tax Consultant Services",100,100
blogs/tax-consultant-rawalakot-city,blog,917,57,165,1,1,1,1,"Tax Consultant Services",100,100
blogs/tax-consultant-rawalpindi,blog,753,58,162,1,1,1,1,"Tax Consultant Services",100,100
blogs/tax-consultant-rawalpindi-commercial,blog,935,54,149,1,1,1,1,"Tax Consultant Services",100,100
blogs/tax-consultant-rawalpindi-dha,blog,918,42,165,1,1,1,1,"Tax Consultant Services",100,100
blogs/tax-consultant-rawalpindi-saddar,blog,918,45,140,1,1,1,1,"Tax Consultant Services",100,100
blogs/tax-consultant-rawat-islamabad,blog,590,59,164,1,1,1,1,"Tax Consultant Services",93,100
blogs/tax-consultant-real-estate-agents-pakistan,blog,600,54,175,1,1,1,1,"Tax Consultant Services",93,100
blogs/tax-consultant-regi-model-town-peshawar,blog,954,52,147,1,1,1,1,"Tax Consultant Services",100,100
blogs/tax-consultant-rehmanpura-lahore,blog,735,51,165,1,1,1,1,"Tax Consultant Services",100,100
blogs/tax-consultant-renala-khurd,blog,716,53,166,1,1,1,1,"Tax Consultant Services",100,100
blogs/tax-consultant-restaurants-pakistan,blog,589,53,160,1,1,1,1,"Tax Consultant Services",93,100
blogs/tax-consultant-revenue-society-lahore,blog,897,56,0,1,1,1,1,"Tax Consultant Services",100,80
blogs/tax-consultant-ring-road-lahore,blog,891,53,190,1,1,1,1,"Tax Consultant Services",100,100
blogs/tax-consultant-ring-road-peshawar,blog,851,55,196,1,1,1,1,"Tax Consultant Services",100,100
blogs/tax-consultant-ring-road-psh-peshawar,blog,531,46,165,1,1,1,1,"Tax Consultant Services",93,100
blogs/tax-consultant-river-garden-lahore,blog,987,54,197,1,1,1,1,"Tax Consultant Services",100,100
blogs/tax-consultant-rohri,blog,823,59,182,1,1,1,1,"Tax Consultant Services",100,100
blogs/tax-consultant-roshnai-gate-lahore,blog,952,56,181,1,1,1,1,"Tax Consultant Services",100,100
blogs/tax-consultant-rwp-airport-rawalpindi,blog,530,51,165,1,1,1,1,"Tax Consultant Services",93,100
blogs/tax-consultant-rwp-civil-lines-rawalpindi,blog,531,50,165,1,1,1,1,"Tax Consultant Services",93,100
blogs/tax-consultant-sa-gardens-lahore,blog,932,54,179,1,1,1,1,"Tax Consultant Services",100,100
blogs/tax-consultant-saadi-town-karachi,blog,717,51,166,1,1,1,1,"Tax Consultant Services",100,100
blogs/tax-consultant-sabzazar-block-a-lahore,blog,951,56,185,1,1,1,1,"Tax Consultant Services",100,100
blogs/tax-consultant-sabzazar-block-b-lahore,blog,951,56,185,1,1,1,1,"Tax Consultant Services",100,100
blogs/tax-consultant-sabzazar-block-c-lahore,blog,951,56,185,1,1,1,1,"Tax Consultant Services",100,100
blogs/tax-consultant-sabzazar-lahore,blog,952,43,165,1,1,1,1,"Tax Consultant Services",100,100
blogs/tax-consultant-sabzazar-multan,blog,519,43,165,1,1,1,1,"Tax Consultant Services",93,100
blogs/tax-consultant-saddar-bahawalpur,blog,519,45,165,1,1,1,1,"Tax Consultant Services",93,100
blogs/tax-consultant-saddar-karachi,blog,918,42,165,1,1,1,1,"Tax Consultant Services",100,100
blogs/tax-consultant-saddar-karachi-karachi,blog,518,54,165,1,1,1,1,"Tax Consultant Services",93,100
blogs/tax-consultant-saddar-peshawar,blog,918,43,165,1,1,1,1,"Tax Consultant Services",100,100
blogs/tax-consultant-saddar-rawalpindi,blog,928,54,0,1,1,1,1,"Tax Consultant Services",100,80
blogs/tax-consultant-sadiqabad,blog,822,57,186,1,1,1,1,"Tax Consultant Services",100,100
blogs/tax-consultant-sadiqabad-ryk,blog,706,50,172,1,1,1,1,"Tax Consultant Services",100,100
blogs/tax-consultant-saeed-park-lahore,blog,952,54,179,1,1,1,1,"Tax Consultant Services",100,100
blogs/tax-consultant-safari-garden-lahore,blog,977,57,0,1,1,1,1,"Tax Consultant Services",100,80
blogs/tax-consultant-safari-garden-phase-2-lahore,blog,971,59,190,1,1,1,1,"Tax Consultant Services",100,100
blogs/tax-consultant-saggian-lahore,blog,869,59,192,1,1,1,1,"Tax Consultant Services",100,100
blogs/tax-consultant-sahiwal,blog,915,56,193,1,1,1,1,"Tax Consultant Services",100,100
blogs/tax-consultant-sahiwal-cantt,blog,918,41,165,1,1,1,1,"Tax Consultant Services",100,100
blogs/tax-consultant-sahiwal-city,blog,935,47,142,1,1,1,1,"Tax Consultant Services",100,100
blogs/tax-consultant-sahiwal-model-colony,blog,526,48,165,1,1,1,1,"Tax Consultant Services",93,100
blogs/tax-consultant-saleem-town-lahore,blog,891,55,192,1,1,1,1,"Tax Consultant Services",100,100
blogs/tax-consultant-samanabad-block-a-lahore,blog,890,57,198,1,1,1,1,"Tax Consultant Services",100,100
blogs/tax-consultant-samanabad-block-b-lahore,blog,890,57,198,1,1,1,1,"Tax Consultant Services",100,100
blogs/tax-consultant-samanabad-block-c-lahore,blog,951,57,186,1,1,1,1,"Tax Consultant Services",100,100
blogs/tax-consultant-samanabad-block-d-lahore,blog,890,57,198,1,1,1,1,"Tax Consultant Services",100,100
blogs/tax-consultant-samanabad-block-e-lahore,blog,951,57,186,1,1,1,1,"Tax Consultant Services",100,100
blogs/tax-consultant-samanabad-block-f-lahore,blog,951,57,186,1,1,1,1,"Tax Consultant Services",100,100
blogs/tax-consultant-samanabad-block-g-lahore,blog,951,57,186,1,1,1,1,"Tax Consultant Services",100,100
blogs/tax-consultant-samanabad-block-h-lahore,blog,951,57,186,1,1,1,1,"Tax Consultant Services",100,100
blogs/tax-consultant-samanabad-block-j-lahore,blog,951,57,186,1,1,1,1,"Tax Consultant Services",100,100
blogs/tax-consultant-samanabad-faisalabad,blog,918,48,143,1,1,1,1,"Tax Consultant Services",100,100
blogs/tax-consultant-samanabad-lahore-area,blog,952,44,165,1,1,1,1,"Tax Consultant Services",100,100
blogs/tax-consultant-sambrial,blog,701,49,164,1,1,1,1,"Tax Consultant Services",100,100
blogs/tax-consultant-sammundri,blog,701,50,168,1,1,1,1,"Tax Consultant Services",100,100
blogs/tax-consultant-samnabad-lahore,blog,548,43,165,1,1,1,1,"Tax Consultant Services",93,100
blogs/tax-consultant-sanda-lahore,blog,554,60,165,1,1,1,1,"Tax Consultant Services",93,100
blogs/tax-consultant-sanghar,blog,822,55,184,1,1,1,1,"Tax Consultant Services",100,100
blogs/tax-consultant-sanghar-city,blog,917,55,165,1,1,1,1,"Tax Consultant Services",100,100
blogs/tax-consultant-sargodha,blog,642,57,186,1,1,1,1,"Tax Consultant Services",93,100
blogs/tax-consultant-sargodha-cantt,blog,918,42,165,1,1,1,1,"Tax Consultant Services",100,100
blogs/tax-consultant-sargodha-lyon-colony,blog,526,48,165,1,1,1,1,"Tax Consultant Services",93,100
blogs/tax-consultant-sargodha-road-fsd-faisalabad,blog,531,52,165,1,1,1,1,"Tax Consultant Services",93,100
blogs/tax-consultant-sargodha-university-road,blog,527,58,165,1,1,1,1,"Tax Consultant Services",93,100
blogs/tax-consultant-sariab-road-quetta,blog,936,46,141,1,1,1,1,"Tax Consultant Services",100,100
blogs/tax-consultant-satellite-town-gujranwala,blog,936,53,148,1,1,1,1,"Tax Consultant Services",100,100
blogs/tax-consultant-satellite-town-quetta,blog,936,49,144,1,1,1,1,"Tax Consultant Services",100,100
blogs/tax-consultant-satellite-town-rawalpindi,blog,936,53,148,1,1,1,1,"Tax Consultant Services",100,100
blogs/tax-consultant-scheme-33-karachi,blog,922,45,140,1,1,1,1,"Tax Consultant Services",100,100
blogs/tax-consultant-scheme-45-karachi,blog,922,45,140,1,1,1,1,"Tax Consultant Services",100,100
blogs/tax-consultant-seaview-karachi,blog,529,44,165,1,1,1,1,"Tax Consultant Services",93,100
blogs/tax-consultant-sector-c-bahria-lahore,blog,909,58,0,1,1,1,1,"Tax Consultant Services",100,80
blogs/tax-consultant-sector-e-bahria-lahore,blog,909,58,0,1,1,1,1,"Tax Consultant Services",100,80
blogs/tax-consultant-sector-f-bahria-lahore,blog,909,58,0,1,1,1,1,"Tax Consultant Services",100,80
blogs/tax-consultant-sehwan,blog,701,47,163,1,1,1,1,"Tax Consultant Services",100,100
blogs/tax-consultant-shad-bagh-lahore,blog,563,44,165,1,1,1,1,"Tax Consultant Services",93,100
blogs/tax-consultant-shad-bagh-west-lahore,blog,909,58,195,1,1,1,1,"Tax Consultant Services",100,100
blogs/tax-consultant-shadbagh-east-lahore,blog,559,48,165,1,1,1,1,"Tax Consultant Services",93,100
blogs/tax-consultant-shadman-colony-lahore,blog,633,58,195,1,1,1,1,"Tax Consultant Services",93,100
blogs/tax-consultant-shadman-lahore,blog,616,59,188,1,1,1,1,"Tax Consultant Services",93,100
blogs/tax-consultant-shadman-lahore-area,blog,952,42,165,1,1,1,1,"Tax Consultant Services",100,100
blogs/tax-consultant-shafiqabad-lahore,blog,873,54,191,1,1,1,1,"Tax Consultant Services",100,100
blogs/tax-consultant-shah-alam-market-lahore,blog,908,56,197,1,1,1,1,"Tax Consultant Services",100,100
blogs/tax-consultant-shah-faisal-colony-karachi,blog,954,54,149,1,1,1,1,"Tax Consultant Services",100,100
blogs/tax-consultant-shah-latif-town-karachi,blog,954,51,146,1,1,1,1,"Tax Consultant Services",100,100
blogs/tax-consultant-shah-rukn-e-alam-multan,blog,937,51,146,1,1,1,1,"Tax Consultant Services",100,100
blogs/tax-consultant-shahabpura-sialkot,blog,519,46,165,1,1,1,1,"Tax Consultant Services",93,100
blogs/tax-consultant-shahdadkot,blog,701,51,164,1,1,1,1,"Tax Consultant Services",100,100
blogs/tax-consultant-shahdadpur,blog,701,51,166,1,1,1,1,"Tax Consultant Services",100,100
blogs/tax-consultant-shahdara-lahore,blog,951,43,165,1,1,1,1,"Tax Consultant Services",100,100
blogs/tax-consultant-shaheen-park-lahore,blog,952,56,181,1,1,1,1,"Tax Consultant Services",100,100
blogs/tax-consultant-shaheenabad-gujranwala,blog,519,50,165,1,1,1,1,"Tax Consultant Services",93,100
blogs/tax-consultant-shahi-bazar-hyd-hyderabad,blog,531,49,165,1,1,1,1,"Tax Consultant Services",93,100
blogs/tax-consultant-shahpur,blog,822,55,184,1,1,1,1,"Tax Consultant Services",100,100
blogs/tax-consultant-shahrah-e-faisal-karachi,blog,520,52,165,1,1,1,1,"Tax Consultant Services",93,100
blogs/tax-consultant-shakargarh,blog,701,51,166,1,1,1,1,"Tax Consultant Services",100,100
blogs/tax-consultant-shalamar-lahore,blog,951,43,165,1,1,1,1,"Tax Consultant Services",100,100
blogs/tax-consultant-shalimar-lahore,blog,883,57,198,1,1,1,1,"Tax Consultant Services",100,100
blogs/tax-consultant-shalimar-link-road-lahore,blog,908,58,199,1,1,1,1,"Tax Consultant Services",100,100
blogs/tax-consultant-shalimar-town-lahore,blog,750,54,168,1,1,1,1,"Tax Consultant Services",100,100
blogs/tax-consultant-shangla,blog,822,55,184,1,1,1,1,"Tax Consultant Services",100,100
blogs/tax-consultant-shangla-city,blog,702,48,159,1,1,1,1,"Tax Consultant Services",100,100
blogs/tax-consultant-sharaqpur-lahore,blog,873,53,190,1,1,1,1,"Tax Consultant Services",100,100
blogs/tax-consultant-sharjah-pakistanis,blog,981,54,165,1,1,1,1,"Tax Consultant Services",100,100
blogs/tax-consultant-shaukat-town-lahore,blog,977,56,0,1,1,1,1,"Tax Consultant Services",100,80
blogs/tax-consultant-sheffield-pakistanis,blog,971,55,165,1,1,1,1,"Tax Consultant Services",100,100
blogs/tax-consultant-shehzad-town-islamabad,blog,717,53,170,1,1,1,1,"Tax Consultant Services",100,100
blogs/tax-consultant-sheikhupura,blog,914,55,197,1,1,1,1,"Tax Consultant Services",100,100
blogs/tax-consultant-sheikhupura-city,blog,917,59,165,1,1,1,1,"Tax Consultant Services",100,100
blogs/tax-consultant-sheikhupura-city-centre,blog,526,51,165,1,1,1,1,"Tax Consultant Services",93,100
blogs/tax-consultant-sheikhupura-road-lahore,blog,951,56,185,1,1,1,1,"Tax Consultant Services",100,100
blogs/tax-consultant-sheranwala-gate-lahore,blog,952,59,184,1,1,1,1,"Tax Consultant Services",100,100
blogs/tax-consultant-shershah-multan,blog,519,43,165,1,1,1,1,"Tax Consultant Services",93,100
blogs/tax-consultant-shikarpur,blog,822,57,186,1,1,1,1,"Tax Consultant Services",100,100
blogs/tax-consultant-shikarpur-city,blog,917,57,165,1,1,1,1,"Tax Consultant Services",100,100
blogs/tax-consultant-shimla-hill-lahore,blog,952,55,180,1,1,1,1,"Tax Consultant Services",100,100
blogs/tax-consultant-shopkeepers-pakistan,blog,594,57,163,1,1,1,1,"Tax Consultant Services",93,100
blogs/tax-consultant-shujabad,blog,701,49,163,1,1,1,1,"Tax Consultant Services",100,100
blogs/tax-consultant-sialkot,blog,747,56,166,1,1,1,1,"Tax Consultant Services",100,100
blogs/tax-consultant-sibi,blog,823,58,181,1,1,1,1,"Tax Consultant Services",100,100
blogs/tax-consultant-sibi-city,blog,917,52,165,1,1,1,1,"Tax Consultant Services",100,100
blogs/tax-consultant-sillanwali,blog,822,58,187,1,1,1,1,"Tax Consultant Services",100,100
blogs/tax-consultant-sindhi-muslim-colony-hyderabad,blog,541,58,140,1,1,1,1,"Tax Consultant Services",93,100
blogs/tax-consultant-sir-syed-town-lahore,blog,909,57,194,1,1,1,1,"Tax Consultant Services",100,100
blogs/tax-consultant-site-area-karachi,blog,936,45,140,1,1,1,1,"Tax Consultant Services",100,100
blogs/tax-consultant-site-industrial-karachi,blog,536,56,165,1,1,1,1,"Tax Consultant Services",93,100
blogs/tax-consultant-site-karachi,blog,943,54,0,1,1,1,1,"Tax Consultant Services",100,80
blogs/tax-consultant-skardu,blog,822,54,183,1,1,1,1,"Tax Consultant Services",100,100
blogs/tax-consultant-skardu-city,blog,917,54,165,1,1,1,1,"Tax Consultant Services",100,100
blogs/tax-consultant-soan-garden-islamabad,blog,851,58,199,1,1,1,1,"Tax Consultant Services",100,100
blogs/tax-consultant-sohawa,blog,822,54,183,1,1,1,1,"Tax Consultant Services",100,100
blogs/tax-consultant-soldier-bazaar-karachi,blog,717,55,170,1,1,1,1,"Tax Consultant Services",100,100
blogs/tax-consultant-southall-pakistanis,blog,973,54,165,1,1,1,1,"Tax Consultant Services",100,100
blogs/tax-consultant-spini-road-quetta,blog,530,45,165,1,1,1,1,"Tax Consultant Services",93,100
blogs/tax-consultant-state-life-housing-lahore,blog,913,59,0,1,1,1,1,"Tax Consultant Services",100,80
blogs/tax-consultant-state-life-phase-2-lahore,blog,989,59,195,1,1,1,1,"Tax Consultant Services",100,100
blogs/tax-consultant-sudhnati-ajk,blog,702,49,160,1,1,1,1,"Tax Consultant Services",100,100
blogs/tax-consultant-sui-gas-society-lahore,blog,913,56,0,1,1,1,1,"Tax Consultant Services",100,80
blogs/tax-consultant-sujawal,blog,701,48,161,1,1,1,1,"Tax Consultant Services",100,100
blogs/tax-consultant-sukh-chain-lahore,blog,633,54,191,1,1,1,1,"Tax Consultant Services",93,100
blogs/tax-consultant-sukkur,blog,642,55,184,1,1,1,1,"Tax Consultant Services",93,100
blogs/tax-consultant-sukkur-civil-lines,blog,936,46,141,1,1,1,1,"Tax Consultant Services",100,100
blogs/tax-consultant-sukkur-new-city,blog,936,43,165,1,1,1,1,"Tax Consultant Services",100,100
blogs/tax-consultant-sukkur-new-sukkur,blog,526,45,165,1,1,1,1,"Tax Consultant Services",93,100
blogs/tax-consultant-sundar-industrial-lahore,blog,906,57,0,1,1,1,1,"Tax Consultant Services",100,80
blogs/tax-consultant-sundar-lahore,blog,951,41,165,1,1,1,1,"Tax Consultant Services",100,100
blogs/tax-consultant-sundar-road-lahore,blog,891,55,192,1,1,1,1,"Tax Consultant Services",100,100
blogs/tax-consultant-superhighway-karachi,blog,529,53,164,1,1,1,1,"Tax Consultant Services",93,100
blogs/tax-consultant-surjani-town-karachi,blog,936,48,143,1,1,1,1,"Tax Consultant Services",100,100
blogs/tax-consultant-susan-road-faisalabad,blog,936,49,144,1,1,1,1,"Tax Consultant Services",100,100
blogs/tax-consultant-swabi,blog,823,59,182,1,1,1,1,"Tax Consultant Services",100,100
blogs/tax-consultant-swabi-city,blog,917,53,165,1,1,1,1,"Tax Consultant Services",100,100
blogs/tax-consultant-swat,blog,915,53,190,1,1,1,1,"Tax Consultant Services",100,100
blogs/tax-consultant-swat-mingora-road,blog,526,45,165,1,1,1,1,"Tax Consultant Services",93,100
blogs/tax-consultant-sydney-pakistanis,blog,979,59,143,1,1,1,1,"Tax Consultant Services",100,100
blogs/tax-consultant-tajpura-lahore,blog,874,59,188,1,1,1,1,"Tax Consultant Services",100,100
blogs/tax-consultant-talagang,blog,701,49,164,1,1,1,1,"Tax Consultant Services",100,100
blogs/tax-consultant-tandlianwala,blog,701,53,171,1,1,1,1,"Tax Consultant Services",100,100
blogs/tax-consultant-tando-adam,blog,843,58,187,1,1,1,1,"Tax Consultant Services",100,100
blogs/tax-consultant-tando-adam-city,blog,941,58,165,1,1,1,1,"Tax Consultant Services",100,100
blogs/tax-consultant-tando-allahyar,blog,842,58,191,1,1,1,1,"Tax Consultant Services",100,100
blogs/tax-consultant-tando-allahyar-city,blog,939,42,165,1,1,1,1,"Tax Consultant Services",100,100
blogs/tax-consultant-tando-road-hyderabad,blog,530,48,165,1,1,1,1,"Tax Consultant Services",93,100
blogs/tax-consultant-tank,blog,823,58,181,1,1,1,1,"Tax Consultant Services",100,100
blogs/tax-consultant-tank-city,blog,917,52,165,1,1,1,1,"Tax Consultant Services",100,100
blogs/tax-consultant-tariq-road-karachi,blog,717,51,166,1,1,1,1,"Tax Consultant Services",100,100
blogs/tax-consultant-tarlai-islamabad,blog,918,44,165,1,1,1,1,"Tax Consultant Services",100,100
blogs/tax-consultant-tauheed-block-bahria-lahore,blog,926,58,0,1,1,1,1,"Tax Consultant Services",100,80
blogs/tax-consultant-taunsa-sharif,blog,623,57,165,1,1,1,1,"Tax Consultant Services",93,100
blogs/tax-consultant-taxali-gate-lahore,blog,952,55,180,1,1,1,1,"Tax Consultant Services",100,100
blogs/tax-consultant-taxila,blog,822,54,183,1,1,1,1,"Tax Consultant Services",100,100
blogs/tax-consultant-taxila-rawalpindi,blog,918,45,140,1,1,1,1,"Tax Consultant Services",100,100
blogs/tax-consultant-teachers-pakistan,blog,655,44,181,1,1,1,1,"Tax Consultant Services",93,100
blogs/tax-consultant-temple-road-lahore,blog,952,55,180,1,1,1,1,"Tax Consultant Services",100,100
blogs/tax-consultant-tharparkar,blog,915,59,196,1,1,1,1,"Tax Consultant Services",100,100
blogs/tax-consultant-thatta,blog,822,54,183,1,1,1,1,"Tax Consultant Services",100,100
blogs/tax-consultant-thatta-city,blog,917,54,165,1,1,1,1,"Tax Consultant Services",100,100
blogs/tax-consultant-thokar-niaz-baig-lahore,blog,765,57,171,1,1,1,1,"Tax Consultant Services",100,100
blogs/tax-consultant-thokar-niaz-baig-road-lahore,blog,991,59,190,1,1,1,1,"Tax Consultant Services",100,100
blogs/tax-consultant-timber-market-karachi,blog,936,49,144,1,1,1,1,"Tax Consultant Services",100,100
blogs/tax-consultant-timber-market-lahore,blog,891,57,194,1,1,1,1,"Tax Consultant Services",100,100
blogs/tax-consultant-timergara,blog,703,50,167,1,1,1,1,"Tax Consultant Services",100,100
blogs/tax-consultant-toba-tek-singh,blog,956,58,200,1,1,1,1,"Tax Consultant Services",100,100
blogs/tax-consultant-toba-tek-singh-city,blog,963,42,165,1,1,1,1,"Tax Consultant Services",100,100
blogs/tax-consultant-topi,blog,823,58,181,1,1,1,1,"Tax Consultant Services",100,100
blogs/tax-consultant-toronto-pakistanis,blog,977,57,141,1,1,1,1,"Tax Consultant Services",100,100
blogs/tax-consultant-township-sector-a-lahore,blog,951,57,186,1,1,1,1,"Tax Consultant Services",100,100
blogs/tax-consultant-township-sector-b1-lahore,blog,902,58,199,1,1,1,1,"Tax Consultant Services",100,100
blogs/tax-consultant-township-sector-b2-lahore,blog,643,58,199,1,1,1,1,"Tax Consultant Services",93,100
blogs/tax-consultant-township-sector-c-lahore,blog,890,57,198,1,1,1,1,"Tax Consultant Services",100,100
blogs/tax-consultant-township-sector-d-lahore,blog,951,57,186,1,1,1,1,"Tax Consultant Services",100,100
blogs/tax-consultant-traders-pakistan,blog,576,56,169,1,1,1,1,"Tax Consultant Services",93,100
blogs/tax-consultant-trust-colony-gujranwala,blog,530,51,165,1,1,1,1,"Tax Consultant Services",93,100
blogs/tax-consultant-tulamba,blog,822,55,184,1,1,1,1,"Tax Consultant Services",100,100
blogs/tax-consultant-tulip-block-bahria-lahore,blog,926,56,0,1,1,1,1,"Tax Consultant Services",100,80
blogs/tax-consultant-turbat,blog,822,54,183,1,1,1,1,"Tax Consultant Services",100,100
blogs/tax-consultant-turbat-city,blog,917,54,165,1,1,1,1,"Tax Consultant Services",100,100
blogs/tax-consultant-uch-sharif,blog,843,58,187,1,1,1,1,"Tax Consultant Services",100,100
blogs/tax-consultant-uet-housing-society-lahore,blog,899,59,0,1,1,1,1,"Tax Consultant Services",100,80
blogs/tax-consultant-umerkot,blog,822,55,184,1,1,1,1,"Tax Consultant Services",100,100
blogs/tax-consultant-umerkot-city,blog,917,55,165,1,1,1,1,"Tax Consultant Services",100,100
blogs/tax-consultant-unit-1-hyd-hyderabad,blog,520,44,165,1,1,1,1,"Tax Consultant Services",93,100
blogs/tax-consultant-unit-6-hyd-hyderabad,blog,520,44,165,1,1,1,1,"Tax Consultant Services",93,100
blogs/tax-consultant-unit-9-hyd-hyderabad,blog,520,44,165,1,1,1,1,"Tax Consultant Services",93,100
blogs/tax-consultant-university-road-sargodha,blog,936,52,147,1,1,1,1,"Tax Consultant Services",100,100
blogs/tax-consultant-university-town-peshawar,blog,936,52,147,1,1,1,1,"Tax Consultant Services",100,100
blogs/tax-consultant-upper-dir,blog,716,50,161,1,1,1,1,"Tax Consultant Services",100,100
blogs/tax-consultant-upper-mall-lahore,blog,563,45,165,1,1,1,1,"Tax Consultant Services",93,100
blogs/tax-consultant-urdu-bazaar-lahore,blog,891,55,192,1,1,1,1,"Tax Consultant Services",100,100
blogs/tax-consultant-valencia-block-a-lahore,blog,951,56,185,1,1,1,1,"Tax Consultant Services",100,100
blogs/tax-consultant-valencia-block-b-lahore,blog,951,56,185,1,1,1,1,"Tax Consultant Services",100,100
blogs/tax-consultant-valencia-block-c-lahore,blog,951,56,185,1,1,1,1,"Tax Consultant Services",100,100
blogs/tax-consultant-valencia-block-d-lahore,blog,951,56,185,1,1,1,1,"Tax Consultant Services",100,100
blogs/tax-consultant-valencia-block-e-lahore,blog,951,56,185,1,1,1,1,"Tax Consultant Services",100,100
blogs/tax-consultant-valencia-block-f-lahore,blog,951,56,185,1,1,1,1,"Tax Consultant Services",100,100
blogs/tax-consultant-valencia-lahore,blog,976,57,0,1,1,1,1,"Tax Consultant Services",100,80
blogs/tax-consultant-valencia-phase-2-lahore,blog,951,56,185,1,1,1,1,"Tax Consultant Services",100,100
blogs/tax-consultant-valencia-town-lahore,blog,971,48,143,1,1,1,1,"Tax Consultant Services",100,100
blogs/tax-consultant-vancouver-pakistanis,blog,978,59,143,1,1,1,1,"Tax Consultant Services",100,100
blogs/tax-consultant-vehari,blog,915,55,192,1,1,1,1,"Tax Consultant Services",100,100
blogs/tax-consultant-vehari-city,blog,917,54,165,1,1,1,1,"Tax Consultant Services",100,100
blogs/tax-consultant-vehari-road-multan,blog,530,46,165,1,1,1,1,"Tax Consultant Services",93,100
blogs/tax-consultant-wah-cantt,blog,843,57,186,1,1,1,1,"Tax Consultant Services",100,100
blogs/tax-consultant-wah-cantt-rawalpindi,blog,936,48,143,1,1,1,1,"Tax Consultant Services",100,100
blogs/tax-consultant-wahdat-road-lahore,blog,563,46,165,1,1,1,1,"Tax Consultant Services",93,100
blogs/tax-consultant-walled-city-lahore,blog,563,46,165,1,1,1,1,"Tax Consultant Services",93,100
blogs/tax-consultant-walton-lahore,blog,952,41,165,1,1,1,1,"Tax Consultant Services",100,100
blogs/tax-consultant-walton-road-lahore,blog,952,55,180,1,1,1,1,"Tax Consultant Services",100,100
blogs/tax-consultant-wapda-city-multan,blog,944,54,0,1,1,1,1,"Tax Consultant Services",100,80
blogs/tax-consultant-wapda-officers-colony-lahore,blog,971,59,190,1,1,1,1,"Tax Consultant Services",100,100
blogs/tax-consultant-wapda-town-gujranwala,blog,936,49,144,1,1,1,1,"Tax Consultant Services",100,100
blogs/tax-consultant-wapda-town-lahore-lahore,blog,560,45,165,1,1,1,1,"Tax Consultant Services",93,100
blogs/tax-consultant-wapda-town-phase-1-lahore,blog,650,58,199,1,1,1,1,"Tax Consultant Services",93,100
blogs/tax-consultant-wapda-town-phase-2-lahore,blog,908,58,199,1,1,1,1,"Tax Consultant Services",100,100
blogs/tax-consultant-war-memorial-faisalabad,blog,851,59,200,1,1,1,1,"Tax Consultant Services",100,100
blogs/tax-consultant-warsak-road-peshawar,blog,530,48,165,1,1,1,1,"Tax Consultant Services",93,100
blogs/tax-consultant-washington-dc-pakistanis,blog,985,60,144,1,1,1,1,"Tax Consultant Services",100,100
blogs/tax-consultant-washuk,blog,701,47,166,1,1,1,1,"Tax Consultant Services",100,100
blogs/tax-consultant-wazirabad,blog,701,50,168,1,1,1,1,"Tax Consultant Services",100,100
blogs/tax-consultant-westridge-rawalpindi,blog,918,48,143,1,1,1,1,"Tax Consultant Services",100,100
blogs/tax-consultant-yakki-gate-lahore,blog,952,54,179,1,1,1,1,"Tax Consultant Services",100,100
blogs/tax-consultant-yazman,blog,701,47,165,1,1,1,1,"Tax Consultant Services",100,100
blogs/tax-consultant-younas-colony-lahore,blog,559,48,165,1,1,1,1,"Tax Consultant Services",93,100
blogs/tax-consultant-zafar-ali-road-lahore,blog,972,58,183,1,1,1,1,"Tax Consultant Services",100,100
blogs/tax-consultant-zafarwal,blog,701,49,164,1,1,1,1,"Tax Consultant Services",100,100
blogs/tax-consultant-zahoor-elahi-road-lahore,blog,899,57,0,1,1,1,1,"Tax Consultant Services",100,80
blogs/tax-consultant-zamzama-karachi,blog,519,43,165,1,1,1,1,"Tax Consultant Services",93,100
blogs/tax-consultant-zarghoon-road-quetta,blog,530,48,165,1,1,1,1,"Tax Consultant Services",93,100
blogs/tax-consultant-zero-point-islamabad,blog,530,48,165,1,1,1,1,"Tax Consultant Services",93,100
blogs/tax-consultant-zhob,blog,823,58,181,1,1,1,1,"Tax Consultant Services",100,100
blogs/tax-consultant-zhob-city,blog,917,52,165,1,1,1,1,"Tax Consultant Services",100,100
blogs/tax-consultant-ziarat,blog,701,47,166,1,1,1,1,"Tax Consultant Services",100,100
blogs/tax-filing-pensioners-pakistan,blog,709,49,196,1,1,1,1,"Pension / Retirement",100,100
blogs/tax-for-commission-agents-pakistan,blog,547,57,159,1,1,1,1,"General Tax",93,100
blogs/tax-for-contractors-pakistan-2026,blog,562,56,164,1,1,1,1,"General Tax",93,100
blogs/tax-for-doctors-pakistan-2026,blog,642,58,165,1,1,1,1,"General Tax",93,100
blogs/tax-for-ecommerce-sellers-pakistan,blog,618,53,165,1,1,1,1,"E-commerce Tax",93,100
blogs/tax-for-engineers-pakistan-2026,blog,638,59,165,1,1,1,1,"General Tax",93,100
blogs/tax-for-farmers-agriculture-pakistan,blog,589,55,167,1,1,1,1,"General Tax",93,100
blogs/tax-for-freelancers-guide-pakistan,blog,621,59,165,1,1,1,1,"Freelancer Tax",93,100
blogs/tax-for-housewives-homemakers-pakistan,blog,587,50,147,1,1,1,1,"Property Tax",93,100
blogs/tax-for-it-professionals-pakistan,blog,636,55,165,1,1,1,1,"General Tax",93,100
blogs/tax-for-lawyers-pakistan-2026,blog,641,59,165,1,1,1,1,"General Tax",93,100
blogs/tax-for-property-investors-pakistan-2026,blog,747,56,163,1,1,1,1,"Property Tax",100,100
blogs/tax-for-smes-pakistan-2026,blog,641,56,165,1,1,1,1,"General Tax",93,100
blogs/tax-for-social-media-influencers-pakistan,blog,633,46,165,1,1,1,1,"General Tax",93,100
blogs/tax-for-startups-pakistan-2026,blog,638,54,165,1,1,1,1,"General Tax",93,100
blogs/tax-for-stock-investors-pakistan-2026,blog,835,59,164,1,1,1,1,"General Tax",100,100
blogs/tax-for-teachers-pakistan-2026,blog,644,56,165,1,1,1,1,"General Tax",93,100
blogs/tax-for-transporters-pakistan-2026,blog,563,54,147,1,1,1,1,"General Tax",93,100
blogs/tax-for-youtube-content-creators-pakistan-2026,blog,579,53,166,1,1,1,1,"General Tax",93,100
blogs/tax-for-youtubers-pakistan-2026,blog,639,57,165,1,1,1,1,"General Tax",93,100
blogs/tax-on-agriculture-income-pakistan,blog,630,57,165,1,1,1,1,"General Tax",93,100
blogs/tax-on-bank-profit-pakistan,blog,571,57,175,1,1,1,1,"General Tax",93,100
blogs/tax-on-bank-profit-pakistan-2026,blog,750,55,151,1,1,1,1,"General Tax",100,100
blogs/tax-on-bonus-income-pakistan,blog,641,57,165,1,1,1,1,"General Tax",93,100
blogs/tax-on-car-purchase-pakistan,blog,638,54,165,1,1,1,1,"General Tax",93,100
blogs/tax-on-cryptocurrency-pakistan-2026,blog,899,54,151,1,1,1,1,"Crypto Tax",100,100
blogs/tax-on-dividend-income-pakistan,blog,575,57,183,1,1,1,1,"General Tax",93,100
blogs/tax-on-foreign-income-pakistan,blog,632,54,165,1,1,1,1,"General Tax",93,100
blogs/tax-on-foreign-remittance-pakistan,blog,568,59,175,1,1,1,1,"General Tax",93,100
blogs/tax-on-foreign-remittance-pakistan-2026,blog,564,55,146,1,1,1,1,"General Tax",93,100
blogs/tax-on-foreign-remittances-pakistan-2026,blog,629,40,165,1,1,1,1,"General Tax",93,100
blogs/tax-on-gold-jewelry-pakistan,blog,640,51,165,1,1,1,1,"General Tax",93,100
blogs/tax-on-inheritance-pakistan,blog,636,49,163,1,1,1,1,"General Tax",93,100
blogs/tax-on-prize-bonds-pakistan-2026,blog,661,56,178,1,1,1,1,"General Tax",93,100
blogs/tax-on-property-sale-pakistan-2026,blog,750,58,0,1,1,1,1,"Property Tax",100,80
blogs/tax-on-rental-income-pakistan-2026,blog,623,55,165,1,1,1,1,"General Tax",93,100
blogs/tax-on-salary-pakistan-2026,blog,742,57,182,1,1,1,1,"Salaried Tax",100,100
blogs/tax-on-savings-certificates-pakistan-2026,blog,635,50,172,1,1,1,1,"General Tax",93,100
blogs/tax-on-shares-pakistan-2026,blog,634,47,164,1,1,1,1,"General Tax",93,100
blogs/tax-on-software-exports-pakistan,blog,619,59,165,1,1,1,1,"IT Export Tax",93,100
blogs/tax-on-vehicle-registration-pakistan,blog,571,57,164,1,1,1,1,"General Tax",93,100
blogs/tax-planning-tips-pakistan-2026,blog,994,54,165,1,1,1,1,"General Tax",100,100
blogs/tax-refund-pakistan-2026,blog,688,58,178,1,1,1,1,"General Tax",93,100
blogs/tax-return-deadline-extension-2026,blog,622,47,165,1,1,1,1,"Income Tax Filing",93,100
blogs/tax-return-for-freelancers-2026,blog,629,58,165,1,1,1,1,"Income Tax Filing",93,100
blogs/tax-return-salaried-employee-pakistan,blog,719,59,171,1,1,1,1,"Income Tax Filing",100,100
blogs/tax-saving-tips-pakistan-2026,blog,854,53,165,1,1,1,1,"General Tax",100,100
blogs/token-tax-pakistan-2026,blog,582,52,178,1,1,1,1,"General Tax",93,100
blogs/turnover-tax-pakistan-2026,blog,636,52,164,1,1,1,1,"General Tax",93,100
blogs/types-of-fbr-notices-pakistan,blog,690,37,165,1,1,1,1,"FBR Procedures",93,100
blogs/wealth-statement-guide-pakistan-2026,blog,903,56,167,1,1,1,1,"Wealth Declaration",100,100
blogs/wht-on-dividends-pakistan-2026,blog,576,58,165,1,1,1,1,"Withholding Tax",93,100
blogs/wht-rate-filer-non-filer-pakistan,blog,567,47,165,1,1,1,1,"Withholding Tax",93,100
blogs/why-kamboh-associates-best-tax-consultant-pakistan,blog,1101,54,174,1,1,1,1,"Tax Consultant Services",100,100
blogs/withholding-agent-responsibilities-pakistan,blog,573,56,165,1,1,1,1,"Withholding Tax",93,100
blogs/withholding-tax-agent-registration-pakistan,blog,618,48,166,1,1,1,1,"Tax Consultant Services",93,100
blogs/withholding-tax-on-contracts-pakistan,blog,570,54,165,1,1,1,1,"Withholding Tax",93,100
blogs/withholding-tax-on-services-pakistan,blog,578,57,165,1,1,1,1,"Withholding Tax",93,100
blogs/withholding-tax-pakistan-2026,blog,837,54,164,1,1,1,1,"Withholding Tax",100,100
blogs/withholding-tax-rates-pakistan-2026,blog,763,58,168,1,1,1,1,"Withholding Tax",100,100