slug,page_type,title_len,meta_len,word_count,h1,has_tldr,has_faq_schema,has_breadcrumb,has_blogposting,has_canonical,has_og,has_twitter
about,trust,54,195,741,About Kamboh Associates &mdash; Pakistan&rsquo;s Trusted Tax Consultancy,1,1,1,1,1,1,1
ai-business-tax-pakistan,service,52,144,1129,AI Business Taxation in Pakistan 2026 &mdash; Complete FBR Compliance Guide,1,1,1,1,1,1,1
amazon-fba-tax-pakistan,other,57,173,1060,Amazon FBA Tax Pakistan 2026 &mdash; Complete Tax Guide for Sellers,1,1,1,1,1,1,1
amazon-seller-tax-pakistan,other,58,169,985,Amazon Seller Tax Filing Checklist Pakistan 2026 &mdash; Complete FBR Compliance,1,1,1,1,1,1,1
annual-company-filing-guide-pakistan,service,54,142,1081,Annual Company Filing Guide Pakistan 2026,1,1,1,1,1,1,1
aop-tax-return,service,48,173,741,AOP Tax Return Filing Pakistan &mdash; Association of Persons,1,1,1,1,1,1,1
atl-pakistan-guide,other,55,165,1396,Complete Guide to ATL in Pakistan 2026 &mdash; FBR Active Taxpayer List Explaine,1,1,1,1,1,1,1
atl-registration-lahore,service,60,165,764,ATL Registration Lahore 2026,1,1,1,1,1,1,1
best-business-structure-pakistan,service,59,172,1474,Best Business Structure in Pakistan 2026 &mdash; Sole Prop; OPC; Partnership or ,1,1,1,1,1,1,1
blogs,other,68,161,10408,Tax &amp; Regulatory Insights,0,0,0,1,1,1,1
blogs/advance-income-tax-pakistan,blog,41,165,630,Advance Tax on Transactions Pakistan 2026 — Complete Guide,1,1,1,1,1,1,1
blogs/advance-tax-installments-pakistan,blog,54,165,621,Advance Tax Installments Pakistan 2026 — Section 147 Payment Guide,1,1,1,1,1,1,1
blogs/advance-tax-pakistan-2026,blog,57,169,645,Advance Tax Pakistan 2026Section 147 Quarterly Payment Guide,1,1,1,1,1,1,1
blogs/advance-tax-section-147-pakistan,blog,57,146,617,Advance Tax Section 147 Pakistan 2026,1,1,1,1,1,1,1
blogs/affordable-tax-consultant-pakistan,blog,58,176,597,Affordable Tax Consultant in Pakistan 2026 &mdash; Starting Rs. 3;500,1,1,1,1,1,1,1
blogs/amazon-seller-tax-pakistan,blog,58,165,621,Amazon Seller Tax Pakistan 2026 — FBA &amp; Dropship Tax Guide,1,1,1,1,1,1,1
blogs/aop-tax-return-pakistan-2026,blog,55,153,682,AOP Tax Return Pakistan 2026 - Association of Persons Filing Guide,1,1,1,1,1,1,1
blogs/azad-kashmir-tax-guide-2026,blog,46,164,635,Income Tax in Azad Kashmir (AJK) Pakistan 2026,1,1,1,1,1,1,1
blogs/balochistan-income-tax-guide-2026,blog,58,164,638,Income Tax in Balochistan Pakistan 2026 — Quetta Tax Guide,1,1,1,1,1,1,1
blogs/best-tax-consultant-islamabad-2026,blog,58,142,511,Best Tax Consultant in Islamabad 2026 &mdash; Online FBR Service,1,1,1,1,1,1,1
blogs/best-tax-consultant-karachi-2026,blog,56,164,525,Best Tax Consultant in Karachi 2026 &mdash; 100% Online Service,1,1,1,1,1,1,1
blogs/best-tax-consultant-near-me-pakistan,blog,58,193,599,Best Tax Consultant Near Me in Pakistan 2026,1,1,1,1,1,1,1
blogs/best-tax-consultant-pakistan,blog,59,177,845,Best Tax Consultant in Pakistan 2026 &mdash; FBR Experts You Can Trust,1,1,1,1,1,1,1
blogs/best-tax-consultant-pakistan-fbr-filing-2026,blog,54,192,1002,Best Tax Consultant in Pakistan 2026 — FBR Filing; NTN &amp; Income Tax,1,1,1,1,1,1,1
blogs/business-expense-deductible-pakistan,blog,45,165,631,Deductible Business Expenses in Pakistan 2026 — FBR Guide,1,1,1,1,1,1,1
blogs/business-income-tax-return-pakistan,blog,49,165,624,Business Income Tax Return Pakistan 2026 — Sole Proprietor Guide,1,1,1,1,1,1,1
blogs/capital-gains-tax-pakistan-2026,blog,54,171,922,Capital Gains Tax in Pakistan 2026 - Property; Shares & Crypto,1,1,1,1,1,1,1
blogs/capital-gains-tax-shares-pakistan-2026,blog,55,166,591,Capital Gains Tax on Shares Pakistan 2026CGT Rates; Holding Periods & Filing,1,1,1,1,1,1,1
blogs/capital-value-tax-pakistan-2026,blog,56,161,621,Capital Value Tax (CVT) Pakistan 2026Foreign Assets & Motor Vehicle Tax Guide,1,1,1,1,1,1,1
blogs/charitable-donation-tax-pakistan,blog,60,165,631,Charitable Donation Tax Deduction Pakistan 2026 — Section 61,1,1,1,1,1,1,1
blogs/company-registration-pakistan,blog,57,170,920,Company Registration Pakistan 2026SECP Pvt Ltd; AOP & Sole Proprietor &mdash; Co,1,1,1,1,1,1,1
blogs/company-registration-pakistan-2026,blog,58,196,705,Company Registration Pakistan 2026Complete SECP Guide &mdash; Cost; Documents & ,1,1,1,1,1,1,1
blogs/contractor-tax-pakistan-2026,blog,55,164,636,Contractor Income Tax Pakistan 2026 — Section 153 Guide,1,1,1,1,1,1,1
blogs/corporate-income-tax-pakistan-2026,blog,59,164,642,Corporate Income Tax Pakistan 2026 — Company Tax Rate Guide,1,1,1,1,1,1,1
blogs/corporate-tax-rate-pakistan-2026,blog,58,178,651,Corporate Tax Rate Pakistan 2026Complete Company Tax Guide,1,1,1,1,1,1,1
blogs/crypto-tax-pakistan-2026,blog,57,158,753,Crypto Tax Pakistan 2026FBR Rules on Bitcoin; USDT & Cryptocurrency Income,1,1,1,1,1,1,1
blogs/cryptocurrency-tax-fbr-pakistan,blog,54,165,618,Cryptocurrency Tax FBR Pakistan 2026 — Bitcoin &amp; Crypto Guide,1,1,1,1,1,1,1
blogs/deemed-income-tax-property-pakistan,blog,58,165,622,Deemed Income Tax on Property Pakistan 2026 — Section 7E Guide,1,1,1,1,1,1,1
blogs/depreciation-tax-pakistan,blog,56,165,638,Depreciation for Tax Purposes Pakistan 2026 — WDVR Guide,1,1,1,1,1,1,1
blogs/double-taxation-treaty-pakistan,blog,59,182,591,Double Taxation Treaty Pakistan 2026How to Avoid Being Taxed Twice,1,1,1,1,1,1,1
blogs/education-expense-tax-credit-pakistan,blog,58,164,641,Education Expense Tax Credit Pakistan 2026 — Section 60B Guide,1,1,1,1,1,1,1
blogs/export-income-tax-pakistan-2026,blog,54,165,635,Tax on Export Income Pakistan 2026 — SBP Repatriated Proceeds,1,1,1,1,1,1,1
blogs/fbr-active-taxpayer-list-guide,blog,44,165,624,FBR Active Taxpayer List (ATL) Pakistan 2026 — Complete Guide,1,1,1,1,1,1,1
blogs/fbr-audit-pakistan-2026,blog,59,149,922,FBR Tax Audit in Pakistan 2026 - How to Prepare and Respond,1,1,1,1,1,1,1
blogs/fbr-audit-procedure-pakistan-2026,blog,57,165,626,FBR Tax Audit Pakistan 2026 — What to Expect and How to Prepare,1,1,1,1,1,1,1
blogs/fbr-audit-selection-criteria,blog,47,165,621,How FBR Selects Returns for Audit Pakistan 2026,1,1,1,1,1,1,1
blogs/fbr-broadening-tax-base-pakistan,blog,57,165,927,FBR Tax Registration Pakistan 2026 — Why Register &amp; Benefits,1,1,1,1,1,1,1
blogs/fbr-income-tax-return-deadline-2026-pakistan,blog,59,173,744,FBR Income Tax Return Deadline 2026 Pakistan &mdash; Complete Guide,1,1,1,1,1,1,1
blogs/fbr-iris-portal-guide-pakistan,blog,59,165,627,FBR IRIS Portal Guide Pakistan 2026 — Login; Filing &amp; Features,1,1,1,1,1,1,1
blogs/fbr-notice-received-what-to-do-pakistan,blog,59,167,742,FBR Notice Received &mdash; What to Do?Step-by-Step Response Guide Pakistan 2026,1,1,1,1,1,1,1
blogs/fbr-notice-response-guide-pakistan,blog,49,171,1364,How to Respond to FBR Tax Notice in Pakistan 2026,1,1,1,1,1,1,1
blogs/fbr-notice-section-122-pakistan,blog,59,165,618,FBR Notice Section 122 Pakistan — Amendment of Assessment Guide,1,1,1,1,1,1,1
blogs/fbr-notice-section-176-pakistan,blog,58,165,617,FBR Notice Section 176 Pakistan — Requirement to Furnish Guide,1,1,1,1,1,1,1
blogs/fbr-penalty-pakistan-2026,blog,58,165,968,FBR Penalties in Pakistan 2026 — Late Filing; Non-Filing &amp; More,1,1,1,1,1,1,1
blogs/fbr-registration-new-business-pakistan,blog,59,173,795,FBR Registration for New Business in Pakistan 2026 — NTN; STRN &amp; Company,1,1,1,1,1,1,1
blogs/fbr-registration-step-by-step,blog,56,164,622,FBR Registration Step by Step Pakistan 2026 — Complete IRIS Guide,1,1,1,1,1,1,1
blogs/fbr-section-111-notice-response-guide,blog,51,167,1422,FBR Section 111 Notice Response Guide Pakistan 2026,1,1,1,1,1,1,1
blogs/fbr-section-122-notice-pakistan,blog,53,173,679,FBR Section 122 Notice Pakistan - How to Respond 2026,1,1,1,1,1,1,1
blogs/fbr-tax-payment-psid-guide-2026,blog,51,153,521,How to Pay FBR Tax Online in Pakistan 2026 - PSID Guide,1,1,1,1,1,1,1
blogs/filer-benefits-pakistan-2026,blog,55,165,889,Filer Benefits in Pakistan 2026 - Why You Must Become Active Filer,1,1,1,1,1,1,1
blogs/filer-vs-non-filer-pakistan-2026,blog,53,162,1037,Filer vs Non-Filer Pakistan 2026WHT Rates; Benefits; Restrictions &mdash; Become,1,1,1,1,1,1,1
blogs/finance-act-2026-key-changes-pakistan,blog,55,191,650,Finance Act 2026 Pakistan - Key Tax Changes and Updates,1,1,1,1,1,1,1
blogs/finance-act-2026-pakistan-tax-changes,blog,58,162,1276,Finance Act 2026 Pakistan — Complete Tax Changes Summary,1,1,1,1,1,1,1
blogs/freelancer-ntn-filer-status-guide,blog,54,165,620,How Freelancers Can Become FBR Filers in Pakistan 2026,1,1,1,1,1,1,1
blogs/freelancer-tax-pakistan-2026,blog,58,0,796,Freelancer Tax in Pakistan 2026FBR Filing Guide for Upwork; Fiverr & Remote Work,1,1,1,1,1,1,1
blogs/gift-tax-pakistan-2026,blog,53,165,641,Gift Tax Pakistan 2026 — Are Gifts Taxable Under FBR?,1,1,1,1,1,1,1
blogs/gilgit-baltistan-tax-guide-2026,blog,49,165,627,Income Tax in Gilgit-Baltistan (GB) Pakistan 2026,1,1,1,1,1,1,1
blogs/gratuity-tax-pakistan,blog,49,165,628,Gratuity Tax Pakistan 2026 — Is Gratuity Taxable?,1,1,1,1,1,1,1
blogs/hospital-clinic-tax-pakistan,blog,50,165,637,Income Tax for Hospitals and Clinics Pakistan 2026,1,1,1,1,1,1,1
blogs/house-rent-allowance-tax-pakistan,blog,54,164,621,House Rent Allowance (HRA) Tax Treatment Pakistan 2026,1,1,1,1,1,1,1
blogs/how-to-avoid-fbr-notice-pakistan,blog,59,180,781,How to Avoid FBR Notice in Pakistan 2026 - Prevention Guide,1,1,1,1,1,1,1
blogs/how-to-become-active-filer-pakistan-2026,blog,57,179,894,How to Become an Active Filer in Pakistan 2026,1,1,1,1,1,1,1
blogs/how-to-download-ntn-certificate-fbr,blog,50,156,717,How to Download NTN Certificate from FBR IRIS 2026,1,1,1,1,1,1,1
blogs/how-to-file-income-tax-return-fbr-iris-2026,blog,46,163,925,How to File Income Tax Return on FBR IRIS 2026 - Step by Step,1,1,1,1,1,1,1
blogs/how-to-file-income-tax-return-pakistan-2026,blog,43,165,1246,How to File Income Tax Return Pakistan 2026 - Step by Step Guide,1,1,1,1,1,1,1
blogs/how-to-file-nil-return-pakistan,blog,54,165,626,How to File Nil (Zero Income) Tax Return Pakistan 2026,1,1,1,1,1,1,1
blogs/how-to-reset-fbr-iris-password,blog,47,153,674,How to Reset FBR IRIS Password in Pakistan 2026,1,1,1,1,1,1,1
blogs/how-to-respond-fbr-notice-section-111,blog,57,170,1662,How to Respond to FBR Section 111 Notice in Pakistan 2026,1,1,1,1,1,1,1
blogs/import-export-tax-pakistan-2026,blog,31,173,630,Import Export Tax Pakistan 2026 - Complete Guide for Traders,1,1,1,1,1,1,1
blogs/income-tax-2025-budget-changes,blog,55,164,638,Income Tax Budget Changes Pakistan 2025-26 — FBR Update,1,1,1,1,1,1,1
blogs/income-tax-appeal-pakistan,blog,54,184,590,Income Tax Appeal Pakistan 2026Commissioner Appeals & Tribunal Process,1,1,1,1,1,1,1
blogs/income-tax-exemptions-pakistan-2026,blog,57,165,983,Income Tax Exemptions in Pakistan 2026 - What is Exempt from Tax,1,1,1,1,1,1,1
blogs/income-tax-exemptions-salaried-pakistan,blog,58,165,635,Income Tax Exemptions for Salaried Employees Pakistan 2026,1,1,1,1,1,1,1
blogs/income-tax-filing-abbottabad,blog,56,156,523,Income Tax Return Filing in Abbottabad 2026 - 100% Online,1,1,1,1,1,1,1
blogs/income-tax-filing-ahmedpur-east,blog,59,150,621,Income Tax Return Filing in Ahmedpur East 2026 - 100% Online,1,1,1,1,1,1,1
blogs/income-tax-filing-arifwala,blog,54,145,612,Income Tax Return Filing in Arifwala 2026 - 100% Online,1,1,1,1,1,1,1
blogs/income-tax-filing-attock,blog,52,143,612,Income Tax Return Filing in Attock 2026 - 100% Online,1,1,1,1,1,1,1
blogs/income-tax-filing-badin,blog,51,142,612,Income Tax Return Filing in Badin 2026 - 100% Online,1,1,1,1,1,1,1
blogs/income-tax-filing-bahawalpur,blog,56,156,523,Income Tax Return Filing in Bahawalpur 2026 - 100% Online,1,1,1,1,1,1,1
blogs/income-tax-filing-bannu,blog,51,142,612,Income Tax Return Filing in Bannu 2026 - 100% Online,1,1,1,1,1,1,1
blogs/income-tax-filing-bhakkar,blog,53,144,612,Income Tax Return Filing in Bhakkar 2026 - 100% Online,1,1,1,1,1,1,1
blogs/income-tax-filing-bhawalnagar,blog,57,148,612,Income Tax Return Filing in Bhawalnagar 2026 - 100% Online,1,1,1,1,1,1,1
blogs/income-tax-filing-bhimber,blog,53,144,612,Income Tax Return Filing in Bhimber 2026 - 100% Online,1,1,1,1,1,1,1
blogs/income-tax-filing-burewala,blog,54,145,612,Income Tax Return Filing in Burewala 2026 - 100% Online,1,1,1,1,1,1,1
blogs/income-tax-filing-chakwal,blog,53,144,612,Income Tax Return Filing in Chakwal 2026 - 100% Online,1,1,1,1,1,1,1
blogs/income-tax-filing-chaman,blog,52,143,612,Income Tax Return Filing in Chaman 2026 - 100% Online,1,1,1,1,1,1,1
blogs/income-tax-filing-charsadda,blog,55,146,612,Income Tax Return Filing in Charsadda 2026 - 100% Online,1,1,1,1,1,1,1
blogs/income-tax-filing-chiniot,blog,53,144,612,Income Tax Return Filing in Chiniot 2026 - 100% Online,1,1,1,1,1,1,1
blogs/income-tax-filing-chishtian,blog,55,146,612,Income Tax Return Filing in Chishtian 2026 - 100% Online,1,1,1,1,1,1,1
blogs/income-tax-filing-chitral,blog,53,144,612,Income Tax Return Filing in Chitral 2026 - 100% Online,1,1,1,1,1,1,1
blogs/income-tax-filing-dadu,blog,50,141,608,Income Tax Return Filing in Dadu 2026 - 100% Online,1,1,1,1,1,1,1
blogs/income-tax-filing-daska,blog,51,142,612,Income Tax Return Filing in Daska 2026 - 100% Online,1,1,1,1,1,1,1
blogs/income-tax-filing-depalpur,blog,54,145,612,Income Tax Return Filing in Depalpur 2026 - 100% Online,1,1,1,1,1,1,1
blogs/income-tax-filing-dera-ghazi-khan,blog,59,161,540,Income Tax Return Filing in Dera Ghazi Khan 2026 - 100% Online,1,1,1,1,1,1,1
blogs/income-tax-filing-dera-ismail-khan,blog,53,162,539,Income Tax Return Filing in Dera Ismail Khan 2026 - 100% Online,1,1,1,1,1,1,1
blogs/income-tax-filing-dina,blog,50,141,608,Income Tax Return Filing in Dina 2026 - 100% Online,1,1,1,1,1,1,1
blogs/income-tax-filing-dinga,blog,51,142,612,Income Tax Return Filing in Dinga 2026 - 100% Online,1,1,1,1,1,1,1
blogs/income-tax-filing-faisalabad,blog,56,156,523,Income Tax Return Filing in Faisalabad 2026 - 100% Online,1,1,1,1,1,1,1
blogs/income-tax-filing-fort-abbas,blog,56,147,621,Income Tax Return Filing in Fort Abbas 2026 - 100% Online,1,1,1,1,1,1,1
blogs/income-tax-filing-ghotki,blog,52,143,612,Income Tax Return Filing in Ghotki 2026 - 100% Online,1,1,1,1,1,1,1
blogs/income-tax-filing-gilgit,blog,52,143,611,Income Tax Return Filing in Gilgit 2026 - 100% Online,1,1,1,1,1,1,1
blogs/income-tax-filing-gojra,blog,51,142,612,Income Tax Return Filing in Gojra 2026 - 100% Online,1,1,1,1,1,1,1
blogs/income-tax-filing-gujranwala,blog,56,156,523,Income Tax Return Filing in Gujranwala 2026 - 100% Online,1,1,1,1,1,1,1
blogs/income-tax-filing-gujrat,blog,52,143,612,Income Tax Return Filing in Gujrat 2026 - 100% Online,1,1,1,1,1,1,1
blogs/income-tax-filing-gwadar,blog,52,143,612,Income Tax Return Filing in Gwadar 2026 - 100% Online,1,1,1,1,1,1,1
blogs/income-tax-filing-hafizabad,blog,55,146,612,Income Tax Return Filing in Hafizabad 2026 - 100% Online,1,1,1,1,1,1,1
blogs/income-tax-filing-hangu,blog,51,142,612,Income Tax Return Filing in Hangu 2026 - 100% Online,1,1,1,1,1,1,1
blogs/income-tax-filing-haripur,blog,53,144,612,Income Tax Return Filing in Haripur 2026 - 100% Online,1,1,1,1,1,1,1
blogs/income-tax-filing-haroonabad,blog,56,147,612,Income Tax Return Filing in Haroonabad 2026 - 100% Online,1,1,1,1,1,1,1
blogs/income-tax-filing-haveli-lakha,blog,58,149,621,Income Tax Return Filing in Haveli Lakha 2026 - 100% Online,1,1,1,1,1,1,1
blogs/income-tax-filing-hub,blog,49,140,608,Income Tax Return Filing in Hub 2026 - 100% Online,1,1,1,1,1,1,1
blogs/income-tax-filing-hunza,blog,51,142,611,Income Tax Return Filing in Hunza 2026 - 100% Online,1,1,1,1,1,1,1
blogs/income-tax-filing-hyderabad,blog,55,155,523,Income Tax Return Filing in Hyderabad 2026 - 100% Online,1,1,1,1,1,1,1
blogs/income-tax-filing-islamabad,blog,55,155,523,Income Tax Return Filing in Islamabad 2026 - 100% Online,1,1,1,1,1,1,1
blogs/income-tax-filing-jacobabad,blog,55,146,612,Income Tax Return Filing in Jacobabad 2026 - 100% Online,1,1,1,1,1,1,1
blogs/income-tax-filing-jaranwala,blog,55,146,612,Income Tax Return Filing in Jaranwala 2026 - 100% Online,1,1,1,1,1,1,1
blogs/income-tax-filing-jhang,blog,51,142,612,Income Tax Return Filing in Jhang 2026 - 100% Online,1,1,1,1,1,1,1
blogs/income-tax-filing-jhelum,blog,52,143,612,Income Tax Return Filing in Jhelum 2026 - 100% Online,1,1,1,1,1,1,1
blogs/income-tax-filing-kabirwala,blog,55,146,612,Income Tax Return Filing in Kabirwala 2026 - 100% Online,1,1,1,1,1,1,1
blogs/income-tax-filing-kalat,blog,51,142,612,Income Tax Return Filing in Kalat 2026 - 100% Online,1,1,1,1,1,1,1
blogs/income-tax-filing-kamalia,blog,53,144,612,Income Tax Return Filing in Kamalia 2026 - 100% Online,1,1,1,1,1,1,1
blogs/income-tax-filing-kamoke,blog,52,143,612,Income Tax Return Filing in Kamoke 2026 - 100% Online,1,1,1,1,1,1,1
blogs/income-tax-filing-karachi,blog,53,153,523,Income Tax Return Filing in Karachi 2026 - 100% Online,1,1,1,1,1,1,1
blogs/income-tax-filing-karak,blog,51,142,612,Income Tax Return Filing in Karak 2026 - 100% Online,1,1,1,1,1,1,1
blogs/income-tax-filing-kasur,blog,51,142,612,Income Tax Return Filing in Kasur 2026 - 100% Online,1,1,1,1,1,1,1
blogs/income-tax-filing-khairpur,blog,54,145,612,Income Tax Return Filing in Khairpur 2026 - 100% Online,1,1,1,1,1,1,1
blogs/income-tax-filing-khanewal,blog,54,145,612,Income Tax Return Filing in Khanewal 2026 - 100% Online,1,1,1,1,1,1,1
blogs/income-tax-filing-khanpur,blog,53,144,612,Income Tax Return Filing in Khanpur 2026 - 100% Online,1,1,1,1,1,1,1
blogs/income-tax-filing-kharian,blog,53,144,612,Income Tax Return Filing in Kharian 2026 - 100% Online,1,1,1,1,1,1,1
blogs/income-tax-filing-khushab,blog,53,144,612,Income Tax Return Filing in Khushab 2026 - 100% Online,1,1,1,1,1,1,1
blogs/income-tax-filing-khuzdar,blog,53,144,612,Income Tax Return Filing in Khuzdar 2026 - 100% Online,1,1,1,1,1,1,1
blogs/income-tax-filing-kohat,blog,51,142,612,Income Tax Return Filing in Kohat 2026 - 100% Online,1,1,1,1,1,1,1
blogs/income-tax-filing-kotli,blog,51,142,612,Income Tax Return Filing in Kotli 2026 - 100% Online,1,1,1,1,1,1,1
blogs/income-tax-filing-lahore,blog,52,152,625,Income Tax Return Filing in Lahore 2026 - 100% Online,1,1,1,1,1,1,1
blogs/income-tax-filing-lakki-marwat,blog,58,149,621,Income Tax Return Filing in Lakki Marwat 2026 - 100% Online,1,1,1,1,1,1,1
blogs/income-tax-filing-lalamusa,blog,54,145,612,Income Tax Return Filing in Lalamusa 2026 - 100% Online,1,1,1,1,1,1,1
blogs/income-tax-filing-larkana,blog,53,153,523,Income Tax Return Filing in Larkana 2026 - 100% Online,1,1,1,1,1,1,1
blogs/income-tax-filing-lasbela,blog,53,144,612,Income Tax Return Filing in Lasbela 2026 - 100% Online,1,1,1,1,1,1,1
blogs/income-tax-filing-layyah,blog,52,143,612,Income Tax Return Filing in Layyah 2026 - 100% Online,1,1,1,1,1,1,1
blogs/income-tax-filing-liaquatpur,blog,56,147,612,Income Tax Return Filing in Liaquatpur 2026 - 100% Online,1,1,1,1,1,1,1
blogs/income-tax-filing-lodhran,blog,53,144,612,Income Tax Return Filing in Lodhran 2026 - 100% Online,1,1,1,1,1,1,1
blogs/income-tax-filing-loralai,blog,53,144,612,Income Tax Return Filing in Loralai 2026 - 100% Online,1,1,1,1,1,1,1
blogs/income-tax-filing-mailsi,blog,52,143,612,Income Tax Return Filing in Mailsi 2026 - 100% Online,1,1,1,1,1,1,1
blogs/income-tax-filing-malakwal,blog,54,145,612,Income Tax Return Filing in Malakwal 2026 - 100% Online,1,1,1,1,1,1,1
blogs/income-tax-filing-mandi-bahauddin,blog,59,152,620,Income Tax Return Filing in Mandi Bahauddin 2026 - 100% Online,1,1,1,1,1,1,1
blogs/income-tax-filing-mansehra,blog,54,145,612,Income Tax Return Filing in Mansehra 2026 - 100% Online,1,1,1,1,1,1,1
blogs/income-tax-filing-mardan,blog,52,152,523,Income Tax Return Filing in Mardan 2026 - 100% Online,1,1,1,1,1,1,1
blogs/income-tax-filing-mastung,blog,53,144,612,Income Tax Return Filing in Mastung 2026 - 100% Online,1,1,1,1,1,1,1
blogs/income-tax-filing-matiari,blog,53,144,612,Income Tax Return Filing in Matiari 2026 - 100% Online,1,1,1,1,1,1,1
blogs/income-tax-filing-mian-channu,blog,57,148,621,Income Tax Return Filing in Mian Channu 2026 - 100% Online,1,1,1,1,1,1,1
blogs/income-tax-filing-mingora,blog,53,144,612,Income Tax Return Filing in Mingora 2026 - 100% Online,1,1,1,1,1,1,1
blogs/income-tax-filing-mirpur,blog,52,143,612,Income Tax Return Filing in Mirpur 2026 - 100% Online,1,1,1,1,1,1,1
blogs/income-tax-filing-mirpurkhas,blog,56,147,612,Income Tax Return Filing in Mirpurkhas 2026 - 100% Online,1,1,1,1,1,1,1
blogs/income-tax-filing-multan,blog,52,152,523,Income Tax Return Filing in Multan 2026 - 100% Online,1,1,1,1,1,1,1
blogs/income-tax-filing-muzaffarabad,blog,58,149,612,Income Tax Return Filing in Muzaffarabad 2026 - 100% Online,1,1,1,1,1,1,1
blogs/income-tax-filing-muzaffargarh,blog,58,149,612,Income Tax Return Filing in Muzaffargarh 2026 - 100% Online,1,1,1,1,1,1,1
blogs/income-tax-filing-narowal,blog,53,144,612,Income Tax Return Filing in Narowal 2026 - 100% Online,1,1,1,1,1,1,1
blogs/income-tax-filing-nawabshah,blog,55,146,612,Income Tax Return Filing in Nawabshah 2026 - 100% Online,1,1,1,1,1,1,1
blogs/income-tax-filing-nowshera,blog,54,145,612,Income Tax Return Filing in Nowshera 2026 - 100% Online,1,1,1,1,1,1,1
blogs/income-tax-filing-okara,blog,51,142,612,Income Tax Return Filing in Okara 2026 - 100% Online,1,1,1,1,1,1,1
blogs/income-tax-filing-pakpattan,blog,55,146,612,Income Tax Return Filing in Pakpattan 2026 - 100% Online,1,1,1,1,1,1,1
blogs/income-tax-filing-pasrur,blog,52,143,612,Income Tax Return Filing in Pasrur 2026 - 100% Online,1,1,1,1,1,1,1
blogs/income-tax-filing-peshawar,blog,54,154,523,Income Tax Return Filing in Peshawar 2026 - 100% Online,1,1,1,1,1,1,1
blogs/income-tax-filing-phalia,blog,52,143,612,Income Tax Return Filing in Phalia 2026 - 100% Online,1,1,1,1,1,1,1
blogs/income-tax-filing-pishin,blog,52,143,612,Income Tax Return Filing in Pishin 2026 - 100% Online,1,1,1,1,1,1,1
blogs/income-tax-filing-quetta,blog,52,152,523,Income Tax Return Filing in Quetta 2026 - 100% Online,1,1,1,1,1,1,1
blogs/income-tax-filing-rahim-yar-khan,blog,60,151,626,Income Tax Return Filing in Rahim Yar Khan 2026 - 100% Online,1,1,1,1,1,1,1
blogs/income-tax-filing-rajanpur,blog,54,145,612,Income Tax Return Filing in Rajanpur 2026 - 100% Online,1,1,1,1,1,1,1
blogs/income-tax-filing-rawalakot,blog,55,146,612,Income Tax Return Filing in Rawalakot 2026 - 100% Online,1,1,1,1,1,1,1
blogs/income-tax-filing-rawalpindi,blog,56,156,523,Income Tax Return Filing in Rawalpindi 2026 - 100% Online,1,1,1,1,1,1,1
blogs/income-tax-filing-renala-khurd,blog,58,149,621,Income Tax Return Filing in Renala Khurd 2026 - 100% Online,1,1,1,1,1,1,1
blogs/income-tax-filing-sadiqabad,blog,55,146,612,Income Tax Return Filing in Sadiqabad 2026 - 100% Online,1,1,1,1,1,1,1
blogs/income-tax-filing-sahiwal,blog,53,153,523,Income Tax Return Filing in Sahiwal 2026 - 100% Online,1,1,1,1,1,1,1
blogs/income-tax-filing-sambrial,blog,54,145,612,Income Tax Return Filing in Sambrial 2026 - 100% Online,1,1,1,1,1,1,1
blogs/income-tax-filing-sammundri,blog,55,146,612,Income Tax Return Filing in Sammundri 2026 - 100% Online,1,1,1,1,1,1,1
blogs/income-tax-filing-sanghar,blog,53,144,612,Income Tax Return Filing in Sanghar 2026 - 100% Online,1,1,1,1,1,1,1
blogs/income-tax-filing-sargodha,blog,54,154,523,Income Tax Return Filing in Sargodha 2026 - 100% Online,1,1,1,1,1,1,1
blogs/income-tax-filing-shakargarh,blog,56,147,612,Income Tax Return Filing in Shakargarh 2026 - 100% Online,1,1,1,1,1,1,1
blogs/income-tax-filing-sheikhupura,blog,57,148,612,Income Tax Return Filing in Sheikhupura 2026 - 100% Online,1,1,1,1,1,1,1
blogs/income-tax-filing-shikarpur,blog,55,146,612,Income Tax Return Filing in Shikarpur 2026 - 100% Online,1,1,1,1,1,1,1
blogs/income-tax-filing-sialkot,blog,53,153,523,Income Tax Return Filing in Sialkot 2026 - 100% Online,1,1,1,1,1,1,1
blogs/income-tax-filing-sibi,blog,50,141,608,Income Tax Return Filing in Sibi 2026 - 100% Online,1,1,1,1,1,1,1
blogs/income-tax-filing-skardu,blog,52,143,611,Income Tax Return Filing in Skardu 2026 - 100% Online,1,1,1,1,1,1,1
blogs/income-tax-filing-sukkur,blog,52,152,523,Income Tax Return Filing in Sukkur 2026 - 100% Online,1,1,1,1,1,1,1
blogs/income-tax-filing-swabi,blog,51,142,612,Income Tax Return Filing in Swabi 2026 - 100% Online,1,1,1,1,1,1,1
blogs/income-tax-filing-talagang,blog,54,145,612,Income Tax Return Filing in Talagang 2026 - 100% Online,1,1,1,1,1,1,1
blogs/income-tax-filing-tando-adam,blog,56,147,617,Income Tax Return Filing in Tando Adam 2026 - 100% Online,1,1,1,1,1,1,1
blogs/income-tax-filing-tando-allahyar,blog,60,151,621,Income Tax Return Filing in Tando Allahyar 2026 - 100% Online,1,1,1,1,1,1,1
blogs/income-tax-filing-thatta,blog,52,143,612,Income Tax Return Filing in Thatta 2026 - 100% Online,1,1,1,1,1,1,1
blogs/income-tax-filing-timergara,blog,55,146,612,Income Tax Return Filing in Timergara 2026 - 100% Online,1,1,1,1,1,1,1
blogs/income-tax-filing-toba-tek-singh,blog,60,151,630,Income Tax Return Filing in Toba Tek Singh 2026 - 100% Online,1,1,1,1,1,1,1
blogs/income-tax-filing-turbat,blog,52,143,612,Income Tax Return Filing in Turbat 2026 - 100% Online,1,1,1,1,1,1,1
blogs/income-tax-filing-vehari,blog,52,143,612,Income Tax Return Filing in Vehari 2026 - 100% Online,1,1,1,1,1,1,1
blogs/income-tax-filing-wah-cantt,blog,55,146,621,Income Tax Return Filing in Wah Cantt 2026 - 100% Online,1,1,1,1,1,1,1
blogs/income-tax-filing-wazirabad,blog,55,146,612,Income Tax Return Filing in Wazirabad 2026 - 100% Online,1,1,1,1,1,1,1
blogs/income-tax-filing-zafarwal,blog,54,145,612,Income Tax Return Filing in Zafarwal 2026 - 100% Online,1,1,1,1,1,1,1
blogs/income-tax-filing-zhob,blog,50,141,608,Income Tax Return Filing in Zhob 2026 - 100% Online,1,1,1,1,1,1,1
blogs/income-tax-for-overseas-pakistan,blog,60,165,642,Income Tax for Overseas Pakistanis 2026 — Complete NRP Guide,1,1,1,1,1,1,1
blogs/income-tax-on-property-sale-2026,blog,58,165,624,Income Tax on Property Sale Pakistan 2026 — CGT Complete Guide,1,1,1,1,1,1,1
blogs/income-tax-return-deadline-pakistan-2026,blog,58,171,687,Income Tax Return Deadline Pakistan 2026 - Last Date and Penalties,1,1,1,1,1,1,1
blogs/income-tax-return-filing-faisalabad,blog,53,172,535,Income Tax Return Filing in FaisalabadFor Textile Traders; Manufacturers & Salar,1,1,1,1,1,1,1
blogs/income-tax-return-filing-islamabad,blog,54,184,553,Income Tax Return Filing in IslamabadFor Salaried; Business & Freelance Taxpayer,1,1,1,1,1,1,1
blogs/income-tax-return-filing-karachi,blog,57,156,707,Income Tax Return Filing in Karachi 2026 &mdash; Expert FBR Services,1,1,1,1,1,1,1
blogs/income-tax-return-filing-multan,blog,54,168,515,Income Tax Return Filing in MultanFor Traders; DHA Investors & Salaried Taxpayer,1,1,1,1,1,1,1
blogs/income-tax-return-filing-pakistan,blog,57,174,859,Income Tax Return Filing Pakistan 2026 &mdash; Complete Guide,1,1,1,1,1,1,1
blogs/income-tax-return-filing-rawalpindi,blog,55,183,546,Income Tax Return Filing in RawalpindiFor Salaried; Trader & Business Taxpayers,1,1,1,1,1,1,1
blogs/income-tax-return-late-filing-pakistan,blog,57,165,629,Late Income Tax Return Filing Pakistan 2026 — Penalties &amp; Guide,1,1,1,1,1,1,1
blogs/income-tax-second-schedule-pakistan,blog,55,165,638,Income Tax Second Schedule Pakistan 2026 — Exemptions &amp; Credits,1,1,1,1,1,1,1
blogs/income-tax-slab-pakistan-2026,blog,53,158,878,Income Tax Slab Pakistan 2026 — Updated FBR Tax Rates for Individuals,1,1,1,1,1,1,1
blogs/inheritance-wealth-declaration-pakistan,blog,42,165,630,Inherited Wealth Declaration Pakistan 2026 — FBR Guide,1,1,1,1,1,1,1
blogs/kamboh-associates-reviews-pakistan-tax-consultant,blog,58,166,834,Kamboh Associates Reviews 2026 — Real Client Experiences from Across Pakistan,1,1,1,1,1,1,1
blogs/kpk-income-tax-guide-2026,blog,52,165,635,Income Tax in KPK (Khyber Pakhtunkhwa) Pakistan 2026,1,1,1,1,1,1,1
blogs/late-filing-penalty-income-tax-pakistan,blog,54,169,645,Late Filing Penalty Income Tax Pakistan 2026Rates & How to Avoid Them,1,1,1,1,1,1,1
blogs/medical-allowance-tax-exemption-pakistan,blog,55,165,638,Medical Allowance Tax Exemption Pakistan 2026 — Limit &amp; Rules,1,1,1,1,1,1,1
blogs/minimum-tax-section-113-pakistan,blog,56,151,859,Minimum Tax Section 113 Pakistan 2026 - Who Pays and How,1,1,1,1,1,1,1
blogs/minimum-tax-turnover-pakistan,blog,55,164,610,Minimum Tax on Turnover Pakistan 2026Rates & Calculation Guide,1,1,1,1,1,1,1
blogs/mutual-fund-tax-pakistan-2026,blog,56,165,639,Mutual Fund Tax in Pakistan 2026 — Capital Gains &amp; Dividend,1,1,1,1,1,1,1
blogs/national-savings-tax-pakistan,blog,58,165,638,Tax on National Savings Certificates Pakistan 2026 — NSC Tax Guide,1,1,1,1,1,1,1
blogs/nicop-holder-tax-obligations-pakistan,blog,42,186,694,NICOP Holder Tax Obligations Pakistan 2026 - Complete Guide,1,1,1,1,1,1,1
blogs/non-filer-consequences-pakistan-2026,blog,54,155,938,Consequences of Not Filing Tax Return in Pakistan 2026,1,1,1,1,1,1,1
blogs/ntn-registration-abbottabad,blog,52,149,659,NTN Registration in Abbottabad 2026 - Online Same Day,1,1,1,1,1,1,1
blogs/ntn-registration-ahmedpur-east,blog,55,165,567,NTN Registration in Ahmedpur East 2026 - Online Same Day,1,1,1,1,1,1,1
blogs/ntn-registration-arifwala,blog,50,165,557,NTN Registration in Arifwala 2026 - Online Same Day,1,1,1,1,1,1,1
blogs/ntn-registration-attock,blog,48,165,557,NTN Registration in Attock 2026 - Online Same Day,1,1,1,1,1,1,1
blogs/ntn-registration-badin,blog,47,164,557,NTN Registration in Badin 2026 - Online Same Day,1,1,1,1,1,1,1
blogs/ntn-registration-bahawalpur,blog,52,149,659,NTN Registration in Bahawalpur 2026 - Online Same Day,1,1,1,1,1,1,1
blogs/ntn-registration-bannu,blog,47,164,557,NTN Registration in Bannu 2026 - Online Same Day,1,1,1,1,1,1,1
blogs/ntn-registration-bhakkar,blog,49,165,557,NTN Registration in Bhakkar 2026 - Online Same Day,1,1,1,1,1,1,1
blogs/ntn-registration-bhawalnagar,blog,53,165,557,NTN Registration in Bhawalnagar 2026 - Online Same Day,1,1,1,1,1,1,1
blogs/ntn-registration-bhimber,blog,49,165,557,NTN Registration in Bhimber 2026 - Online Same Day,1,1,1,1,1,1,1
blogs/ntn-registration-burewala,blog,50,165,557,NTN Registration in Burewala 2026 - Online Same Day,1,1,1,1,1,1,1
blogs/ntn-registration-chakwal,blog,49,165,557,NTN Registration in Chakwal 2026 - Online Same Day,1,1,1,1,1,1,1
blogs/ntn-registration-chaman,blog,48,165,557,NTN Registration in Chaman 2026 - Online Same Day,1,1,1,1,1,1,1
blogs/ntn-registration-charsadda,blog,51,165,557,NTN Registration in Charsadda 2026 - Online Same Day,1,1,1,1,1,1,1
blogs/ntn-registration-chiniot,blog,49,165,557,NTN Registration in Chiniot 2026 - Online Same Day,1,1,1,1,1,1,1
blogs/ntn-registration-chishtian,blog,51,165,557,NTN Registration in Chishtian 2026 - Online Same Day,1,1,1,1,1,1,1
blogs/ntn-registration-chitral,blog,49,165,557,NTN Registration in Chitral 2026 - Online Same Day,1,1,1,1,1,1,1
blogs/ntn-registration-dadu,blog,46,165,557,NTN Registration in Dadu 2026 - Online Same Day,1,1,1,1,1,1,1
blogs/ntn-registration-daska,blog,47,164,557,NTN Registration in Daska 2026 - Online Same Day,1,1,1,1,1,1,1
blogs/ntn-registration-depalpur,blog,50,165,557,NTN Registration in Depalpur 2026 - Online Same Day,1,1,1,1,1,1,1
blogs/ntn-registration-dera-ghazi-khan,blog,57,154,679,NTN Registration in Dera Ghazi Khan 2026 - Online Same Day,1,1,1,1,1,1,1
blogs/ntn-registration-dera-ismail-khan,blog,58,155,679,NTN Registration in Dera Ismail Khan 2026 - Online Same Day,1,1,1,1,1,1,1
blogs/ntn-registration-dina,blog,46,165,557,NTN Registration in Dina 2026 - Online Same Day,1,1,1,1,1,1,1
blogs/ntn-registration-dinga,blog,47,164,557,NTN Registration in Dinga 2026 - Online Same Day,1,1,1,1,1,1,1
blogs/ntn-registration-faisalabad,blog,54,190,638,NTN Registration in FaisalabadFast FBR NTN for Textile Traders & Businesses,1,1,1,1,1,1,1
blogs/ntn-registration-fort-abbas,blog,52,165,567,NTN Registration in Fort Abbas 2026 - Online Same Day,1,1,1,1,1,1,1
blogs/ntn-registration-ghotki,blog,48,165,557,NTN Registration in Ghotki 2026 - Online Same Day,1,1,1,1,1,1,1
blogs/ntn-registration-gilgit,blog,48,165,557,NTN Registration in Gilgit 2026 - Online Same Day,1,1,1,1,1,1,1
blogs/ntn-registration-gojra,blog,47,164,557,NTN Registration in Gojra 2026 - Online Same Day,1,1,1,1,1,1,1
blogs/ntn-registration-gujranwala,blog,52,149,659,NTN Registration in Gujranwala 2026 - Online Same Day,1,1,1,1,1,1,1
blogs/ntn-registration-gujrat,blog,48,165,557,NTN Registration in Gujrat 2026 - Online Same Day,1,1,1,1,1,1,1
blogs/ntn-registration-gwadar,blog,48,165,557,NTN Registration in Gwadar 2026 - Online Same Day,1,1,1,1,1,1,1
blogs/ntn-registration-hafizabad,blog,51,165,557,NTN Registration in Hafizabad 2026 - Online Same Day,1,1,1,1,1,1,1
blogs/ntn-registration-hangu,blog,47,164,557,NTN Registration in Hangu 2026 - Online Same Day,1,1,1,1,1,1,1
blogs/ntn-registration-haripur,blog,49,165,557,NTN Registration in Haripur 2026 - Online Same Day,1,1,1,1,1,1,1
blogs/ntn-registration-haroonabad,blog,52,165,557,NTN Registration in Haroonabad 2026 - Online Same Day,1,1,1,1,1,1,1
blogs/ntn-registration-haveli-lakha,blog,54,165,567,NTN Registration in Haveli Lakha 2026 - Online Same Day,1,1,1,1,1,1,1
blogs/ntn-registration-hub,blog,45,165,557,NTN Registration in Hub 2026 - Online Same Day,1,1,1,1,1,1,1
blogs/ntn-registration-hunza,blog,47,164,557,NTN Registration in Hunza 2026 - Online Same Day,1,1,1,1,1,1,1
blogs/ntn-registration-hyderabad,blog,51,148,659,NTN Registration in Hyderabad 2026 - Online Same Day,1,1,1,1,1,1,1
blogs/ntn-registration-islamabad,blog,53,175,665,NTN Registration in IslamabadFast FBR NTN for Individuals & Businesses,1,1,1,1,1,1,1
blogs/ntn-registration-jacobabad,blog,51,165,557,NTN Registration in Jacobabad 2026 - Online Same Day,1,1,1,1,1,1,1
blogs/ntn-registration-jaranwala,blog,51,165,557,NTN Registration in Jaranwala 2026 - Online Same Day,1,1,1,1,1,1,1
blogs/ntn-registration-jhang,blog,47,164,557,NTN Registration in Jhang 2026 - Online Same Day,1,1,1,1,1,1,1
blogs/ntn-registration-jhelum,blog,48,165,557,NTN Registration in Jhelum 2026 - Online Same Day,1,1,1,1,1,1,1
blogs/ntn-registration-kabirwala,blog,51,165,557,NTN Registration in Kabirwala 2026 - Online Same Day,1,1,1,1,1,1,1
blogs/ntn-registration-kalat,blog,47,164,557,NTN Registration in Kalat 2026 - Online Same Day,1,1,1,1,1,1,1
blogs/ntn-registration-kamalia,blog,49,165,557,NTN Registration in Kamalia 2026 - Online Same Day,1,1,1,1,1,1,1
blogs/ntn-registration-kamoke,blog,48,165,557,NTN Registration in Kamoke 2026 - Online Same Day,1,1,1,1,1,1,1
blogs/ntn-registration-karachi,blog,57,159,803,NTN Registration in Karachi 2026 &mdash; Get Your NTN in 24 Hours,1,1,1,1,1,1,1
blogs/ntn-registration-karak,blog,47,164,557,NTN Registration in Karak 2026 - Online Same Day,1,1,1,1,1,1,1
blogs/ntn-registration-kasur,blog,47,164,557,NTN Registration in Kasur 2026 - Online Same Day,1,1,1,1,1,1,1
blogs/ntn-registration-khairpur,blog,50,165,557,NTN Registration in Khairpur 2026 - Online Same Day,1,1,1,1,1,1,1
blogs/ntn-registration-khanewal,blog,50,165,557,NTN Registration in Khanewal 2026 - Online Same Day,1,1,1,1,1,1,1
blogs/ntn-registration-khanpur,blog,49,165,557,NTN Registration in Khanpur 2026 - Online Same Day,1,1,1,1,1,1,1
blogs/ntn-registration-kharian,blog,49,165,557,NTN Registration in Kharian 2026 - Online Same Day,1,1,1,1,1,1,1
blogs/ntn-registration-khushab,blog,49,165,557,NTN Registration in Khushab 2026 - Online Same Day,1,1,1,1,1,1,1
blogs/ntn-registration-khuzdar,blog,49,165,557,NTN Registration in Khuzdar 2026 - Online Same Day,1,1,1,1,1,1,1
blogs/ntn-registration-kohat,blog,47,164,557,NTN Registration in Kohat 2026 - Online Same Day,1,1,1,1,1,1,1
blogs/ntn-registration-kotli,blog,47,164,557,NTN Registration in Kotli 2026 - Online Same Day,1,1,1,1,1,1,1
blogs/ntn-registration-lakki-marwat,blog,54,165,567,NTN Registration in Lakki Marwat 2026 - Online Same Day,1,1,1,1,1,1,1
blogs/ntn-registration-lalamusa,blog,50,165,557,NTN Registration in Lalamusa 2026 - Online Same Day,1,1,1,1,1,1,1
blogs/ntn-registration-larkana,blog,49,146,659,NTN Registration in Larkana 2026 - Online Same Day,1,1,1,1,1,1,1
blogs/ntn-registration-lasbela,blog,49,165,557,NTN Registration in Lasbela 2026 - Online Same Day,1,1,1,1,1,1,1
blogs/ntn-registration-layyah,blog,48,165,557,NTN Registration in Layyah 2026 - Online Same Day,1,1,1,1,1,1,1
blogs/ntn-registration-liaquatpur,blog,52,165,557,NTN Registration in Liaquatpur 2026 - Online Same Day,1,1,1,1,1,1,1
blogs/ntn-registration-lodhran,blog,49,165,557,NTN Registration in Lodhran 2026 - Online Same Day,1,1,1,1,1,1,1
blogs/ntn-registration-loralai,blog,49,165,557,NTN Registration in Loralai 2026 - Online Same Day,1,1,1,1,1,1,1
blogs/ntn-registration-mailsi,blog,48,165,557,NTN Registration in Mailsi 2026 - Online Same Day,1,1,1,1,1,1,1
blogs/ntn-registration-malakwal,blog,50,165,557,NTN Registration in Malakwal 2026 - Online Same Day,1,1,1,1,1,1,1
blogs/ntn-registration-mandi-bahauddin,blog,57,165,567,NTN Registration in Mandi Bahauddin 2026 - Online Same Day,1,1,1,1,1,1,1
blogs/ntn-registration-mansehra,blog,50,165,557,NTN Registration in Mansehra 2026 - Online Same Day,1,1,1,1,1,1,1
blogs/ntn-registration-mardan,blog,48,145,659,NTN Registration in Mardan 2026 - Online Same Day,1,1,1,1,1,1,1
blogs/ntn-registration-mastung,blog,49,165,557,NTN Registration in Mastung 2026 - Online Same Day,1,1,1,1,1,1,1
blogs/ntn-registration-matiari,blog,49,165,557,NTN Registration in Matiari 2026 - Online Same Day,1,1,1,1,1,1,1
blogs/ntn-registration-mian-channu,blog,53,165,567,NTN Registration in Mian Channu 2026 - Online Same Day,1,1,1,1,1,1,1
blogs/ntn-registration-mingora,blog,49,165,557,NTN Registration in Mingora 2026 - Online Same Day,1,1,1,1,1,1,1
blogs/ntn-registration-mirpur,blog,48,165,557,NTN Registration in Mirpur 2026 - Online Same Day,1,1,1,1,1,1,1
blogs/ntn-registration-mirpurkhas,blog,52,165,557,NTN Registration in Mirpurkhas 2026 - Online Same Day,1,1,1,1,1,1,1
blogs/ntn-registration-multan,blog,58,165,630,NTN Registration in MultanFast FBR NTN for Traders & Property Investors,1,1,1,1,1,1,1
blogs/ntn-registration-muzaffarabad,blog,54,165,557,NTN Registration in Muzaffarabad 2026 - Online Same Day,1,1,1,1,1,1,1
blogs/ntn-registration-muzaffargarh,blog,54,165,557,NTN Registration in Muzaffargarh 2026 - Online Same Day,1,1,1,1,1,1,1
blogs/ntn-registration-narowal,blog,49,165,557,NTN Registration in Narowal 2026 - Online Same Day,1,1,1,1,1,1,1
blogs/ntn-registration-nawabshah,blog,51,165,557,NTN Registration in Nawabshah 2026 - Online Same Day,1,1,1,1,1,1,1
blogs/ntn-registration-nowshera,blog,50,165,557,NTN Registration in Nowshera 2026 - Online Same Day,1,1,1,1,1,1,1
blogs/ntn-registration-okara,blog,47,164,557,NTN Registration in Okara 2026 - Online Same Day,1,1,1,1,1,1,1
blogs/ntn-registration-online-pakistan,blog,56,178,696,NTN Registration Online Pakistan 2026 — Same-Day NTN for Individuals &amp; Busin,1,1,1,1,1,1,1
blogs/ntn-registration-online-pakistan-2026,blog,58,0,846,NTN Registration Online Pakistan 2026Free FBR IRIS Guide &mdash; Get Your NTN in,1,1,1,1,1,1,1
blogs/ntn-registration-pakistan,blog,57,178,842,NTN Registration Pakistan 2026 &mdash; Online in 24 Hours,1,1,1,1,1,1,1
blogs/ntn-registration-pakistanis-dubai,blog,55,156,696,NTN Registration for Pakistanis in Dubai 2026A Complete Remote Registration Guid,1,1,1,1,1,1,1
blogs/ntn-registration-pakpattan,blog,51,165,557,NTN Registration in Pakpattan 2026 - Online Same Day,1,1,1,1,1,1,1
blogs/ntn-registration-pasrur,blog,48,165,557,NTN Registration in Pasrur 2026 - Online Same Day,1,1,1,1,1,1,1
blogs/ntn-registration-peshawar,blog,50,147,659,NTN Registration in Peshawar 2026 - Online Same Day,1,1,1,1,1,1,1
blogs/ntn-registration-phalia,blog,48,165,557,NTN Registration in Phalia 2026 - Online Same Day,1,1,1,1,1,1,1
blogs/ntn-registration-pishin,blog,48,165,557,NTN Registration in Pishin 2026 - Online Same Day,1,1,1,1,1,1,1
blogs/ntn-registration-quetta,blog,48,145,659,NTN Registration in Quetta 2026 - Online Same Day,1,1,1,1,1,1,1
blogs/ntn-registration-rahim-yar-khan,blog,56,165,577,NTN Registration in Rahim Yar Khan 2026 - Online Same Day,1,1,1,1,1,1,1
blogs/ntn-registration-rajanpur,blog,50,165,557,NTN Registration in Rajanpur 2026 - Online Same Day,1,1,1,1,1,1,1
blogs/ntn-registration-rawalakot,blog,51,165,557,NTN Registration in Rawalakot 2026 - Online Same Day,1,1,1,1,1,1,1
blogs/ntn-registration-rawalpindi,blog,52,149,659,NTN Registration in Rawalpindi 2026 - Online Same Day,1,1,1,1,1,1,1
blogs/ntn-registration-renala-khurd,blog,54,165,567,NTN Registration in Renala Khurd 2026 - Online Same Day,1,1,1,1,1,1,1
blogs/ntn-registration-sadiqabad,blog,51,165,557,NTN Registration in Sadiqabad 2026 - Online Same Day,1,1,1,1,1,1,1
blogs/ntn-registration-sahiwal,blog,49,146,659,NTN Registration in Sahiwal 2026 - Online Same Day,1,1,1,1,1,1,1
blogs/ntn-registration-sambrial,blog,50,165,557,NTN Registration in Sambrial 2026 - Online Same Day,1,1,1,1,1,1,1
blogs/ntn-registration-sammundri,blog,51,165,557,NTN Registration in Sammundri 2026 - Online Same Day,1,1,1,1,1,1,1
blogs/ntn-registration-sanghar,blog,49,165,557,NTN Registration in Sanghar 2026 - Online Same Day,1,1,1,1,1,1,1
blogs/ntn-registration-sargodha,blog,50,147,659,NTN Registration in Sargodha 2026 - Online Same Day,1,1,1,1,1,1,1
blogs/ntn-registration-shakargarh,blog,52,165,557,NTN Registration in Shakargarh 2026 - Online Same Day,1,1,1,1,1,1,1
blogs/ntn-registration-sheikhupura,blog,53,165,557,NTN Registration in Sheikhupura 2026 - Online Same Day,1,1,1,1,1,1,1
blogs/ntn-registration-shikarpur,blog,51,165,557,NTN Registration in Shikarpur 2026 - Online Same Day,1,1,1,1,1,1,1
blogs/ntn-registration-sialkot,blog,49,146,659,NTN Registration in Sialkot 2026 - Online Same Day,1,1,1,1,1,1,1
blogs/ntn-registration-sibi,blog,46,165,557,NTN Registration in Sibi 2026 - Online Same Day,1,1,1,1,1,1,1
blogs/ntn-registration-skardu,blog,48,165,557,NTN Registration in Skardu 2026 - Online Same Day,1,1,1,1,1,1,1
blogs/ntn-registration-sukkur,blog,48,145,659,NTN Registration in Sukkur 2026 - Online Same Day,1,1,1,1,1,1,1
blogs/ntn-registration-swabi,blog,47,164,557,NTN Registration in Swabi 2026 - Online Same Day,1,1,1,1,1,1,1
blogs/ntn-registration-talagang,blog,50,165,557,NTN Registration in Talagang 2026 - Online Same Day,1,1,1,1,1,1,1
blogs/ntn-registration-tando-adam,blog,52,165,567,NTN Registration in Tando Adam 2026 - Online Same Day,1,1,1,1,1,1,1
blogs/ntn-registration-tando-allahyar,blog,56,165,567,NTN Registration in Tando Allahyar 2026 - Online Same Day,1,1,1,1,1,1,1
blogs/ntn-registration-thatta,blog,48,165,557,NTN Registration in Thatta 2026 - Online Same Day,1,1,1,1,1,1,1
blogs/ntn-registration-timergara,blog,51,165,557,NTN Registration in Timergara 2026 - Online Same Day,1,1,1,1,1,1,1
blogs/ntn-registration-toba-tek-singh,blog,56,165,577,NTN Registration in Toba Tek Singh 2026 - Online Same Day,1,1,1,1,1,1,1
blogs/ntn-registration-turbat,blog,48,165,557,NTN Registration in Turbat 2026 - Online Same Day,1,1,1,1,1,1,1
blogs/ntn-registration-vehari,blog,48,165,557,NTN Registration in Vehari 2026 - Online Same Day,1,1,1,1,1,1,1
blogs/ntn-registration-wah-cantt,blog,51,165,567,NTN Registration in Wah Cantt 2026 - Online Same Day,1,1,1,1,1,1,1
blogs/ntn-registration-wazirabad,blog,51,165,557,NTN Registration in Wazirabad 2026 - Online Same Day,1,1,1,1,1,1,1
blogs/ntn-registration-zafarwal,blog,50,165,557,NTN Registration in Zafarwal 2026 - Online Same Day,1,1,1,1,1,1,1
blogs/ntn-registration-zhob,blog,46,165,557,NTN Registration in Zhob 2026 - Online Same Day,1,1,1,1,1,1,1
blogs/online-income-tax-return-filing-pakistan-2026,blog,55,151,763,Online Income Tax Return Filing Pakistan 2026 &mdash; File From Home,1,1,1,1,1,1,1
blogs/online-tax-consultant-pakistan,blog,54,181,795,Online Tax Consultant Pakistan 2026 &mdash; File FBR Taxes From Home,1,1,1,1,1,1,1
blogs/overseas-pakistani-investment-tax-pakistan,blog,53,160,598,Overseas Pakistani Investment Tax Guide Pakistan 2026,1,1,1,1,1,1,1
blogs/overseas-pakistani-property-tax-pakistan,blog,51,195,722,Overseas Pakistani Property Tax Guide Pakistan 2026,1,1,1,1,1,1,1
blogs/overseas-pakistani-tax-filing-2026,blog,56,186,682,Overseas Pakistani Tax Filing 2026Complete NRP Tax & NTN Guide,1,1,1,1,1,1,1
blogs/overseas-pakistani-tax-return,blog,53,165,623,Overseas Pakistani Tax Return 2026 — NRP Filing Guide,1,1,1,1,1,1,1
blogs/pakistan-tax-calendar-2026-27,blog,49,160,1273,Pakistan Tax Calendar 2026-27 — All FBR Deadlines,1,1,1,1,1,1,1
blogs/pakistan-tax-refund-claim-guide,blog,57,165,640,How to Claim Income Tax Refund Pakistan 2026 — IRIS Guide,1,1,1,1,1,1,1
blogs/partnership-firm-tax-pakistan,blog,50,158,605,Partnership Firm (AOP) Tax Pakistan 2026Registration; Rates & Filing Guide,1,1,1,1,1,1,1
blogs/pension-death-gratuity-tax,blog,53,165,633,Death Gratuity and Survivor Pension Tax Pakistan 2026,1,1,1,1,1,1,1
blogs/pension-fund-tax-pakistan,blog,49,165,632,Pension Fund and Provident Fund Tax Pakistan 2026,1,1,1,1,1,1,1
blogs/pension-tax-pakistan-2026,blog,54,164,629,Pension Tax Pakistan 2026 — Is Pension Income Taxable?,1,1,1,1,1,1,1
blogs/pos-integration-fbr-pakistan,blog,58,169,558,POS Integration with FBR Pakistan 2026Retailers & Restaurants Compliance Guide,1,1,1,1,1,1,1
blogs/private-limited-company-tax-return-pakistan,blog,48,179,674,Private Limited Company Tax Return Pakistan 2026 - Complete Guide,1,1,1,1,1,1,1
blogs/private-school-tax-pakistan,blog,47,165,634,Income Tax for Private Schools in Pakistan 2026,1,1,1,1,1,1,1
blogs/prize-bond-tax-pakistan,blog,49,165,637,Prize Bond Tax Pakistan 2026 — Winnings Tax Guide,1,1,1,1,1,1,1
blogs/professional-tax-pakistan-2026,blog,53,177,561,Professional Tax Pakistan 2026 - Complete State Guide,1,1,1,1,1,1,1
blogs/property-purchase-pakistan-dubai-pakistanis,blog,57,161,620,Property Purchase in Pakistan for Dubai Pakistanis 2026Filer Tax Benefits &amp; ,1,1,1,1,1,1,1
blogs/property-tax-islamabad-2026,blog,57,165,627,Property Tax in Islamabad 2026 — CVT; WHT &amp; CGT Guide,1,1,1,1,1,1,1
blogs/property-tax-karachi-2026,blog,56,165,625,Property Tax in Karachi 2026 — FBR Tax on Property Guide,1,1,1,1,1,1,1
blogs/property-tax-lahore-2026,blog,59,165,628,Property Tax in Lahore 2026 — Purchase; Sale &amp; Rental Guide,1,1,1,1,1,1,1
blogs/property-tax-pakistan-2026,blog,57,173,513,Property Tax in Pakistan 2026 - Complete Guide,1,1,1,1,1,1,1
blogs/provident-fund-gratuity-tax-pakistan,blog,53,168,550,Provident Fund & Gratuity Tax Pakistan 2026Exemption Rules for Retirement Benefi,1,1,1,1,1,1,1
blogs/punjab-sales-tax-services-pakistan,blog,48,165,610,Punjab Sales Tax on Services (PRA) Pakistan 2026 — Complete Guide,1,1,1,1,1,1,1
blogs/real-estate-agent-tax-pakistan,blog,58,165,626,Tax for Real Estate Agents in Pakistan 2026 — Commission Income,1,1,1,1,1,1,1
blogs/real-estate-developer-tax-pakistan,blog,55,173,698,Real Estate Developer Tax Guide Pakistan 2026Builders; Developers & Property Inv,1,1,1,1,1,1,1
blogs/remittance-tax-pakistan-2026,blog,56,176,697,Remittance Tax Pakistan 2026 - Are Foreign Remittances Taxable?,1,1,1,1,1,1,1
blogs/rental-income-tax-pakistan-2026,blog,57,179,788,Rental Income Tax Pakistan 2026How Much Tax on Rent? FBR Rules & Deductions Expl,1,1,1,1,1,1,1
blogs/restaurant-tax-pakistan-2026,blog,43,165,636,Income Tax for Restaurants in Pakistan 2026 — Complete Guide,1,1,1,1,1,1,1
blogs/roshan-digital-account-tax,blog,59,165,640,Roshan Digital Account Tax Pakistan 2026 — NRP Tax Benefits,1,1,1,1,1,1,1
blogs/roshan-digital-account-tax-pakistan,blog,46,175,690,Roshan Digital Account Tax Guide Pakistan 2026,1,1,1,1,1,1,1
blogs/salary-person-tax-return-pakistan,blog,53,171,837,Salaried Person Tax Return Pakistan 2026 — Step-by-Step Filing Guide,1,1,1,1,1,1,1
blogs/sales-tax-on-services-pakistan,blog,59,165,603,Sales Tax on Services Pakistan 2026 — Federal vs Provincial,1,1,1,1,1,1,1
blogs/sales-tax-registration-guide-pakistan,blog,49,167,816,Sales Tax Registration (STRN) in Pakistan 2026 - Complete Guide,1,1,1,1,1,1,1
blogs/sales-tax-return-filing-pakistan,blog,54,169,627,Sales Tax Return Filing PakistanMonthly GST Return Process Explained,1,1,1,1,1,1,1
blogs/sales-tax-return-filing-pakistan-2026,blog,56,183,734,Sales Tax Return Filing Pakistan 2026Complete FBR IRIS Guide for Businesses,1,1,1,1,1,1,1
blogs/same-day-income-tax-return-filing-pakistan,blog,47,165,731,Same Day Income Tax Return Filing Pakistan 2026,1,1,1,1,1,1,1
blogs/secp-company-registration-guide,blog,59,165,613,SECP Company Registration Pakistan 2026 — Pvt Ltd Step by Step,1,1,1,1,1,1,1
blogs/section-7e-tax-pakistan,blog,55,156,613,Section 7E Tax Pakistan 2026Deemed Income on Immovable Property,1,1,1,1,1,1,1
blogs/sindh-income-tax-guide-2026,blog,51,165,640,Income Tax in Sindh Pakistan 2026 — Karachi &amp; Hyderabad Guide,1,1,1,1,1,1,1
blogs/small-business-tax-consultant-pakistan,blog,57,170,583,Small Business Tax Consultant Pakistan 2026Why Every Small Business Needs One,1,1,1,1,1,1,1
blogs/small-company-tax-pakistan,blog,57,165,617,Small Company Tax Rate Pakistan 2026 — 20% Reduced Rate Guide,1,1,1,1,1,1,1
blogs/sme-tax-consultant-pakistan,blog,59,182,594,SME Tax Consultant Pakistan 2026 - Small Business Tax Guide,1,1,1,1,1,1,1
blogs/sole-proprietor-tax-return-pakistan-2026,blog,53,168,720,Sole Proprietor Tax Return Pakistan 2026 - Complete Filing Guide,1,1,1,1,1,1,1
blogs/stock-broker-tax-pakistan,blog,56,165,642,Stock Broker Income Tax Pakistan 2026 — PSX Broker Guide,1,1,1,1,1,1,1
blogs/strn-registration-pakistan,blog,58,168,721,STRN Registration Pakistan 2026Sales Tax Registration Number &mdash; Complete FB,1,1,1,1,1,1,1
blogs/super-tax-pakistan-2026,blog,56,157,578,Super Tax Pakistan 2026Rates; Applicability & Calculation Guide,1,1,1,1,1,1,1
blogs/tax-appeal-procedure-pakistan,blog,60,165,641,Tax Appeal Procedure Pakistan 2026 — How to Appeal FBR Order,1,1,1,1,1,1,1
blogs/tax-clearance-certificate-pakistan,blog,56,165,638,Tax Clearance Certificate Pakistan 2026 — How to Get TCC,1,1,1,1,1,1,1
blogs/tax-consultant-abbot-road-lahore,blog,54,179,952,Best Tax Consultant in Abbot Road; Lahore — Income Tax; NTN &amp; FBR Filing 202,1,1,1,1,1,1,1
blogs/tax-consultant-abbottabad,blog,59,169,626,Tax Consultant in AbbottabadNTN; Income Tax & KPRA Compliance,1,1,1,1,1,1,1
blogs/tax-consultant-abbottabad-cantt,blog,44,165,918,Best Tax Consultant in Cantt Abbottabad,1,1,1,1,1,1,1
blogs/tax-consultant-abbottabad-city,blog,50,145,935,Best Tax Consultant in City Centre Abbottabad,1,1,1,1,1,1,1
blogs/tax-consultant-abbottabad-havelian,blog,47,165,515,Best Tax Consultant in Havelian Abbottabad 2026,1,1,1,1,1,1,1
blogs/tax-consultant-abpara-islamabad,blog,53,165,589,Best Tax Consultant in Abpara; Islamabad — Income Tax; NTN &amp; FBR Filing 2026,1,1,1,1,1,1,1
blogs/tax-consultant-abu-dhabi-pakistanis,blog,56,140,1002,Best Tax Consultant for Pakistanis in Abu Dhabi,1,1,1,1,1,1,1
blogs/tax-consultant-adalat-road-quetta,blog,46,165,530,Best Tax Consultant in Adalat Road Quetta 2026,1,1,1,1,1,1,1
blogs/tax-consultant-adelaide-pakistanis,blog,58,145,976,Best Tax Consultant for Pakistanis in Adelaide,1,1,1,1,1,1,1
blogs/tax-consultant-adiala-rawalpindi,blog,47,165,702,Best Tax Consultant in Adiala 2026 - Online FBR Filing,1,1,1,1,1,1,1
blogs/tax-consultant-ahmadpur-east,blog,57,190,842,Best Tax Consultant in Ahmadpur East — Income Tax; NTN &amp; FBR Filing 2026,1,1,1,1,1,1,1
blogs/tax-consultant-ahmedpur-east,blog,54,172,716,Best Tax Consultant in Ahmedpur East 2026 - Online FBR Filing,1,1,1,1,1,1,1
blogs/tax-consultant-airport-housing-society-islamabad,blog,59,182,619,Best Tax Consultant in Airport Housing Society; Islamabad — Income Tax; NTN &amp,1,1,1,1,1,1,1
blogs/tax-consultant-airport-housing-society-lahore,blog,56,0,907,Best Tax Consultant in Airport Housing Society; Lahore — Income Tax; NTN &amp; F,1,1,1,1,1,1,1
blogs/tax-consultant-airport-road-lahore,blog,47,165,563,Best Tax Consultant in Airport Road Lahore 2026,1,1,1,1,1,1,1
blogs/tax-consultant-airport-road-quetta,blog,47,142,936,Best Tax Consultant in Airport Road Quetta,1,1,1,1,1,1,1
blogs/tax-consultant-airport-road-rawalpindi,blog,56,0,850,Best Tax Consultant in Airport Road; Rawalpindi — Income Tax; NTN &amp; FBR Fili,1,1,1,1,1,1,1
blogs/tax-consultant-ait-block-a-lahore,blog,55,192,893,Best Tax Consultant in AIT Block A; Lahore — Income Tax; NTN &amp; FBR Filing 20,1,1,1,1,1,1,1
blogs/tax-consultant-ait-block-b-lahore,blog,55,192,893,Best Tax Consultant in AIT Block B; Lahore — Income Tax; NTN &amp; FBR Filing 20,1,1,1,1,1,1,1
blogs/tax-consultant-ait-block-c-lahore,blog,55,192,893,Best Tax Consultant in AIT Block C; Lahore — Income Tax; NTN &amp; FBR Filing 20,1,1,1,1,1,1,1
blogs/tax-consultant-ait-block-d-lahore,blog,55,192,893,Best Tax Consultant in AIT Block D; Lahore — Income Tax; NTN &amp; FBR Filing 20,1,1,1,1,1,1,1
blogs/tax-consultant-ait-block-e-lahore,blog,55,192,893,Best Tax Consultant in AIT Block E; Lahore — Income Tax; NTN &amp; FBR Filing 20,1,1,1,1,1,1,1
blogs/tax-consultant-ait-block-f-lahore,blog,55,192,893,Best Tax Consultant in AIT Block F; Lahore — Income Tax; NTN &amp; FBR Filing 20,1,1,1,1,1,1,1
blogs/tax-consultant-ait-block-g-lahore,blog,55,192,893,Best Tax Consultant in AIT Block G; Lahore — Income Tax; NTN &amp; FBR Filing 20,1,1,1,1,1,1,1
blogs/tax-consultant-ait-block-h-lahore,blog,55,192,893,Best Tax Consultant in AIT Block H; Lahore — Income Tax; NTN &amp; FBR Filing 20,1,1,1,1,1,1,1
blogs/tax-consultant-ajman-pakistanis,blog,52,165,981,Best Tax Consultant for Pakistanis in Ajman,1,1,1,1,1,1,1
blogs/tax-consultant-akbari-gate-lahore,blog,55,192,891,Best Tax Consultant in Akbari Gate; Lahore — Income Tax; NTN &amp; FBR Filing 20,1,1,1,1,1,1,1
blogs/tax-consultant-al-hamra-town-lahore,blog,57,194,891,Best Tax Consultant in Al-Hamra Town; Lahore — Income Tax; NTN &amp; FBR Filing ,1,1,1,1,1,1,1
blogs/tax-consultant-al-kabir-town-lahore,blog,57,194,891,Best Tax Consultant in Al-Kabir Town; Lahore — Income Tax; NTN &amp; FBR Filing ,1,1,1,1,1,1,1
blogs/tax-consultant-al-noor-town-lahore,blog,56,181,952,Best Tax Consultant in Al-Noor Town; Lahore — Income Tax; NTN &amp; FBR Filing 2,1,1,1,1,1,1,1
blogs/tax-consultant-ali-pur-chatha-gujranwala,blog,53,164,541,Best Tax Consultant in Ali Pur Chatha Gujranwala 2026,1,1,1,1,1,1,1
blogs/tax-consultant-ali-town-lahore,blog,52,189,891,Best Tax Consultant in Ali Town; Lahore — Income Tax; NTN &amp; FBR Filing 2026,1,1,1,1,1,1,1
blogs/tax-consultant-allama-iqbal-industrial-estate-lahore,blog,56,0,924,Best Tax Consultant in Allama Iqbal Industrial Estate; Lahore — Income Tax; NTN ,1,1,1,1,1,1,1
blogs/tax-consultant-allama-iqbal-town-sialkot,blog,53,148,954,Best Tax Consultant in Allama Iqbal Town Sialkot,1,1,1,1,1,1,1
blogs/tax-consultant-alt-buksh-colony-lahore,blog,51,165,570,Best Tax Consultant in Alt Buksh Colony Lahore 2026,1,1,1,1,1,1,1
blogs/tax-consultant-american-chowk-faisalabad,blog,53,164,530,Best Tax Consultant in American Chowk Faisalabad 2026,1,1,1,1,1,1,1
blogs/tax-consultant-anarkali-lahore,blog,49,163,735,Best Tax Consultant in Anarkali 2026 - Online FBR Filing,1,1,1,1,1,1,1
blogs/tax-consultant-ancholi-karachi,blog,48,163,702,Best Tax Consultant in Ancholi 2026 - Online FBR Filing,1,1,1,1,1,1,1
blogs/tax-consultant-arifwala,blog,49,166,701,Best Tax Consultant in Arifwala 2026 - Online FBR Filing,1,1,1,1,1,1,1
blogs/tax-consultant-army-officers-pakistan,blog,42,175,665,Income Tax for Army Officers Pakistan 2026 - Complete Guide,1,1,1,1,1,1,1
blogs/tax-consultant-askari-1-lahore,blog,52,189,870,Best Tax Consultant in Askari 1; Lahore — Income Tax; NTN &amp; FBR Filing 2026,1,1,1,1,1,1,1
blogs/tax-consultant-askari-10-lahore,blog,53,190,882,Best Tax Consultant in Askari 10; Lahore — Income Tax; NTN &amp; FBR Filing 2026,1,1,1,1,1,1,1
blogs/tax-consultant-askari-11-lahore,blog,53,190,882,Best Tax Consultant in Askari 11; Lahore — Income Tax; NTN &amp; FBR Filing 2026,1,1,1,1,1,1,1
blogs/tax-consultant-askari-13-lahore,blog,53,178,940,Best Tax Consultant in Askari 13; Lahore — Income Tax; NTN &amp; FBR Filing 2026,1,1,1,1,1,1,1
blogs/tax-consultant-askari-14-lahore,blog,53,178,940,Best Tax Consultant in Askari 14; Lahore — Income Tax; NTN &amp; FBR Filing 2026,1,1,1,1,1,1,1
blogs/tax-consultant-askari-14-rawalpindi,blog,48,165,523,Best Tax Consultant in Askari 14 Rawalpindi 2026,1,1,1,1,1,1,1
blogs/tax-consultant-askari-2-lahore,blog,52,177,929,Best Tax Consultant in Askari 2; Lahore — Income Tax; NTN &amp; FBR Filing 2026,1,1,1,1,1,1,1
blogs/tax-consultant-askari-3-lahore,blog,52,177,929,Best Tax Consultant in Askari 3; Lahore — Income Tax; NTN &amp; FBR Filing 2026,1,1,1,1,1,1,1
blogs/tax-consultant-askari-4-lahore,blog,52,177,929,Best Tax Consultant in Askari 4; Lahore — Income Tax; NTN &amp; FBR Filing 2026,1,1,1,1,1,1,1
blogs/tax-consultant-askari-5-lahore,blog,52,177,929,Best Tax Consultant in Askari 5; Lahore — Income Tax; NTN &amp; FBR Filing 2026,1,1,1,1,1,1,1
blogs/tax-consultant-askari-6-lahore,blog,52,177,929,Best Tax Consultant in Askari 6; Lahore — Income Tax; NTN &amp; FBR Filing 2026,1,1,1,1,1,1,1
blogs/tax-consultant-askari-7-lahore,blog,52,177,929,Best Tax Consultant in Askari 7; Lahore — Income Tax; NTN &amp; FBR Filing 2026,1,1,1,1,1,1,1
blogs/tax-consultant-askari-8-lahore,blog,52,177,929,Best Tax Consultant in Askari 8; Lahore — Income Tax; NTN &amp; FBR Filing 2026,1,1,1,1,1,1,1
blogs/tax-consultant-askari-9-lahore,blog,52,177,929,Best Tax Consultant in Askari 9; Lahore — Income Tax; NTN &amp; FBR Filing 2026,1,1,1,1,1,1,1
blogs/tax-consultant-askari-lahore,blog,41,165,949,Best Tax Consultant in Askari Lahore,1,1,1,1,1,1,1
blogs/tax-consultant-astore,blog,47,171,700,Best Tax Consultant in Astore 2026 - Online FBR Filing,1,1,1,1,1,1,1
blogs/tax-consultant-atlanta-pakistanis,blog,54,165,980,Best Tax Consultant for Pakistanis in Atlanta,1,1,1,1,1,1,1
blogs/tax-consultant-attaturk-avenue-islamabad,blog,58,174,604,Best Tax Consultant in Attaturk Avenue; Islamabad — Income Tax; NTN &amp; FBR Fi,1,1,1,1,1,1,1
blogs/tax-consultant-attock,blog,55,192,915,Best Tax Consultant in Attock — Income Tax; NTN &amp; Company Registration 2026,1,1,1,1,1,1,1
blogs/tax-consultant-attock-city,blog,54,165,917,Best Tax Consultant in Attock,1,1,1,1,1,1,1
blogs/tax-consultant-attock-city-centre,blog,46,165,526,Best Tax Consultant in City Centre Attock 2026,1,1,1,1,1,1,1
blogs/tax-consultant-auto-bhan-road-hyderabad,blog,52,165,541,Best Tax Consultant in Auto Bhan Road Hyderabad 2026,1,1,1,1,1,1,1
blogs/tax-consultant-awan-town-lahore,blog,53,190,891,Best Tax Consultant in Awan Town; Lahore — Income Tax; NTN &amp; FBR Filing 2026,1,1,1,1,1,1,1
blogs/tax-consultant-awaran,blog,47,166,701,Best Tax Consultant in Awaran 2026 - Online FBR Filing,1,1,1,1,1,1,1
blogs/tax-consultant-b-15-islamabad,blog,58,163,589,Best Tax Consultant in B-15; Islamabad — Income Tax; NTN &amp; FBR Filing 2026,1,1,1,1,1,1,1
blogs/tax-consultant-b-16-islamabad,blog,58,163,589,Best Tax Consultant in B-16; Islamabad — Income Tax; NTN &amp; FBR Filing 2026,1,1,1,1,1,1,1
blogs/tax-consultant-b-17-islamabad,blog,42,165,917,Best Tax Consultant in B-17 Islamabad,1,1,1,1,1,1,1
blogs/tax-consultant-b-18-islamabad,blog,58,163,589,Best Tax Consultant in B-18; Islamabad — Income Tax; NTN &amp; FBR Filing 2026,1,1,1,1,1,1,1
blogs/tax-consultant-badami-bagh-lahore,blog,52,166,750,Best Tax Consultant in Badami Bagh 2026 - Online FBR Filing,1,1,1,1,1,1,1
blogs/tax-consultant-badin,blog,59,182,823,Best Tax Consultant in Badin — Income Tax; NTN &amp; FBR Filing 2026,1,1,1,1,1,1,1
blogs/tax-consultant-badin-city,blog,53,165,917,Best Tax Consultant in Badin,1,1,1,1,1,1,1
blogs/tax-consultant-bagh-ajk,blog,45,156,702,Best Tax Consultant in Bagh 2026 - Online FBR Filing,1,1,1,1,1,1,1
blogs/tax-consultant-baghbanpura-lahore,blog,46,141,951,Best Tax Consultant in Baghbanpura Lahore,1,1,1,1,1,1,1
blogs/tax-consultant-bahadurabad-karachi,blog,56,0,928,Best Tax Consultant in Bahadurabad; Karachi — Income Tax; NTN &amp; Company Regi,1,1,1,1,1,1,1
blogs/tax-consultant-bahawalpur,blog,57,163,730,Best Tax Consultant in Bahawalpur 2026 &mdash; Southern Punjab,1,1,1,1,1,1,1
blogs/tax-consultant-bahawalpur-cantt,blog,44,165,918,Best Tax Consultant in Cantt Bahawalpur,1,1,1,1,1,1,1
blogs/tax-consultant-bahawalpur-model-town,blog,58,165,527,Best Tax Consultant in Model Town Bahawalpur 2026,1,1,1,1,1,1,1
blogs/tax-consultant-bahria-education-city-lahore,blog,57,200,990,Best Tax Consultant in Bahria Education & Medical City; Lahore — Income Tax; NTN,1,1,1,1,1,1,1
blogs/tax-consultant-bahria-nasheman-lahore,blog,59,184,955,Best Tax Consultant in Bahria Nasheman; Lahore — Income Tax; NTN &amp; FBR Filin,1,1,1,1,1,1,1
blogs/tax-consultant-bahria-nishtar-block-lahore,blog,58,194,991,Best Tax Consultant in Bahria Town Nishtar Block; Lahore — Income Tax; NTN &amp;,1,1,1,1,1,1,1
blogs/tax-consultant-bahria-orchard-lahore,blog,49,165,566,Best Tax Consultant in Bahria Orchard Lahore 2026,1,1,1,1,1,1,1
blogs/tax-consultant-bahria-precinct-karachi,blog,51,146,936,Best Tax Consultant in Bahria Precinct Karachi,1,1,1,1,1,1,1
blogs/tax-consultant-bahria-rafi-block-lahore,blog,55,191,991,Best Tax Consultant in Bahria Town Rafi Block; Lahore — Income Tax; NTN &amp; FB,1,1,1,1,1,1,1
blogs/tax-consultant-bahria-sector-a-lahore,blog,58,0,637,Best Tax Consultant in Bahria Town Sector A; Lahore — Income Tax; NTN &amp; FBR ,1,1,1,1,1,1,1
blogs/tax-consultant-bahria-sector-b-lahore,blog,58,0,637,Best Tax Consultant in Bahria Town Sector B; Lahore — Income Tax; NTN &amp; FBR ,1,1,1,1,1,1,1
blogs/tax-consultant-bahria-sector-c-lahore,blog,58,0,637,Best Tax Consultant in Bahria Town Sector C; Lahore — Income Tax; NTN &amp; FBR ,1,1,1,1,1,1,1
blogs/tax-consultant-bahria-sector-d-lahore,blog,58,0,637,Best Tax Consultant in Bahria Town Sector D; Lahore — Income Tax; NTN &amp; FBR ,1,1,1,1,1,1,1
blogs/tax-consultant-bahria-sector-e-lahore,blog,58,0,637,Best Tax Consultant in Bahria Town Sector E; Lahore — Income Tax; NTN &amp; FBR ,1,1,1,1,1,1,1
blogs/tax-consultant-bahria-sector-f-lahore,blog,58,0,637,Best Tax Consultant in Bahria Town Sector F; Lahore — Income Tax; NTN &amp; FBR ,1,1,1,1,1,1,1
blogs/tax-consultant-bahria-sector-g-lahore,blog,58,0,637,Best Tax Consultant in Bahria Town Sector G; Lahore — Income Tax; NTN &amp; FBR ,1,1,1,1,1,1,1
blogs/tax-consultant-bahria-sector-h-lahore,blog,58,0,637,Best Tax Consultant in Bahria Town Sector H; Lahore — Income Tax; NTN &amp; FBR ,1,1,1,1,1,1,1
blogs/tax-consultant-bahria-town-islamabad,blog,49,144,936,Best Tax Consultant in Bahria Town Islamabad,1,1,1,1,1,1,1
blogs/tax-consultant-bahria-town-karachi,blog,47,142,936,Best Tax Consultant in Bahria Town Karachi,1,1,1,1,1,1,1
blogs/tax-consultant-bahria-town-lahore,blog,46,141,974,Best Tax Consultant in Bahria Town Lahore,1,1,1,1,1,1,1
blogs/tax-consultant-bahria-town-rawalpindi,blog,50,145,936,Best Tax Consultant in Bahria Town Rawalpindi,1,1,1,1,1,1,1
blogs/tax-consultant-bahria-umer-block-lahore,blog,55,191,991,Best Tax Consultant in Bahria Town Umer Block; Lahore — Income Tax; NTN &amp; FB,1,1,1,1,1,1,1
blogs/tax-consultant-bahria-usman-block-lahore,blog,56,192,991,Best Tax Consultant in Bahria Town Usman Block; Lahore — Income Tax; NTN &amp; F,1,1,1,1,1,1,1
blogs/tax-consultant-baldia-town-karachi,blog,47,142,936,Best Tax Consultant in Baldia Town Karachi,1,1,1,1,1,1,1
blogs/tax-consultant-baleli-quetta,blog,41,164,519,Best Tax Consultant in Baleli Quetta 2026,1,1,1,1,1,1,1
blogs/tax-consultant-banda-road-lahore,blog,54,191,891,Best Tax Consultant in Banda Road; Lahore — Income Tax; NTN &amp; FBR Filing 202,1,1,1,1,1,1,1
blogs/tax-consultant-bani-gala-islamabad,blog,47,142,936,Best Tax Consultant in Bani Gala Islamabad,1,1,1,1,1,1,1
blogs/tax-consultant-bannu,blog,59,182,823,Best Tax Consultant in Bannu — Income Tax; NTN &amp; FBR Filing 2026,1,1,1,1,1,1,1
blogs/tax-consultant-bannu-city,blog,53,165,917,Best Tax Consultant in Bannu,1,1,1,1,1,1,1
blogs/tax-consultant-bara-road-peshawar,blog,46,165,530,Best Tax Consultant in Bara Road Peshawar 2026,1,1,1,1,1,1,1
blogs/tax-consultant-barkat-market-lahore,blog,48,165,563,Best Tax Consultant in Barkat Market Lahore 2026,1,1,1,1,1,1,1
blogs/tax-consultant-barkat-nagar-lahore,blog,56,181,952,Best Tax Consultant in Barkat Nagar; Lahore — Income Tax; NTN &amp; FBR Filing 2,1,1,1,1,1,1,1
blogs/tax-consultant-batala-colony-faisalabad,blog,52,165,530,Best Tax Consultant in Batala Colony Faisalabad 2026,1,1,1,1,1,1,1
blogs/tax-consultant-batapur-lahore,blog,59,188,874,Best Tax Consultant in Batapur; Lahore — Income Tax; NTN &amp; FBR Filing 2026,1,1,1,1,1,1,1
blogs/tax-consultant-bath-island-karachi,blog,47,142,936,Best Tax Consultant in Bath Island Karachi,1,1,1,1,1,1,1
blogs/tax-consultant-battagram,blog,57,186,822,Best Tax Consultant in Battagram — Income Tax; NTN &amp; FBR Filing 2026,1,1,1,1,1,1,1
blogs/tax-consultant-battagram-city,blog,50,161,702,Best Tax Consultant in Battagram 2026 - Online FBR Filing,1,1,1,1,1,1,1
blogs/tax-consultant-bedian-road-lahore,blog,55,196,884,Best Tax Consultant in Bedian Road; Lahore — Income Tax; NTN &amp; FBR Filing 20,1,1,1,1,1,1,1
blogs/tax-consultant-bhakkar,blog,55,184,822,Best Tax Consultant in Bhakkar — Income Tax; NTN &amp; FBR Filing 2026,1,1,1,1,1,1,1
blogs/tax-consultant-bhakkar-city,blog,55,165,917,Best Tax Consultant in Bhakkar,1,1,1,1,1,1,1
blogs/tax-consultant-bhakkar-city-centre,blog,47,165,614,Best Tax Consultant in City Centre Bhakkar 2026,1,1,1,1,1,1,1
blogs/tax-consultant-bhalwal,blog,55,184,822,Best Tax Consultant in Bhalwal — Income Tax; NTN &amp; FBR Filing 2026,1,1,1,1,1,1,1
blogs/tax-consultant-bhara-kahu-islamabad,blog,51,168,717,Best Tax Consultant in Bhara Kahu 2026 - Online FBR Filing,1,1,1,1,1,1,1
blogs/tax-consultant-bhatti-gate-lahore,blog,52,166,750,Best Tax Consultant in Bhatti Gate 2026 - Online FBR Filing,1,1,1,1,1,1,1
blogs/tax-consultant-bhawalnagar,blog,52,172,701,Best Tax Consultant in Bhawalnagar 2026 - Online FBR Filing,1,1,1,1,1,1,1
blogs/tax-consultant-bhimber,blog,55,184,822,Best Tax Consultant in Bhimber — Income Tax; NTN &amp; FBR Filing 2026,1,1,1,1,1,1,1
blogs/tax-consultant-bhimber-city,blog,55,165,917,Best Tax Consultant in Bhimber,1,1,1,1,1,1,1
blogs/tax-consultant-bin-qasim-karachi,blog,45,140,936,Best Tax Consultant in Bin Qasim Karachi,1,1,1,1,1,1,1
blogs/tax-consultant-birmingham-pakistanis,blog,56,140,975,Best Tax Consultant for Pakistanis in Birmingham,1,1,1,1,1,1,1
blogs/tax-consultant-blackburn-pakistanis,blog,55,165,974,Best Tax Consultant for Pakistanis in Blackburn,1,1,1,1,1,1,1
blogs/tax-consultant-blue-area-islamabad,blog,47,142,936,Best Tax Consultant in Blue Area Islamabad,1,1,1,1,1,1,1
blogs/tax-consultant-bohar-gate-multan,blog,45,165,530,Best Tax Consultant in Bohar Gate Multan 2026,1,1,1,1,1,1,1
blogs/tax-consultant-bolton-market-karachi,blog,49,165,530,Best Tax Consultant in Bolton Market Karachi 2026,1,1,1,1,1,1,1
blogs/tax-consultant-bosan-road-multan,blog,45,140,936,Best Tax Consultant in Bosan Road Multan,1,1,1,1,1,1,1
blogs/tax-consultant-bradford-pakistanis,blog,54,165,973,Best Tax Consultant for Pakistanis in Bradford,1,1,1,1,1,1,1
blogs/tax-consultant-brampton-pakistanis,blog,58,142,979,Best Tax Consultant for Pakistanis in Brampton,1,1,1,1,1,1,1
blogs/tax-consultant-brandreth-road-lahore,blog,58,195,891,Best Tax Consultant in Brandreth Road; Lahore — Income Tax; NTN &amp; FBR Filing,1,1,1,1,1,1,1
blogs/tax-consultant-brewery-road-quetta,blog,47,165,530,Best Tax Consultant in Brewery Road Quetta 2026,1,1,1,1,1,1,1
blogs/tax-consultant-brisbane-pakistanis,blog,58,145,979,Best Tax Consultant for Pakistanis in Brisbane,1,1,1,1,1,1,1
blogs/tax-consultant-buffer-zone-karachi,blog,52,167,717,Best Tax Consultant in Buffer Zone 2026 - Online FBR Filing,1,1,1,1,1,1,1
blogs/tax-consultant-builders-developers-pakistan,blog,57,163,588,Tax Consultant for Builders and Developers in Pakistan 2026,1,1,1,1,1,1,1
blogs/tax-consultant-bund-road-lahore,blog,44,165,563,Best Tax Consultant in Bund Road Lahore 2026,1,1,1,1,1,1,1
blogs/tax-consultant-buner,blog,59,182,823,Best Tax Consultant in Buner — Income Tax; NTN &amp; FBR Filing 2026,1,1,1,1,1,1,1
blogs/tax-consultant-buner-city,blog,46,157,702,Best Tax Consultant in Buner 2026 - Online FBR Filing,1,1,1,1,1,1,1
blogs/tax-consultant-burewala,blog,49,163,701,Best Tax Consultant in Burewala 2026 - Online FBR Filing,1,1,1,1,1,1,1
blogs/tax-consultant-burns-road-karachi,blog,46,165,530,Best Tax Consultant in Burns Road Karachi 2026,1,1,1,1,1,1,1
blogs/tax-consultant-c-18-islamabad,blog,42,165,514,Best Tax Consultant in C-18 Islamabad 2026,1,1,1,1,1,1,1
blogs/tax-consultant-calgary-pakistanis,blog,57,141,979,Best Tax Consultant for Pakistanis in Calgary,1,1,1,1,1,1,1
blogs/tax-consultant-canal-bank-road-lahore,blog,59,200,900,Best Tax Consultant in Canal Bank Road; Lahore — Income Tax; NTN &amp; FBR Filin,1,1,1,1,1,1,1
blogs/tax-consultant-canal-colony-lahore,blog,56,193,633,Best Tax Consultant in Canal Colony; Lahore — Income Tax; NTN &amp; FBR Filing 2,1,1,1,1,1,1,1
blogs/tax-consultant-canal-park-lahore,blog,54,179,952,Best Tax Consultant in Canal Park; Lahore — Income Tax; NTN &amp; FBR Filing 202,1,1,1,1,1,1,1
blogs/tax-consultant-canal-road-lahore,blog,45,165,563,Best Tax Consultant in Canal Road Lahore 2026,1,1,1,1,1,1,1
blogs/tax-consultant-canal-view-lahore,blog,59,195,988,Best Tax Consultant in Canal View Housing Society; Lahore — Income Tax; NTN &amp,1,1,1,1,1,1,1
blogs/tax-consultant-cantt-hyderabad,blog,43,165,918,Best Tax Consultant in Cantt Hyderabad,1,1,1,1,1,1,1
blogs/tax-consultant-cantt-lahore,blog,57,199,962,Best Tax Consultant in Cantt; Lahore — Income Tax; NTN &amp; Company Registratio,1,1,1,1,1,1,1
blogs/tax-consultant-cantt-multan,blog,60,164,920,Best Tax Consultant in Cantt Multan,1,1,1,1,1,1,1
blogs/tax-consultant-cantt-peshawar,blog,42,165,918,Best Tax Consultant in Cantt Peshawar,1,1,1,1,1,1,1
blogs/tax-consultant-cantt-quetta,blog,60,164,920,Best Tax Consultant in Cantt Quetta,1,1,1,1,1,1,1
blogs/tax-consultant-cantt-rawalpindi,blog,58,0,942,Best Tax Consultant in Rawalpindi Cantt; Rawalpindi — Income Tax; NTN &amp; Comp,1,1,1,1,1,1,1
blogs/tax-consultant-cantt-sialkot,blog,41,165,918,Best Tax Consultant in Cantt Sialkot,1,1,1,1,1,1,1
blogs/tax-consultant-capital-smart-city-islamabad,blog,59,177,620,Best Tax Consultant in Capital Smart City; Islamabad — Income Tax; NTN &amp; FBR,1,1,1,1,1,1,1
blogs/tax-consultant-cavalry-ground-lahore,blog,58,195,633,Best Tax Consultant in Cavalry Ground; Lahore — Income Tax; NTN &amp; FBR Filing,1,1,1,1,1,1,1
blogs/tax-consultant-cavalry-ground-lahore-area,blog,49,144,970,Best Tax Consultant in Cavalry Ground Lahore,1,1,1,1,1,1,1
blogs/tax-consultant-cbr-town-islamabad,blog,46,141,936,Best Tax Consultant in CBR Town Islamabad,1,1,1,1,1,1,1
blogs/tax-consultant-centaurus-islamabad,blog,57,173,593,Best Tax Consultant in Centaurus Area; Islamabad — Income Tax; NTN &amp; FBR Fil,1,1,1,1,1,1,1
blogs/tax-consultant-central-park-lahore,blog,54,197,987,Best Tax Consultant in Central Park Housing Society; Lahore — Income Tax; NTN &a,1,1,1,1,1,1,1
blogs/tax-consultant-chaklala-rawalpindi,blog,47,142,918,Best Tax Consultant in Chaklala Rawalpindi,1,1,1,1,1,1,1
blogs/tax-consultant-chakwal,blog,56,193,915,Best Tax Consultant in Chakwal — Income Tax; NTN &amp; Company Registration 2026,1,1,1,1,1,1,1
blogs/tax-consultant-chakwal-city,blog,55,165,917,Best Tax Consultant in Chakwal,1,1,1,1,1,1,1
blogs/tax-consultant-chakwal-city-centre,blog,47,165,526,Best Tax Consultant in City Centre Chakwal 2026,1,1,1,1,1,1,1
blogs/tax-consultant-chaman,blog,54,183,822,Best Tax Consultant in Chaman — Income Tax; NTN &amp; FBR Filing 2026,1,1,1,1,1,1,1
blogs/tax-consultant-chaman-city,blog,54,165,917,Best Tax Consultant in Chaman,1,1,1,1,1,1,1
blogs/tax-consultant-charsadda,blog,58,195,915,Best Tax Consultant in Charsadda — Income Tax; NTN &amp; Company Registration 20,1,1,1,1,1,1,1
blogs/tax-consultant-charsadda-city,blog,57,165,917,Best Tax Consultant in Charsadda,1,1,1,1,1,1,1
blogs/tax-consultant-charsadda-road-psh-peshawar,blog,51,165,531,Best Tax Consultant in Charsadda Road Peshawar 2026,1,1,1,1,1,1,1
blogs/tax-consultant-chauburji-lahore,blog,44,165,952,Best Tax Consultant in Chauburji Lahore,1,1,1,1,1,1,1
blogs/tax-consultant-chicago-pakistanis,blog,54,165,979,Best Tax Consultant for Pakistanis in Chicago,1,1,1,1,1,1,1
blogs/tax-consultant-chichawatni,blog,52,167,701,Best Tax Consultant in Chichawatni 2026 - Online FBR Filing,1,1,1,1,1,1,1
blogs/tax-consultant-chilas,blog,47,171,700,Best Tax Consultant in Chilas 2026 - Online FBR Filing,1,1,1,1,1,1,1
blogs/tax-consultant-chiniot,blog,56,193,915,Best Tax Consultant in Chiniot — Income Tax; NTN &amp; Company Registration 2026,1,1,1,1,1,1,1
blogs/tax-consultant-chiniot-city,blog,55,165,917,Best Tax Consultant in Chiniot,1,1,1,1,1,1,1
blogs/tax-consultant-chiniot-city-centre,blog,47,165,614,Best Tax Consultant in City Centre Chiniot 2026,1,1,1,1,1,1,1
blogs/tax-consultant-chishtian,blog,50,170,701,Best Tax Consultant in Chishtian 2026 - Online FBR Filing,1,1,1,1,1,1,1
blogs/tax-consultant-chitral,blog,55,184,822,Best Tax Consultant in Chitral — Income Tax; NTN &amp; FBR Filing 2026,1,1,1,1,1,1,1
blogs/tax-consultant-chitral-city,blog,55,165,917,Best Tax Consultant in Chitral,1,1,1,1,1,1,1
blogs/tax-consultant-choa-saidan-shah,blog,57,172,731,Best Tax Consultant in Choa Saidan Shah 2026 - Online FBR Filing,1,1,1,1,1,1,1
blogs/tax-consultant-chungi-amar-sadhu-lahore,blog,57,198,908,Best Tax Consultant in Chungi Amar Sadhu; Lahore — Income Tax; NTN &amp; FBR Fil,1,1,1,1,1,1,1
blogs/tax-consultant-chungi-no-9-multan,blog,56,197,850,Best Tax Consultant in Chungi No. 9; Multan — Income Tax; NTN &amp; FBR Filing 2,1,1,1,1,1,1,1
blogs/tax-consultant-chungi-no9-multan,blog,46,165,520,Best Tax Consultant in Chungi No 9 Multan 2026,1,1,1,1,1,1,1
blogs/tax-consultant-chunian,blog,48,161,701,Best Tax Consultant in Chunian 2026 - Online FBR Filing,1,1,1,1,1,1,1
blogs/tax-consultant-chunian-lahore,blog,59,188,874,Best Tax Consultant in Chunian; Lahore — Income Tax; NTN &amp; FBR Filing 2026,1,1,1,1,1,1,1
blogs/tax-consultant-circular-road-lahore,blog,48,165,563,Best Tax Consultant in Circular Road Lahore 2026,1,1,1,1,1,1,1
blogs/tax-consultant-city-centre-bahawalpur,blog,50,145,936,Best Tax Consultant in City Centre Bahawalpur,1,1,1,1,1,1,1
blogs/tax-consultant-city-housing-society-lahore,blog,58,189,971,Best Tax Consultant in City Housing Society; Lahore — Income Tax; NTN &amp; FBR ,1,1,1,1,1,1,1
blogs/tax-consultant-civil-lines-faisalabad,blog,50,145,936,Best Tax Consultant in Civil Lines Faisalabad,1,1,1,1,1,1,1
blogs/tax-consultant-civil-lines-gujranwala,blog,50,145,936,Best Tax Consultant in Civil Lines Gujranwala,1,1,1,1,1,1,1
blogs/tax-consultant-civil-lines-karachi,blog,47,165,530,Best Tax Consultant in Civil Lines Karachi 2026,1,1,1,1,1,1,1
blogs/tax-consultant-clifton-block-2-karachi,blog,51,165,530,Best Tax Consultant in Clifton Block 2 Karachi 2026,1,1,1,1,1,1,1
blogs/tax-consultant-clifton-block-5-karachi,blog,51,165,530,Best Tax Consultant in Clifton Block 5 Karachi 2026,1,1,1,1,1,1,1
blogs/tax-consultant-clifton-block-9-karachi,blog,51,165,530,Best Tax Consultant in Clifton Block 9 Karachi 2026,1,1,1,1,1,1,1
blogs/tax-consultant-clifton-heights-islamabad,blog,53,143,936,Best Tax Consultant in PWD Colony Islamabad,1,1,1,1,1,1,1
blogs/tax-consultant-clifton-karachi,blog,43,165,918,Best Tax Consultant in Clifton Karachi,1,1,1,1,1,1,1
blogs/tax-consultant-clock-tower-faisalabad,blog,50,165,530,Best Tax Consultant in Clock Tower Faisalabad 2026,1,1,1,1,1,1,1
blogs/tax-consultant-college-road-lahore,blog,56,193,891,Best Tax Consultant in College Road; Lahore — Income Tax; NTN &amp; FBR Filing 2,1,1,1,1,1,1,1
blogs/tax-consultant-commercial-market-rawalpindi,blog,59,0,850,Best Tax Consultant in Commercial Market; Rawalpindi — Income Tax; NTN &amp; FBR,1,1,1,1,1,1,1
blogs/tax-consultant-d-12-islamabad,blog,42,165,917,Best Tax Consultant in D-12 Islamabad,1,1,1,1,1,1,1
blogs/tax-consultant-d-13-islamabad,blog,58,163,589,Best Tax Consultant in D-13; Islamabad — Income Tax; NTN &amp; FBR Filing 2026,1,1,1,1,1,1,1
blogs/tax-consultant-d-14-islamabad,blog,58,163,589,Best Tax Consultant in D-14; Islamabad — Income Tax; NTN &amp; FBR Filing 2026,1,1,1,1,1,1,1
blogs/tax-consultant-d-15-islamabad,blog,58,163,589,Best Tax Consultant in D-15; Islamabad — Income Tax; NTN &amp; FBR Filing 2026,1,1,1,1,1,1,1
blogs/tax-consultant-d-16-islamabad,blog,58,163,589,Best Tax Consultant in D-16; Islamabad — Income Tax; NTN &amp; FBR Filing 2026,1,1,1,1,1,1,1
blogs/tax-consultant-d-17-islamabad,blog,58,163,589,Best Tax Consultant in D-17; Islamabad — Income Tax; NTN &amp; FBR Filing 2026,1,1,1,1,1,1,1
blogs/tax-consultant-d-ground-faisalabad,blog,47,142,918,Best Tax Consultant in D Ground Faisalabad,1,1,1,1,1,1,1
blogs/tax-consultant-d12-islamabad,blog,59,192,836,Best Tax Consultant in D-12; Islamabad — Income Tax; NTN &amp; FBR Filing 2026,1,1,1,1,1,1,1
blogs/tax-consultant-dadu,blog,58,181,823,Best Tax Consultant in Dadu — Income Tax; NTN &amp; FBR Filing 2026,1,1,1,1,1,1,1
blogs/tax-consultant-dadu-city,blog,52,165,917,Best Tax Consultant in Dadu,1,1,1,1,1,1,1
blogs/tax-consultant-daharki,blog,48,162,701,Best Tax Consultant in Daharki 2026 - Online FBR Filing,1,1,1,1,1,1,1
blogs/tax-consultant-dalazak-road-peshawar,blog,49,165,530,Best Tax Consultant in Dalazak Road Peshawar 2026,1,1,1,1,1,1,1
blogs/tax-consultant-dallas-pakistanis,blog,53,165,981,Best Tax Consultant for Pakistanis in Dallas,1,1,1,1,1,1,1
blogs/tax-consultant-darya-khan,blog,58,187,843,Best Tax Consultant in Darya Khan — Income Tax; NTN &amp; FBR Filing 2026,1,1,1,1,1,1,1
blogs/tax-consultant-daska,blog,59,182,823,Best Tax Consultant in Daska — Income Tax; NTN &amp; FBR Filing 2026,1,1,1,1,1,1,1
blogs/tax-consultant-daska-city-centre,blog,45,165,614,Best Tax Consultant in City Centre Daska 2026,1,1,1,1,1,1,1
blogs/tax-consultant-daska-sialkot,blog,41,165,918,Best Tax Consultant in Daska Sialkot,1,1,1,1,1,1,1
blogs/tax-consultant-data-darbar-lahore,blog,46,165,563,Best Tax Consultant in Data Darbar Lahore 2026,1,1,1,1,1,1,1
blogs/tax-consultant-data-ganj-bakhsh-lahore,blog,56,0,899,Best Tax Consultant in Data Ganj Bakhsh; Lahore — Income Tax; NTN &amp; FBR Fili,1,1,1,1,1,1,1
blogs/tax-consultant-data-nagar-lahore,blog,54,191,891,Best Tax Consultant in Data Nagar; Lahore — Income Tax; NTN &amp; FBR Filing 202,1,1,1,1,1,1,1
blogs/tax-consultant-davis-road-lahore,blog,54,179,952,Best Tax Consultant in Davis Road; Lahore — Income Tax; NTN &amp; FBR Filing 202,1,1,1,1,1,1,1
blogs/tax-consultant-defence-karachi,blog,43,165,918,Best Tax Consultant in Defence Karachi,1,1,1,1,1,1,1
blogs/tax-consultant-defence-phase-2-karachi,blog,51,165,530,Best Tax Consultant in Defence Phase 2 Karachi 2026,1,1,1,1,1,1,1
blogs/tax-consultant-defence-phase-5-karachi,blog,51,165,530,Best Tax Consultant in Defence Phase 5 Karachi 2026,1,1,1,1,1,1,1
blogs/tax-consultant-defence-phase-8-karachi,blog,51,165,530,Best Tax Consultant in Defence Phase 8 Karachi 2026,1,1,1,1,1,1,1
blogs/tax-consultant-defence-road-lahore,blog,56,181,952,Best Tax Consultant in Defence Road; Lahore — Income Tax; NTN &amp; FBR Filing 2,1,1,1,1,1,1,1
blogs/tax-consultant-defence-view-karachi,blog,57,198,851,Best Tax Consultant in Defence View; Karachi — Income Tax; NTN &amp; FBR Filing ,1,1,1,1,1,1,1
blogs/tax-consultant-delhi-gate-lahore,blog,54,191,891,Best Tax Consultant in Delhi Gate; Lahore — Income Tax; NTN &amp; FBR Filing 202,1,1,1,1,1,1,1
blogs/tax-consultant-depalpur,blog,49,162,701,Best Tax Consultant in Depalpur 2026 - Online FBR Filing,1,1,1,1,1,1,1
blogs/tax-consultant-dera-bugti,blog,51,170,716,Best Tax Consultant in Dera Bugti 2026 - Online FBR Filing,1,1,1,1,1,1,1
blogs/tax-consultant-dera-ghazi-khan-city,blog,43,165,963,Best Tax Consultant in Dera Ghazi Khan,1,1,1,1,1,1,1
blogs/tax-consultant-dera-ismail-khan,blog,59,0,884,Best Tax Consultant in Dera Ismail Khan; D.I. Khan — Income Tax; NTN &amp; FBR F,1,1,1,1,1,1,1
blogs/tax-consultant-dera-ismail-khan-city,blog,44,165,963,Best Tax Consultant in Dera Ismail Khan,1,1,1,1,1,1,1
blogs/tax-consultant-dg-khan,blog,58,0,975,Best Tax Consultant in Dera Ghazi Khan; D.G. Khan — Income Tax; NTN &amp; Compan,1,1,1,1,1,1,1
blogs/tax-consultant-dha-city-karachi,blog,44,165,530,Best Tax Consultant in DHA City Karachi 2026,1,1,1,1,1,1,1
blogs/tax-consultant-dha-islamabad,blog,41,165,918,Best Tax Consultant in DHA Islamabad,1,1,1,1,1,1,1
blogs/tax-consultant-dha-karachi,blog,59,165,920,Best Tax Consultant in DHA Karachi,1,1,1,1,1,1,1
blogs/tax-consultant-dha-lahore,blog,54,0,977,Best Tax Consultant in DHA Lahore; Lahore — Income Tax; NTN &amp; Company Regist,1,1,1,1,1,1,1
blogs/tax-consultant-dha-lahore-area,blog,58,165,954,Best Tax Consultant in DHA Lahore,1,1,1,1,1,1,1
blogs/tax-consultant-dha-phase-1-karachi,blog,56,197,851,Best Tax Consultant in DHA Phase 1; Karachi — Income Tax; NTN &amp; FBR Filing 2,1,1,1,1,1,1,1
blogs/tax-consultant-dha-phase-1-lahore,blog,55,196,884,Best Tax Consultant in DHA Phase 1; Lahore — Income Tax; NTN &amp; FBR Filing 20,1,1,1,1,1,1,1
blogs/tax-consultant-dha-phase-10-lahore,blog,56,181,963,Best Tax Consultant in DHA Phase 10; Lahore — Income Tax; NTN &amp; FBR Filing 2,1,1,1,1,1,1,1
blogs/tax-consultant-dha-phase-11-lahore,blog,56,193,644,Best Tax Consultant in DHA Phase 11; Lahore — Income Tax; NTN &amp; FBR Filing 2,1,1,1,1,1,1,1
blogs/tax-consultant-dha-phase-2-karachi,blog,47,142,936,Best Tax Consultant in DHA Phase 2 Karachi,1,1,1,1,1,1,1
blogs/tax-consultant-dha-phase-2-lahore,blog,55,196,884,Best Tax Consultant in DHA Phase 2; Lahore — Income Tax; NTN &amp; FBR Filing 20,1,1,1,1,1,1,1
blogs/tax-consultant-dha-phase-3-lahore,blog,55,192,891,Best Tax Consultant in DHA Phase 3; Lahore — Income Tax; NTN &amp; FBR Filing 20,1,1,1,1,1,1,1
blogs/tax-consultant-dha-phase-4-lahore,blog,55,192,891,Best Tax Consultant in DHA Phase 4; Lahore — Income Tax; NTN &amp; FBR Filing 20,1,1,1,1,1,1,1
blogs/tax-consultant-dha-phase-5-lahore,blog,55,196,884,Best Tax Consultant in DHA Phase 5; Lahore — Income Tax; NTN &amp; FBR Filing 20,1,1,1,1,1,1,1
blogs/tax-consultant-dha-phase-6-karachi,blog,47,142,936,Best Tax Consultant in DHA Phase 6 Karachi,1,1,1,1,1,1,1
blogs/tax-consultant-dha-phase-6-lahore,blog,55,196,884,Best Tax Consultant in DHA Phase 6; Lahore — Income Tax; NTN &amp; FBR Filing 20,1,1,1,1,1,1,1
blogs/tax-consultant-dha-phase-7-lahore,blog,55,192,891,Best Tax Consultant in DHA Phase 7; Lahore — Income Tax; NTN &amp; FBR Filing 20,1,1,1,1,1,1,1
blogs/tax-consultant-dha-phase-8-lahore,blog,55,192,891,Best Tax Consultant in DHA Phase 8; Lahore — Income Tax; NTN &amp; FBR Filing 20,1,1,1,1,1,1,1
blogs/tax-consultant-dha-phase-9-lahore,blog,55,192,891,Best Tax Consultant in DHA Phase 9; Lahore — Income Tax; NTN &amp; FBR Filing 20,1,1,1,1,1,1,1
blogs/tax-consultant-dha-phase-9-prism-lahore,blog,57,186,971,Best Tax Consultant in DHA Phase 9 Prism; Lahore — Income Tax; NTN &amp; FBR Fil,1,1,1,1,1,1,1
blogs/tax-consultant-dha-phase-9-town-lahore,blog,56,185,971,Best Tax Consultant in DHA Phase 9 Town; Lahore — Income Tax; NTN &amp; FBR Fili,1,1,1,1,1,1,1
blogs/tax-consultant-dha-q-block-lahore,blog,55,180,952,Best Tax Consultant in DHA Q Block; Lahore — Income Tax; NTN &amp; FBR Filing 20,1,1,1,1,1,1,1
blogs/tax-consultant-dha-rahbar-lahore,blog,54,191,891,Best Tax Consultant in DHA Rahbar; Lahore — Income Tax; NTN &amp; FBR Filing 202,1,1,1,1,1,1,1
blogs/tax-consultant-dha-raya-lahore,blog,52,189,891,Best Tax Consultant in DHA Raya; Lahore — Income Tax; NTN &amp; FBR Filing 2026,1,1,1,1,1,1,1
blogs/tax-consultant-dha-y-block-lahore,blog,55,180,952,Best Tax Consultant in DHA Y Block; Lahore — Income Tax; NTN &amp; FBR Filing 20,1,1,1,1,1,1,1
blogs/tax-consultant-dharampura-lahore,blog,45,165,552,Best Tax Consultant in Dharampura Lahore 2026,1,1,1,1,1,1,1
blogs/tax-consultant-dhoke-hassu-rawalpindi,blog,59,200,851,Best Tax Consultant in Dhoke Hassu; Rawalpindi — Income Tax; NTN &amp; FBR Filin,1,1,1,1,1,1,1
blogs/tax-consultant-dijkot-faisalabad,blog,45,165,519,Best Tax Consultant in Dijkot Faisalabad 2026,1,1,1,1,1,1,1
blogs/tax-consultant-dijkot-road-faisalabad,blog,59,0,944,Best Tax Consultant in Dijkot Road; Faisalabad — Income Tax; NTN &amp; Company R,1,1,1,1,1,1,1
blogs/tax-consultant-dina,blog,58,181,823,Best Tax Consultant in Dina — Income Tax; NTN &amp; FBR Filing 2026,1,1,1,1,1,1,1
blogs/tax-consultant-dina-jhelum,blog,45,159,702,Best Tax Consultant in Dina 2026 - Online FBR Filing,1,1,1,1,1,1,1
blogs/tax-consultant-dinga,blog,46,160,701,Best Tax Consultant in Dinga 2026 - Online FBR Filing,1,1,1,1,1,1,1
blogs/tax-consultant-diplomatic-enclave-islamabad,blog,59,177,604,Best Tax Consultant in Diplomatic Enclave; Islamabad — Income Tax; NTN &amp; FBR,1,1,1,1,1,1,1
blogs/tax-consultant-dir-lower,blog,58,191,851,Best Tax Consultant in Dir Lower; Dir — Income Tax; NTN &amp; FBR Filing 2026,1,1,1,1,1,1,1
blogs/tax-consultant-doctors-pakistan,blog,43,192,875,Tax Consultant for Doctors in Pakistan 2026,1,1,1,1,1,1,1
blogs/tax-consultant-double-road-quetta,blog,46,165,530,Best Tax Consultant in Double Road Quetta 2026,1,1,1,1,1,1,1
blogs/tax-consultant-dubai-pakistanis,blog,54,163,1055,Best Tax Consultant for Pakistanis in Dubai &amp; UAE,1,1,1,1,1,1,1
blogs/tax-consultant-e-10-islamabad,blog,58,163,589,Best Tax Consultant in E-10; Islamabad — Income Tax; NTN &amp; FBR Filing 2026,1,1,1,1,1,1,1
blogs/tax-consultant-e-11-islamabad,blog,42,165,917,Best Tax Consultant in E-11 Islamabad,1,1,1,1,1,1,1
blogs/tax-consultant-e-7-islamabad,blog,41,165,917,Best Tax Consultant in E-7 Islamabad,1,1,1,1,1,1,1
blogs/tax-consultant-e-8-islamabad,blog,57,162,589,Best Tax Consultant in E-8; Islamabad — Income Tax; NTN &amp; FBR Filing 2026,1,1,1,1,1,1,1
blogs/tax-consultant-e-9-islamabad,blog,41,164,518,Best Tax Consultant in E-9 Islamabad 2026,1,1,1,1,1,1,1
blogs/tax-consultant-e11-islamabad,blog,59,0,929,Best Tax Consultant in E-11; Islamabad — Income Tax; NTN &amp; Company Registrat,1,1,1,1,1,1,1
blogs/tax-consultant-e7-islamabad,blog,58,200,928,Best Tax Consultant in E-7; Islamabad — Income Tax; NTN &amp; Company Registrati,1,1,1,1,1,1,1
blogs/tax-consultant-eden-abad-lahore,blog,53,190,891,Best Tax Consultant in Eden Abad; Lahore — Income Tax; NTN &amp; FBR Filing 2026,1,1,1,1,1,1,1
blogs/tax-consultant-eden-boulevard-lahore,blog,58,183,952,Best Tax Consultant in Eden Boulevard; Lahore — Income Tax; NTN &amp; FBR Filing,1,1,1,1,1,1,1
blogs/tax-consultant-eden-city-lahore,blog,53,190,891,Best Tax Consultant in Eden City; Lahore — Income Tax; NTN &amp; FBR Filing 2026,1,1,1,1,1,1,1
blogs/tax-consultant-eden-garden-lahore,blog,55,196,884,Best Tax Consultant in Eden Garden; Lahore — Income Tax; NTN &amp; FBR Filing 20,1,1,1,1,1,1,1
blogs/tax-consultant-eden-motions-lahore,blog,59,0,923,Best Tax Consultant in Eden Gardens (Bedian Road); Lahore — Income Tax; NTN &amp,1,1,1,1,1,1,1
blogs/tax-consultant-eden-orchard-lahore,blog,56,181,952,Best Tax Consultant in Eden Orchard; Lahore — Income Tax; NTN &amp; FBR Filing 2,1,1,1,1,1,1,1
blogs/tax-consultant-eden-residencia-lahore,blog,59,184,952,Best Tax Consultant in Eden Residencia; Lahore — Income Tax; NTN &amp; FBR Filin,1,1,1,1,1,1,1
blogs/tax-consultant-eden-value-homes-lahore,blog,51,165,570,Best Tax Consultant in Eden Value Homes Lahore 2026,1,1,1,1,1,1,1
blogs/tax-consultant-eminabad,blog,49,167,701,Best Tax Consultant in Eminabad 2026 - Online FBR Filing,1,1,1,1,1,1,1
blogs/tax-consultant-emporium-mall-lahore,blog,58,199,907,Best Tax Consultant in Emporium Mall Area; Lahore — Income Tax; NTN &amp; FBR Fi,1,1,1,1,1,1,1
blogs/tax-consultant-empress-road-lahore,blog,56,181,952,Best Tax Consultant in Empress Road; Lahore — Income Tax; NTN &amp; FBR Filing 2,1,1,1,1,1,1,1
blogs/tax-consultant-engineers-pakistan,blog,45,197,768,Tax Consultant for Engineers in Pakistan 2026,1,1,1,1,1,1,1
blogs/tax-consultant-engineers-town-islamabad,blog,55,178,608,Best Tax Consultant in Engineers Town IMIT; Islamabad — Income Tax; NTN &amp; FB,1,1,1,1,1,1,1
blogs/tax-consultant-engineers-town-lahore,blog,58,195,891,Best Tax Consultant in Engineers Town; Lahore — Income Tax; NTN &amp; FBR Filing,1,1,1,1,1,1,1
blogs/tax-consultant-exporters-pakistan,blog,57,150,580,Tax Consultant for Exporters in Pakistan 2026,1,1,1,1,1,1,1
blogs/tax-consultant-f-10-islamabad,blog,42,165,917,Best Tax Consultant in F-10 Islamabad,1,1,1,1,1,1,1
blogs/tax-consultant-f-11-islamabad,blog,42,165,917,Best Tax Consultant in F-11 Islamabad,1,1,1,1,1,1,1
blogs/tax-consultant-f-12-islamabad,blog,58,163,589,Best Tax Consultant in F-12; Islamabad — Income Tax; NTN &amp; FBR Filing 2026,1,1,1,1,1,1,1
blogs/tax-consultant-f-13-islamabad,blog,58,163,589,Best Tax Consultant in F-13; Islamabad — Income Tax; NTN &amp; FBR Filing 2026,1,1,1,1,1,1,1
blogs/tax-consultant-f-14-islamabad,blog,58,163,589,Best Tax Consultant in F-14; Islamabad — Income Tax; NTN &amp; FBR Filing 2026,1,1,1,1,1,1,1
blogs/tax-consultant-f-15-islamabad,blog,58,163,589,Best Tax Consultant in F-15; Islamabad — Income Tax; NTN &amp; FBR Filing 2026,1,1,1,1,1,1,1
blogs/tax-consultant-f-16-islamabad,blog,58,163,589,Best Tax Consultant in F-16; Islamabad — Income Tax; NTN &amp; FBR Filing 2026,1,1,1,1,1,1,1
blogs/tax-consultant-f-17-islamabad,blog,58,163,589,Best Tax Consultant in F-17; Islamabad — Income Tax; NTN &amp; FBR Filing 2026,1,1,1,1,1,1,1
blogs/tax-consultant-f-4-islamabad,blog,41,164,518,Best Tax Consultant in F-4 Islamabad 2026,1,1,1,1,1,1,1
blogs/tax-consultant-f-5-islamabad,blog,44,161,701,Best Tax Consultant in F-5 2026 - Online FBR Filing,1,1,1,1,1,1,1
blogs/tax-consultant-f-6-islamabad,blog,41,165,917,Best Tax Consultant in F-6 Islamabad,1,1,1,1,1,1,1
blogs/tax-consultant-f-7-islamabad,blog,41,165,917,Best Tax Consultant in F-7 Islamabad,1,1,1,1,1,1,1
blogs/tax-consultant-f-8-islamabad,blog,41,165,917,Best Tax Consultant in F-8 Islamabad,1,1,1,1,1,1,1
blogs/tax-consultant-f-9-islamabad,blog,41,165,917,Best Tax Consultant in F-9 Islamabad,1,1,1,1,1,1,1
blogs/tax-consultant-f10-islamabad,blog,59,0,929,Best Tax Consultant in F-10; Islamabad — Income Tax; NTN &amp; Company Registrat,1,1,1,1,1,1,1
blogs/tax-consultant-f11-islamabad,blog,59,0,929,Best Tax Consultant in F-11; Islamabad — Income Tax; NTN &amp; Company Registrat,1,1,1,1,1,1,1
blogs/tax-consultant-f7-islamabad,blog,57,0,942,Best Tax Consultant in F-7 Markaz; Islamabad — Income Tax; NTN &amp; Company Reg,1,1,1,1,1,1,1
blogs/tax-consultant-f8-islamabad,blog,58,200,928,Best Tax Consultant in F-8; Islamabad — Income Tax; NTN &amp; Company Registrati,1,1,1,1,1,1,1
blogs/tax-consultant-faisal-avenue-islamabad,blog,51,165,530,Best Tax Consultant in Faisal Avenue Islamabad 2026,1,1,1,1,1,1,1
blogs/tax-consultant-faisal-town-block-a-lahore,blog,59,200,908,Best Tax Consultant in Faisal Town Block A; Lahore — Income Tax; NTN &amp; FBR F,1,1,1,1,1,1,1
blogs/tax-consultant-faisal-town-block-b-lahore,blog,59,200,908,Best Tax Consultant in Faisal Town Block B; Lahore — Income Tax; NTN &amp; FBR F,1,1,1,1,1,1,1
blogs/tax-consultant-faisal-town-block-c-lahore,blog,59,200,908,Best Tax Consultant in Faisal Town Block C; Lahore — Income Tax; NTN &amp; FBR F,1,1,1,1,1,1,1
blogs/tax-consultant-faisal-town-block-d-lahore,blog,59,200,650,Best Tax Consultant in Faisal Town Block D; Lahore — Income Tax; NTN &amp; FBR F,1,1,1,1,1,1,1
blogs/tax-consultant-faisal-town-block-e-lahore,blog,59,200,650,Best Tax Consultant in Faisal Town Block E; Lahore — Income Tax; NTN &amp; FBR F,1,1,1,1,1,1,1
blogs/tax-consultant-faisal-town-block-f-lahore,blog,59,200,650,Best Tax Consultant in Faisal Town Block F; Lahore — Income Tax; NTN &amp; FBR F,1,1,1,1,1,1,1
blogs/tax-consultant-faisal-town-islamabad,blog,58,170,605,Best Tax Consultant in Faisal Town; Islamabad — Income Tax; NTN &amp; FBR Filing,1,1,1,1,1,1,1
blogs/tax-consultant-faisalabad,blog,58,163,689,Best Tax Consultant in Faisalabad 2026,1,1,1,1,1,1,1
blogs/tax-consultant-faisalabad-district,blog,56,0,848,Best Tax Consultant in Faisalabad District; Faisalabad — Income Tax; NTN &amp; F,1,1,1,1,1,1,1
blogs/tax-consultant-faizabad-rawalpindi,blog,56,197,835,Best Tax Consultant in Faizabad; Rawalpindi — Income Tax; NTN &amp; FBR Filing 2,1,1,1,1,1,1,1
blogs/tax-consultant-faqirabad-peshawar,blog,46,165,519,Best Tax Consultant in Faqirabad Peshawar 2026,1,1,1,1,1,1,1
blogs/tax-consultant-farash-town-islamabad,blog,58,170,605,Best Tax Consultant in Farash Town; Islamabad — Income Tax; NTN &amp; FBR Filing,1,1,1,1,1,1,1
blogs/tax-consultant-farid-town-gujranwala,blog,49,165,530,Best Tax Consultant in Farid Town Gujranwala 2026,1,1,1,1,1,1,1
blogs/tax-consultant-farooq-colony-lahore,blog,57,182,952,Best Tax Consultant in Farooq Colony; Lahore — Income Tax; NTN &amp; FBR Filing ,1,1,1,1,1,1,1
blogs/tax-consultant-fateh-jang,blog,58,187,843,Best Tax Consultant in Fateh Jang — Income Tax; NTN &amp; FBR Filing 2026,1,1,1,1,1,1,1
blogs/tax-consultant-fatehjang,blog,50,164,701,Best Tax Consultant in Fatehjang 2026 - Online FBR Filing,1,1,1,1,1,1,1
blogs/tax-consultant-fb-area-karachi,blog,59,0,943,Best Tax Consultant in Federal B Area; Karachi — Income Tax; NTN &amp; Company R,1,1,1,1,1,1,1
blogs/tax-consultant-federal-b-area-karachi,blog,50,145,936,Best Tax Consultant in Federal B Area Karachi,1,1,1,1,1,1,1
blogs/tax-consultant-fees-pakistan,blog,57,165,629,Tax Consultant Fees in Pakistan 2026 — Standard Pricing Guide,1,1,1,1,1,1,1
blogs/tax-consultant-ferozepur-road-lahore,blog,49,165,563,Best Tax Consultant in Ferozepur Road Lahore 2026,1,1,1,1,1,1,1
blogs/tax-consultant-ferozewala,blog,58,187,822,Best Tax Consultant in Ferozewala — Income Tax; NTN &amp; FBR Filing 2026,1,1,1,1,1,1,1
blogs/tax-consultant-ferozewala-lahore,blog,54,191,873,Best Tax Consultant in Ferozewala; Lahore — Income Tax; NTN &amp; FBR Filing 202,1,1,1,1,1,1,1
blogs/tax-consultant-ferozwala,blog,50,169,701,Best Tax Consultant in Ferozwala 2026 - Online FBR Filing,1,1,1,1,1,1,1
blogs/tax-consultant-formanites-housing-lahore,blog,59,0,636,Best Tax Consultant in Formanites Housing Society; Lahore — Income Tax; NTN &amp,1,1,1,1,1,1,1
blogs/tax-consultant-fort-abbas,blog,51,171,716,Best Tax Consultant in Fort Abbas 2026 - Online FBR Filing,1,1,1,1,1,1,1
blogs/tax-consultant-freelancers-online-pakistan,blog,55,176,590,Tax Consultant for Online Freelancers in Pakistan 2026 - Fiverr; Upwork,1,1,1,1,1,1,1
blogs/tax-consultant-frere-town-karachi,blog,46,165,530,Best Tax Consultant in Frere Town Karachi 2026,1,1,1,1,1,1,1
blogs/tax-consultant-g-10-islamabad,blog,42,165,917,Best Tax Consultant in G-10 Islamabad,1,1,1,1,1,1,1
blogs/tax-consultant-g-11-islamabad,blog,42,165,917,Best Tax Consultant in G-11 Islamabad,1,1,1,1,1,1,1
blogs/tax-consultant-g-12-islamabad,blog,42,165,518,Best Tax Consultant in G-12 Islamabad 2026,1,1,1,1,1,1,1
blogs/tax-consultant-g-13-islamabad,blog,42,165,917,Best Tax Consultant in G-13 Islamabad,1,1,1,1,1,1,1
blogs/tax-consultant-g-14-islamabad,blog,42,165,917,Best Tax Consultant in G-14 Islamabad,1,1,1,1,1,1,1
blogs/tax-consultant-g-15-islamabad,blog,42,165,917,Best Tax Consultant in G-15 Islamabad,1,1,1,1,1,1,1
blogs/tax-consultant-g-16-islamabad,blog,58,163,589,Best Tax Consultant in G-16; Islamabad — Income Tax; NTN &amp; FBR Filing 2026,1,1,1,1,1,1,1
blogs/tax-consultant-g-5-islamabad,blog,57,162,589,Best Tax Consultant in G-5; Islamabad — Income Tax; NTN &amp; FBR Filing 2026,1,1,1,1,1,1,1
blogs/tax-consultant-g-6-islamabad,blog,41,165,917,Best Tax Consultant in G-6 Islamabad,1,1,1,1,1,1,1
blogs/tax-consultant-g-7-islamabad,blog,44,161,701,Best Tax Consultant in G-7 2026 - Online FBR Filing,1,1,1,1,1,1,1
blogs/tax-consultant-g-8-islamabad,blog,41,165,917,Best Tax Consultant in G-8 Islamabad,1,1,1,1,1,1,1
blogs/tax-consultant-g-9-islamabad,blog,41,165,917,Best Tax Consultant in G-9 Islamabad,1,1,1,1,1,1,1
blogs/tax-consultant-g10-islamabad,blog,59,192,836,Best Tax Consultant in G-10; Islamabad — Income Tax; NTN &amp; FBR Filing 2026,1,1,1,1,1,1,1
blogs/tax-consultant-g11-islamabad,blog,59,0,929,Best Tax Consultant in G-11; Islamabad — Income Tax; NTN &amp; Company Registrat,1,1,1,1,1,1,1
blogs/tax-consultant-g13-islamabad,blog,59,192,836,Best Tax Consultant in G-13; Islamabad — Income Tax; NTN &amp; FBR Filing 2026,1,1,1,1,1,1,1
blogs/tax-consultant-g14-islamabad,blog,59,192,836,Best Tax Consultant in G-14; Islamabad — Income Tax; NTN &amp; FBR Filing 2026,1,1,1,1,1,1,1
blogs/tax-consultant-g15-islamabad,blog,59,192,836,Best Tax Consultant in G-15; Islamabad — Income Tax; NTN &amp; FBR Filing 2026,1,1,1,1,1,1,1
blogs/tax-consultant-g9-islamabad,blog,58,200,928,Best Tax Consultant in G-9; Islamabad — Income Tax; NTN &amp; Company Registrati,1,1,1,1,1,1,1
blogs/tax-consultant-gadap-town-karachi,blog,46,141,936,Best Tax Consultant in Gadap Town Karachi,1,1,1,1,1,1,1
blogs/tax-consultant-gajumata-lahore,blog,52,189,873,Best Tax Consultant in Gajumata; Lahore — Income Tax; NTN &amp; FBR Filing 2026,1,1,1,1,1,1,1
blogs/tax-consultant-gambat,blog,47,163,701,Best Tax Consultant in Gambat 2026 - Online FBR Filing,1,1,1,1,1,1,1
blogs/tax-consultant-garden-block-lahore,blog,56,193,891,Best Tax Consultant in Garden Block; Lahore — Income Tax; NTN &amp; FBR Filing 2,1,1,1,1,1,1,1
blogs/tax-consultant-garden-karachi,blog,42,165,918,Best Tax Consultant in Garden Karachi,1,1,1,1,1,1,1
blogs/tax-consultant-garden-town-block-a-lahore,blog,59,200,908,Best Tax Consultant in Garden Town Block A; Lahore — Income Tax; NTN &amp; FBR F,1,1,1,1,1,1,1
blogs/tax-consultant-garden-town-block-b-lahore,blog,59,200,908,Best Tax Consultant in Garden Town Block B; Lahore — Income Tax; NTN &amp; FBR F,1,1,1,1,1,1,1
blogs/tax-consultant-garden-town-multan,blog,55,196,851,Best Tax Consultant in Garden Town; Multan — Income Tax; NTN &amp; FBR Filing 20,1,1,1,1,1,1,1
blogs/tax-consultant-garden-town-super-market-lahore,blog,57,193,990,Best Tax Consultant in Garden Town Super Market; Lahore — Income Tax; NTN &amp; ,1,1,1,1,1,1,1
blogs/tax-consultant-garden-west-karachi,blog,52,167,717,Best Tax Consultant in Garden West 2026 - Online FBR Filing,1,1,1,1,1,1,1
blogs/tax-consultant-garhi-shahu-lahore,blog,46,141,969,Best Tax Consultant in Garhi Shahu Lahore,1,1,1,1,1,1,1
blogs/tax-consultant-ghalib-market-lahore,blog,57,194,888,Best Tax Consultant in Ghalib Market; Lahore — Income Tax; NTN &amp; FBR Filing ,1,1,1,1,1,1,1
blogs/tax-consultant-ghanche,blog,48,172,700,Best Tax Consultant in Ghanche 2026 - Online FBR Filing,1,1,1,1,1,1,1
blogs/tax-consultant-ghauri-town-islamabad,blog,58,170,605,Best Tax Consultant in Ghauri Town; Islamabad — Income Tax; NTN &amp; FBR Filing,1,1,1,1,1,1,1
blogs/tax-consultant-ghizer,blog,47,171,700,Best Tax Consultant in Ghizer 2026 - Online FBR Filing,1,1,1,1,1,1,1
blogs/tax-consultant-ghosia-colony-lahore,blog,57,194,891,Best Tax Consultant in Ghosia Colony; Lahore — Income Tax; NTN &amp; FBR Filing ,1,1,1,1,1,1,1
blogs/tax-consultant-ghotki,blog,54,183,822,Best Tax Consultant in Ghotki — Income Tax; NTN &amp; FBR Filing 2026,1,1,1,1,1,1,1
blogs/tax-consultant-ghotki-city,blog,54,165,917,Best Tax Consultant in Ghotki,1,1,1,1,1,1,1
blogs/tax-consultant-ghulam-muhammad-abad-faisalabad,blog,59,141,541,Best Tax Consultant in Ghulam Muhammad Abad Faisalabad 2026,1,1,1,1,1,1,1
blogs/tax-consultant-gilgit,blog,55,192,915,Best Tax Consultant in Gilgit — Income Tax; NTN &amp; Company Registration 2026,1,1,1,1,1,1,1
blogs/tax-consultant-gilgit-city,blog,54,165,917,Best Tax Consultant in Gilgit,1,1,1,1,1,1,1
blogs/tax-consultant-gojra,blog,46,168,705,Best Tax Consultant in Gojra 2026 - Online FBR Filing,1,1,1,1,1,1,1
blogs/tax-consultant-golra-islamabad,blog,43,165,519,Best Tax Consultant in Golra Islamabad 2026,1,1,1,1,1,1,1
blogs/tax-consultant-gondlanwala-gujranwala,blog,50,165,519,Best Tax Consultant in Gondlanwala Gujranwala 2026,1,1,1,1,1,1,1
blogs/tax-consultant-government-employees-pakistan,blog,53,173,812,Tax Consultant for Government Employees Pakistan 2026,1,1,1,1,1,1,1
blogs/tax-consultant-green-acres-lahore,blog,53,196,987,Best Tax Consultant in Green Acres Housing Society; Lahore — Income Tax; NTN &am,1,1,1,1,1,1,1
blogs/tax-consultant-green-city-lahore,blog,54,191,891,Best Tax Consultant in Green City; Lahore — Income Tax; NTN &amp; FBR Filing 202,1,1,1,1,1,1,1
blogs/tax-consultant-green-fort-lahore,blog,59,195,988,Best Tax Consultant in Green Fort Housing Society; Lahore — Income Tax; NTN &amp,1,1,1,1,1,1,1
blogs/tax-consultant-green-town-block-a-lahore,blog,58,199,908,Best Tax Consultant in Green Town Block A; Lahore — Income Tax; NTN &amp; FBR Fi,1,1,1,1,1,1,1
blogs/tax-consultant-green-town-block-b-lahore,blog,58,199,908,Best Tax Consultant in Green Town Block B; Lahore — Income Tax; NTN &amp; FBR Fi,1,1,1,1,1,1,1
blogs/tax-consultant-green-town-block-c-lahore,blog,58,187,971,Best Tax Consultant in Green Town Block C; Lahore — Income Tax; NTN &amp; FBR Fi,1,1,1,1,1,1,1
blogs/tax-consultant-green-town-block-d-lahore,blog,58,187,971,Best Tax Consultant in Green Town Block D; Lahore — Income Tax; NTN &amp; FBR Fi,1,1,1,1,1,1,1
blogs/tax-consultant-green-town-block-e-lahore,blog,58,187,971,Best Tax Consultant in Green Town Block E; Lahore — Income Tax; NTN &amp; FBR Fi,1,1,1,1,1,1,1
blogs/tax-consultant-green-town-block-f-lahore,blog,58,199,650,Best Tax Consultant in Green Town Block F; Lahore — Income Tax; NTN &amp; FBR Fi,1,1,1,1,1,1,1
blogs/tax-consultant-green-town-block-g-lahore,blog,58,199,650,Best Tax Consultant in Green Town Block G; Lahore — Income Tax; NTN &amp; FBR Fi,1,1,1,1,1,1,1
blogs/tax-consultant-green-town-lahore,blog,45,140,970,Best Tax Consultant in Green Town Lahore,1,1,1,1,1,1,1
blogs/tax-consultant-gt-road-lahore,blog,59,188,874,Best Tax Consultant in GT Road; Lahore — Income Tax; NTN &amp; FBR Filing 2026,1,1,1,1,1,1,1
blogs/tax-consultant-gujar-khan,blog,51,169,716,Best Tax Consultant in Gujar Khan 2026 - Online FBR Filing,1,1,1,1,1,1,1
blogs/tax-consultant-gujranwala,blog,58,166,708,Best Tax Consultant in Gujranwala 2026,1,1,1,1,1,1,1
blogs/tax-consultant-gujranwala-satellite-town,blog,59,164,612,Best Tax Consultant in Satellite Town Gujranwala 2026,1,1,1,1,1,1,1
blogs/tax-consultant-gujrat,blog,55,166,634,Tax Consultant in GujratNTN; Income Tax & Export Tax Compliance,1,1,1,1,1,1,1
blogs/tax-consultant-gujrat-cantt,blog,53,167,716,Best Tax Consultant in Gujrat Cantt 2026 - Online FBR Filing,1,1,1,1,1,1,1
blogs/tax-consultant-gujrat-city,blog,54,165,917,Best Tax Consultant in Gujrat,1,1,1,1,1,1,1
blogs/tax-consultant-gujrat-city-centre,blog,46,165,526,Best Tax Consultant in City Centre Gujrat 2026,1,1,1,1,1,1,1
blogs/tax-consultant-gul-ahmed-colony-lahore,blog,56,185,971,Best Tax Consultant in Gul Ahmed Colony; Lahore — Income Tax; NTN &amp; FBR Fili,1,1,1,1,1,1,1
blogs/tax-consultant-gulbahar-peshawar,blog,45,140,918,Best Tax Consultant in Gulbahar Peshawar,1,1,1,1,1,1,1
blogs/tax-consultant-gulberg-1-lahore,blog,53,194,865,Best Tax Consultant in Gulberg 1; Lahore — Income Tax; NTN &amp; FBR Filing 2026,1,1,1,1,1,1,1
blogs/tax-consultant-gulberg-2-lahore,blog,53,194,865,Best Tax Consultant in Gulberg 2; Lahore — Income Tax; NTN &amp; FBR Filing 2026,1,1,1,1,1,1,1
blogs/tax-consultant-gulberg-3-lahore,blog,53,194,865,Best Tax Consultant in Gulberg 3; Lahore — Income Tax; NTN &amp; FBR Filing 2026,1,1,1,1,1,1,1
blogs/tax-consultant-gulberg-4-lahore,blog,53,178,929,Best Tax Consultant in Gulberg 4; Lahore — Income Tax; NTN &amp; FBR Filing 2026,1,1,1,1,1,1,1
blogs/tax-consultant-gulberg-5-lahore,blog,53,194,865,Best Tax Consultant in Gulberg 5; Lahore — Income Tax; NTN &amp; FBR Filing 2026,1,1,1,1,1,1,1
blogs/tax-consultant-gulberg-faisalabad,blog,55,0,928,Best Tax Consultant in Gulberg; Faisalabad — Income Tax; NTN &amp; Company Regis,1,1,1,1,1,1,1
blogs/tax-consultant-gulberg-green-lahore,blog,57,182,949,Best Tax Consultant in Gulberg Green; Lahore — Income Tax; NTN &amp; FBR Filing ,1,1,1,1,1,1,1
blogs/tax-consultant-gulberg-greens-islamabad,blog,57,173,604,Best Tax Consultant in Gulberg Greens; Islamabad — Income Tax; NTN &amp; FBR Fil,1,1,1,1,1,1,1
blogs/tax-consultant-gulberg-iii-lahore,blog,52,166,747,Best Tax Consultant in Gulberg III 2026 - Online FBR Filing,1,1,1,1,1,1,1
blogs/tax-consultant-gulberg-karachi,blog,57,198,850,Best Tax Consultant in Gulberg Town; Karachi — Income Tax; NTN &amp; FBR Filing ,1,1,1,1,1,1,1
blogs/tax-consultant-gulberg-lahore,blog,42,165,950,Best Tax Consultant in Gulberg Lahore,1,1,1,1,1,1,1
blogs/tax-consultant-gulberg-main-market-lahore,blog,59,188,968,Best Tax Consultant in Gulberg Main Market; Lahore — Income Tax; NTN &amp; FBR F,1,1,1,1,1,1,1
blogs/tax-consultant-gulberg-v-lahore,blog,50,164,732,Best Tax Consultant in Gulberg V 2026 - Online FBR Filing,1,1,1,1,1,1,1
blogs/tax-consultant-gulberg-vi-lahore,blog,54,191,626,Best Tax Consultant in Gulberg VI; Lahore — Income Tax; NTN &amp; FBR Filing 202,1,1,1,1,1,1,1
blogs/tax-consultant-gulgasht-multan,blog,43,165,918,Best Tax Consultant in Gulgasht Multan,1,1,1,1,1,1,1
blogs/tax-consultant-gulistan-colony-faisalabad,blog,54,149,936,Best Tax Consultant in Gulistan Colony Faisalabad,1,1,1,1,1,1,1
blogs/tax-consultant-gulistan-colony-lahore,blog,59,196,891,Best Tax Consultant in Gulistan Colony; Lahore — Income Tax; NTN &amp; FBR Filin,1,1,1,1,1,1,1
blogs/tax-consultant-gulistan-e-johar-karachi,blog,52,147,919,Best Tax Consultant in Gulistan-e-Johar Karachi,1,1,1,1,1,1,1
blogs/tax-consultant-gulistan-jauhar-karachi,blog,58,0,928,Best Tax Consultant in Gulistan-e-Jauhar; Karachi — Income Tax; NTN &amp; Compan,1,1,1,1,1,1,1
blogs/tax-consultant-gulraiz-housing-islamabad,blog,53,148,936,Best Tax Consultant in Gulraiz Housing Islamabad,1,1,1,1,1,1,1
blogs/tax-consultant-gulshan-block-1-karachi,blog,56,0,850,Best Tax Consultant in Gulshan Block 1; Karachi — Income Tax; NTN &amp; FBR Fili,1,1,1,1,1,1,1
blogs/tax-consultant-gulshan-block-13-karachi,blog,52,165,534,Best Tax Consultant in Gulshan Block 13 Karachi 2026,1,1,1,1,1,1,1
blogs/tax-consultant-gulshan-block-6-karachi,blog,51,165,526,Best Tax Consultant in Gulshan Block 6 Karachi 2026,1,1,1,1,1,1,1
blogs/tax-consultant-gulshan-block-7-karachi,blog,51,165,526,Best Tax Consultant in Gulshan Block 7 Karachi 2026,1,1,1,1,1,1,1
blogs/tax-consultant-gulshan-e-iqbal-karachi,blog,51,146,919,Best Tax Consultant in Gulshan-e-Iqbal Karachi,1,1,1,1,1,1,1
blogs/tax-consultant-gulshan-e-lahore,blog,56,197,872,Best Tax Consultant in Gulshan-e-Lahore; Lahore — Income Tax; NTN &amp; FBR Fili,1,1,1,1,1,1,1
blogs/tax-consultant-gulshan-e-maymar-karachi,blog,52,147,919,Best Tax Consultant in Gulshan-e-Maymar Karachi,1,1,1,1,1,1,1
blogs/tax-consultant-gulshan-e-ravi-lahore,blog,58,195,616,Best Tax Consultant in Gulshan-e-Ravi; Lahore — Income Tax; NTN &amp; FBR Filing,1,1,1,1,1,1,1
blogs/tax-consultant-gulshan-iqbal-karachi,blog,56,0,928,Best Tax Consultant in Gulshan-e-Iqbal; Karachi — Income Tax; NTN &amp; Company ,1,1,1,1,1,1,1
blogs/tax-consultant-gulshan-park-lahore,blog,56,181,952,Best Tax Consultant in Gulshan Park; Lahore — Income Tax; NTN &amp; FBR Filing 2,1,1,1,1,1,1,1
blogs/tax-consultant-gulshan-ravi-block-a-lahore,blog,55,0,890,Best Tax Consultant in Gulshan-e-Ravi Block A; Lahore — Income Tax; NTN &amp; FB,1,1,1,1,1,1,1
blogs/tax-consultant-gulshan-ravi-block-b-lahore,blog,55,0,890,Best Tax Consultant in Gulshan-e-Ravi Block B; Lahore — Income Tax; NTN &amp; FB,1,1,1,1,1,1,1
blogs/tax-consultant-gulshan-ravi-block-c-lahore,blog,55,0,890,Best Tax Consultant in Gulshan-e-Ravi Block C; Lahore — Income Tax; NTN &amp; FB,1,1,1,1,1,1,1
blogs/tax-consultant-gulshan-ravi-block-d-lahore,blog,55,0,890,Best Tax Consultant in Gulshan-e-Ravi Block D; Lahore — Income Tax; NTN &amp; FB,1,1,1,1,1,1,1
blogs/tax-consultant-gulshan-ravi-block-e-lahore,blog,55,191,951,Best Tax Consultant in Gulshan-e-Ravi Block E; Lahore — Income Tax; NTN &amp; FB,1,1,1,1,1,1,1
blogs/tax-consultant-gulshan-ravi-block-f-lahore,blog,55,191,951,Best Tax Consultant in Gulshan-e-Ravi Block F; Lahore — Income Tax; NTN &amp; FB,1,1,1,1,1,1,1
blogs/tax-consultant-gulshan-ravi-block-g-lahore,blog,58,0,650,Best Tax Consultant in Gulshan Ravi Block G; Lahore — Income Tax; NTN &amp; FBR ,1,1,1,1,1,1,1
blogs/tax-consultant-gulshan-ravi-block-h-lahore,blog,58,0,650,Best Tax Consultant in Gulshan Ravi Block H; Lahore — Income Tax; NTN &amp; FBR ,1,1,1,1,1,1,1
blogs/tax-consultant-gulshan-ravi-lahore-area,blog,47,142,970,Best Tax Consultant in Gulshan Ravi Lahore,1,1,1,1,1,1,1
blogs/tax-consultant-gulzar-e-quaid-rawalpindi,blog,58,0,835,Best Tax Consultant in Gulzar-e-Quaid; Rawalpindi — Income Tax; NTN &amp; FBR Fi,1,1,1,1,1,1,1
blogs/tax-consultant-gunjmandi-rawalpindi,blog,48,165,519,Best Tax Consultant in Gunjmandi Rawalpindi 2026,1,1,1,1,1,1,1
blogs/tax-consultant-gwadar,blog,54,183,822,Best Tax Consultant in Gwadar — Income Tax; NTN &amp; FBR Filing 2026,1,1,1,1,1,1,1
blogs/tax-consultant-gwadar-city,blog,54,165,917,Best Tax Consultant in Gwadar,1,1,1,1,1,1,1
blogs/tax-consultant-h-10-islamabad,blog,42,165,917,Best Tax Consultant in H-10 Islamabad,1,1,1,1,1,1,1
blogs/tax-consultant-h-11-islamabad,blog,42,165,518,Best Tax Consultant in H-11 Islamabad 2026,1,1,1,1,1,1,1
blogs/tax-consultant-h-12-islamabad,blog,58,163,589,Best Tax Consultant in H-12; Islamabad — Income Tax; NTN &amp; FBR Filing 2026,1,1,1,1,1,1,1
blogs/tax-consultant-h-13-islamabad,blog,58,163,589,Best Tax Consultant in H-13; Islamabad — Income Tax; NTN &amp; FBR Filing 2026,1,1,1,1,1,1,1
blogs/tax-consultant-h-14-islamabad,blog,58,163,589,Best Tax Consultant in H-14; Islamabad — Income Tax; NTN &amp; FBR Filing 2026,1,1,1,1,1,1,1
blogs/tax-consultant-h-15-islamabad,blog,58,163,589,Best Tax Consultant in H-15; Islamabad — Income Tax; NTN &amp; FBR Filing 2026,1,1,1,1,1,1,1
blogs/tax-consultant-h-8-islamabad,blog,41,165,917,Best Tax Consultant in H-8 Islamabad,1,1,1,1,1,1,1
blogs/tax-consultant-h-9-islamabad,blog,41,165,917,Best Tax Consultant in H-9 Islamabad,1,1,1,1,1,1,1
blogs/tax-consultant-h13-islamabad,blog,59,192,836,Best Tax Consultant in H-13; Islamabad — Income Tax; NTN &amp; FBR Filing 2026,1,1,1,1,1,1,1
blogs/tax-consultant-hafeezabad-multan,blog,45,165,519,Best Tax Consultant in Hafeezabad Multan 2026,1,1,1,1,1,1,1
blogs/tax-consultant-hafizabad,blog,58,195,915,Best Tax Consultant in Hafizabad — Income Tax; NTN &amp; Company Registration 20,1,1,1,1,1,1,1
blogs/tax-consultant-hafizabad-city,blog,57,165,917,Best Tax Consultant in Hafizabad,1,1,1,1,1,1,1
blogs/tax-consultant-hafizabad-city-centre,blog,49,165,526,Best Tax Consultant in City Centre Hafizabad 2026,1,1,1,1,1,1,1
blogs/tax-consultant-hala,blog,45,160,701,Best Tax Consultant in Hala 2026 - Online FBR Filing,1,1,1,1,1,1,1
blogs/tax-consultant-hali-road-hyderabad,blog,47,165,530,Best Tax Consultant in Hali Road Hyderabad 2026,1,1,1,1,1,1,1
blogs/tax-consultant-hall-road-lahore,blog,53,190,891,Best Tax Consultant in Hall Road; Lahore — Income Tax; NTN &amp; FBR Filing 2026,1,1,1,1,1,1,1
blogs/tax-consultant-hangu,blog,59,182,823,Best Tax Consultant in Hangu — Income Tax; NTN &amp; FBR Filing 2026,1,1,1,1,1,1,1
blogs/tax-consultant-hangu-city,blog,53,165,917,Best Tax Consultant in Hangu,1,1,1,1,1,1,1
blogs/tax-consultant-hanjarwal-lahore,blog,53,190,873,Best Tax Consultant in Hanjarwal; Lahore — Income Tax; NTN &amp; FBR Filing 2026,1,1,1,1,1,1,1
blogs/tax-consultant-harbanspura-lahore,blog,46,141,951,Best Tax Consultant in Harbanspura Lahore,1,1,1,1,1,1,1
blogs/tax-consultant-harbanspura-road-lahore,blog,56,197,632,Best Tax Consultant in Harbanspura Road; Lahore — Income Tax; NTN &amp; FBR Fili,1,1,1,1,1,1,1
blogs/tax-consultant-haripur,blog,55,184,822,Best Tax Consultant in Haripur — Income Tax; NTN &amp; FBR Filing 2026,1,1,1,1,1,1,1
blogs/tax-consultant-haripur-city,blog,55,165,917,Best Tax Consultant in Haripur,1,1,1,1,1,1,1
blogs/tax-consultant-harnai,blog,47,166,701,Best Tax Consultant in Harnai 2026 - Online FBR Filing,1,1,1,1,1,1,1
blogs/tax-consultant-haroonabad,blog,51,171,701,Best Tax Consultant in Haroonabad 2026 - Online FBR Filing,1,1,1,1,1,1,1
blogs/tax-consultant-hattian-bala,blog,53,164,716,Best Tax Consultant in Hattian Bala 2026 - Online FBR Filing,1,1,1,1,1,1,1
blogs/tax-consultant-haveli-lakha,blog,53,166,716,Best Tax Consultant in Haveli Lakha 2026 - Online FBR Filing,1,1,1,1,1,1,1
blogs/tax-consultant-havelian,blog,56,185,822,Best Tax Consultant in Havelian — Income Tax; NTN &amp; FBR Filing 2026,1,1,1,1,1,1,1
blogs/tax-consultant-hawkes-bay-karachi,blog,46,165,530,Best Tax Consultant in Hawkes Bay Karachi 2026,1,1,1,1,1,1,1
blogs/tax-consultant-hayatabad-peshawar,blog,46,141,918,Best Tax Consultant in Hayatabad Peshawar,1,1,1,1,1,1,1
blogs/tax-consultant-hazro,blog,46,160,701,Best Tax Consultant in Hazro 2026 - Online FBR Filing,1,1,1,1,1,1,1
blogs/tax-consultant-hirabad-hyderabad,blog,45,140,918,Best Tax Consultant in Hirabad Hyderabad,1,1,1,1,1,1,1
blogs/tax-consultant-houston-pakistanis,blog,54,165,978,Best Tax Consultant for Pakistanis in Houston,1,1,1,1,1,1,1
blogs/tax-consultant-hub,blog,57,180,823,Best Tax Consultant in Hub — Income Tax; NTN &amp; FBR Filing 2026,1,1,1,1,1,1,1
blogs/tax-consultant-hub-city,blog,51,165,917,Best Tax Consultant in Hub,1,1,1,1,1,1,1
blogs/tax-consultant-humak-islamabad,blog,59,164,590,Best Tax Consultant in Humak; Islamabad — Income Tax; NTN &amp; FBR Filing 2026,1,1,1,1,1,1,1
blogs/tax-consultant-hunza,blog,59,182,823,Best Tax Consultant in Hunza — Income Tax; NTN &amp; FBR Filing 2026,1,1,1,1,1,1,1
blogs/tax-consultant-hunza-city,blog,53,165,917,Best Tax Consultant in Hunza,1,1,1,1,1,1,1
blogs/tax-consultant-hussain-agahi-multan,blog,48,165,530,Best Tax Consultant in Hussain Agahi Multan 2026,1,1,1,1,1,1,1
blogs/tax-consultant-hussainabad-hyd-hyderabad,blog,49,165,520,Best Tax Consultant in Hussainabad Hyderabad 2026,1,1,1,1,1,1,1
blogs/tax-consultant-hyderabad,blog,55,172,714,Best Tax Consultant in Hyderabad 2026 &mdash; Sindh Tax,1,1,1,1,1,1,1
blogs/tax-consultant-hyderabad-latifabad,blog,59,165,517,Best Tax Consultant in Latifabad Hyderabad 2026,1,1,1,1,1,1,1
blogs/tax-consultant-hyderabad-qasimabad,blog,59,165,517,Best Tax Consultant in Qasimabad Hyderabad 2026,1,1,1,1,1,1,1
blogs/tax-consultant-hyderi-karachi,blog,47,162,702,Best Tax Consultant in Hyderi 2026 - Online FBR Filing,1,1,1,1,1,1,1
blogs/tax-consultant-i-10-islamabad,blog,42,165,917,Best Tax Consultant in I-10 Islamabad,1,1,1,1,1,1,1
blogs/tax-consultant-i-11-islamabad,blog,42,165,518,Best Tax Consultant in I-11 Islamabad 2026,1,1,1,1,1,1,1
blogs/tax-consultant-i-12-islamabad,blog,42,165,518,Best Tax Consultant in I-12 Islamabad 2026,1,1,1,1,1,1,1
blogs/tax-consultant-i-13-islamabad,blog,58,163,589,Best Tax Consultant in I-13; Islamabad — Income Tax; NTN &amp; FBR Filing 2026,1,1,1,1,1,1,1
blogs/tax-consultant-i-14-islamabad,blog,42,165,518,Best Tax Consultant in I-14 Islamabad 2026,1,1,1,1,1,1,1
blogs/tax-consultant-i-15-islamabad,blog,42,165,518,Best Tax Consultant in I-15 Islamabad 2026,1,1,1,1,1,1,1
blogs/tax-consultant-i-16-islamabad,blog,42,165,518,Best Tax Consultant in I-16 Islamabad 2026,1,1,1,1,1,1,1
blogs/tax-consultant-i-8-islamabad,blog,41,165,917,Best Tax Consultant in I-8 Islamabad,1,1,1,1,1,1,1
blogs/tax-consultant-i-9-islamabad,blog,41,165,917,Best Tax Consultant in I-9 Islamabad,1,1,1,1,1,1,1
blogs/tax-consultant-i10-islamabad,blog,59,192,836,Best Tax Consultant in I-10; Islamabad — Income Tax; NTN &amp; FBR Filing 2026,1,1,1,1,1,1,1
blogs/tax-consultant-i14-islamabad,blog,59,192,836,Best Tax Consultant in I-14; Islamabad — Income Tax; NTN &amp; FBR Filing 2026,1,1,1,1,1,1,1
blogs/tax-consultant-i8-islamabad,blog,58,200,928,Best Tax Consultant in I-8; Islamabad — Income Tax; NTN &amp; Company Registrati,1,1,1,1,1,1,1
blogs/tax-consultant-ibrahim-hyderi-karachi,blog,55,170,717,Best Tax Consultant in Ibrahim Hyderi 2026 - Online FBR Filing,1,1,1,1,1,1,1
blogs/tax-consultant-ichhra-lahore,blog,58,200,962,Best Tax Consultant in Ichhra; Lahore — Income Tax; NTN &amp; Company Registrati,1,1,1,1,1,1,1
blogs/tax-consultant-ichra-lahore,blog,60,164,953,Best Tax Consultant in Ichra Lahore,1,1,1,1,1,1,1
blogs/tax-consultant-importers-pakistan-2026,blog,57,146,517,Tax Consultant for Importers in Pakistan 2026 - WHT and Customs Guide,1,1,1,1,1,1,1
blogs/tax-consultant-industrial-estate-faisalabad,blog,56,165,530,Best Tax Consultant in Industrial Estate Faisalabad 2026,1,1,1,1,1,1,1
blogs/tax-consultant-iqbal-avenue-lahore,blog,56,181,952,Best Tax Consultant in Iqbal Avenue; Lahore — Income Tax; NTN &amp; FBR Filing 2,1,1,1,1,1,1,1
blogs/tax-consultant-iqbal-park-lahore,blog,54,191,891,Best Tax Consultant in Iqbal Park; Lahore — Income Tax; NTN &amp; FBR Filing 202,1,1,1,1,1,1,1
blogs/tax-consultant-iqbal-town-block-a-lahore,blog,58,199,910,Best Tax Consultant in Iqbal Town Block A; Lahore — Income Tax; NTN &amp; FBR Fi,1,1,1,1,1,1,1
blogs/tax-consultant-iqbal-town-block-b-lahore,blog,58,199,910,Best Tax Consultant in Iqbal Town Block B; Lahore — Income Tax; NTN &amp; FBR Fi,1,1,1,1,1,1,1
blogs/tax-consultant-iqbal-town-block-c-lahore,blog,58,199,910,Best Tax Consultant in Iqbal Town Block C; Lahore — Income Tax; NTN &amp; FBR Fi,1,1,1,1,1,1,1
blogs/tax-consultant-iqbal-town-block-j-lahore,blog,58,199,910,Best Tax Consultant in Iqbal Town Block J; Lahore — Income Tax; NTN &amp; FBR Fi,1,1,1,1,1,1,1
blogs/tax-consultant-iqbal-town-lahore,blog,54,0,979,Best Tax Consultant in Iqbal Town; Lahore — Income Tax; NTN &amp; Company Regist,1,1,1,1,1,1,1
blogs/tax-consultant-iqbal-town-sialkot,blog,46,165,530,Best Tax Consultant in Iqbal Town Sialkot 2026,1,1,1,1,1,1,1
blogs/tax-consultant-isa-khel,blog,56,185,843,Best Tax Consultant in Isa Khel — Income Tax; NTN &amp; FBR Filing 2026,1,1,1,1,1,1,1
blogs/tax-consultant-islamabad,blog,57,167,774,Best Tax Consultant in Islamabad 2026,1,1,1,1,1,1,1
blogs/tax-consultant-islamia-park-lahore,blog,56,181,952,Best Tax Consultant in Islamia Park; Lahore — Income Tax; NTN &amp; FBR Filing 2,1,1,1,1,1,1,1
blogs/tax-consultant-islampura-lahore,blog,53,178,932,Best Tax Consultant in Islampura; Lahore — Income Tax; NTN &amp; FBR Filing 2026,1,1,1,1,1,1,1
blogs/tax-consultant-jacobabad,blog,57,186,822,Best Tax Consultant in Jacobabad — Income Tax; NTN &amp; FBR Filing 2026,1,1,1,1,1,1,1
blogs/tax-consultant-jacobabad-city,blog,57,165,917,Best Tax Consultant in Jacobabad,1,1,1,1,1,1,1
blogs/tax-consultant-jaffarabad-balochistan,blog,51,170,702,Best Tax Consultant in Jaffarabad 2026 - Online FBR Filing,1,1,1,1,1,1,1
blogs/tax-consultant-jail-road-lahore,blog,53,178,952,Best Tax Consultant in Jail Road; Lahore — Income Tax; NTN &amp; FBR Filing 2026,1,1,1,1,1,1,1
blogs/tax-consultant-jalalpur-pirwala,blog,57,171,716,Best Tax Consultant in Jalalpur Pirwala 2026 - Online FBR Filing,1,1,1,1,1,1,1
blogs/tax-consultant-jamrud-road-peshawar,blog,48,165,530,Best Tax Consultant in Jamrud Road Peshawar 2026,1,1,1,1,1,1,1
blogs/tax-consultant-jamshoro,blog,49,162,701,Best Tax Consultant in Jamshoro 2026 - Online FBR Filing,1,1,1,1,1,1,1
blogs/tax-consultant-jaranwala,blog,50,168,701,Best Tax Consultant in Jaranwala 2026 - Online FBR Filing,1,1,1,1,1,1,1
blogs/tax-consultant-jasmine-block-bahria-lahore,blog,58,0,926,Best Tax Consultant in Jasmine Block Bahria Town; Lahore — Income Tax; NTN &amp;,1,1,1,1,1,1,1
blogs/tax-consultant-jasmine-garden-lahore,blog,58,195,633,Best Tax Consultant in Jasmine Garden; Lahore — Income Tax; NTN &amp; FBR Filing,1,1,1,1,1,1,1
blogs/tax-consultant-jhang,blog,54,191,915,Best Tax Consultant in Jhang — Income Tax; NTN &amp; Company Registration 2026,1,1,1,1,1,1,1
blogs/tax-consultant-jhang-city,blog,53,165,917,Best Tax Consultant in Jhang,1,1,1,1,1,1,1
blogs/tax-consultant-jhang-city-centre,blog,45,165,614,Best Tax Consultant in City Centre Jhang 2026,1,1,1,1,1,1,1
blogs/tax-consultant-jhelum,blog,55,192,915,Best Tax Consultant in Jhelum — Income Tax; NTN &amp; Company Registration 2026,1,1,1,1,1,1,1
blogs/tax-consultant-jhelum-city,blog,54,165,917,Best Tax Consultant in Jhelum,1,1,1,1,1,1,1
blogs/tax-consultant-jhelum-city-centre,blog,46,165,526,Best Tax Consultant in City Centre Jhelum 2026,1,1,1,1,1,1,1
blogs/tax-consultant-jinnah-colony-faisalabad,blog,57,0,850,Best Tax Consultant in Jinnah Colony; Faisalabad — Income Tax; NTN &amp; FBR Fil,1,1,1,1,1,1,1
blogs/tax-consultant-jinnah-colony-gujranwala,blog,52,165,530,Best Tax Consultant in Jinnah Colony Gujranwala 2026,1,1,1,1,1,1,1
blogs/tax-consultant-jinnah-super-islamabad,blog,55,178,608,Best Tax Consultant in Jinnah Super Market; Islamabad — Income Tax; NTN &amp; FB,1,1,1,1,1,1,1
blogs/tax-consultant-jinnah-town-quetta,blog,46,141,936,Best Tax Consultant in Jinnah Town Quetta,1,1,1,1,1,1,1
blogs/tax-consultant-johar-mor-karachi,blog,45,140,936,Best Tax Consultant in Johar Mor Karachi,1,1,1,1,1,1,1
blogs/tax-consultant-johar-town-block-a-lahore,blog,58,187,975,Best Tax Consultant in Johar Town Block A; Lahore — Income Tax; NTN &amp; FBR Fi,1,1,1,1,1,1,1
blogs/tax-consultant-johar-town-block-b-lahore,blog,58,187,975,Best Tax Consultant in Johar Town Block B; Lahore — Income Tax; NTN &amp; FBR Fi,1,1,1,1,1,1,1
blogs/tax-consultant-johar-town-block-c-lahore,blog,58,187,975,Best Tax Consultant in Johar Town Block C; Lahore — Income Tax; NTN &amp; FBR Fi,1,1,1,1,1,1,1
blogs/tax-consultant-johar-town-block-d-lahore,blog,58,187,975,Best Tax Consultant in Johar Town Block D; Lahore — Income Tax; NTN &amp; FBR Fi,1,1,1,1,1,1,1
blogs/tax-consultant-johar-town-block-e1-lahore,blog,59,200,924,Best Tax Consultant in Johar Town Block E1; Lahore — Income Tax; NTN &amp; FBR F,1,1,1,1,1,1,1
blogs/tax-consultant-johar-town-block-e2-lahore,blog,59,200,924,Best Tax Consultant in Johar Town Block E2; Lahore — Income Tax; NTN &amp; FBR F,1,1,1,1,1,1,1
blogs/tax-consultant-johar-town-block-g-lahore,blog,58,187,975,Best Tax Consultant in Johar Town Block G; Lahore — Income Tax; NTN &amp; FBR Fi,1,1,1,1,1,1,1
blogs/tax-consultant-johar-town-block-k-lahore,blog,58,187,975,Best Tax Consultant in Johar Town Block K; Lahore — Income Tax; NTN &amp; FBR Fi,1,1,1,1,1,1,1
blogs/tax-consultant-johar-town-block-l-lahore,blog,58,187,975,Best Tax Consultant in Johar Town Block L; Lahore — Income Tax; NTN &amp; FBR Fi,1,1,1,1,1,1,1
blogs/tax-consultant-johar-town-f-block-lahore,blog,58,199,650,Best Tax Consultant in Johar Town F-Block; Lahore — Income Tax; NTN &amp; FBR Fi,1,1,1,1,1,1,1
blogs/tax-consultant-johar-town-h1-lahore,blog,57,194,907,Best Tax Consultant in Johar Town H1; Lahore — Income Tax; NTN &amp; FBR Filing ,1,1,1,1,1,1,1
blogs/tax-consultant-johar-town-h2-lahore,blog,57,194,907,Best Tax Consultant in Johar Town H2; Lahore — Income Tax; NTN &amp; FBR Filing ,1,1,1,1,1,1,1
blogs/tax-consultant-johar-town-h3-lahore,blog,44,165,563,Best Tax Consultant in H-3 Block Lahore 2026,1,1,1,1,1,1,1
blogs/tax-consultant-johar-town-h4-lahore,blog,57,182,967,Best Tax Consultant in Johar Town H4; Lahore — Income Tax; NTN &amp; FBR Filing ,1,1,1,1,1,1,1
blogs/tax-consultant-johar-town-j1-lahore,blog,57,194,907,Best Tax Consultant in Johar Town J1; Lahore — Income Tax; NTN &amp; FBR Filing ,1,1,1,1,1,1,1
blogs/tax-consultant-johar-town-j2-lahore,blog,44,165,563,Best Tax Consultant in J-2 Block Lahore 2026,1,1,1,1,1,1,1
blogs/tax-consultant-johar-town-j3-lahore,blog,44,165,563,Best Tax Consultant in J-3 Block Lahore 2026,1,1,1,1,1,1,1
blogs/tax-consultant-johar-town-j4-lahore,blog,57,194,907,Best Tax Consultant in Johar Town J4; Lahore — Income Tax; NTN &amp; FBR Filing ,1,1,1,1,1,1,1
blogs/tax-consultant-johar-town-j5-lahore,blog,57,182,967,Best Tax Consultant in Johar Town J5; Lahore — Income Tax; NTN &amp; FBR Filing ,1,1,1,1,1,1,1
blogs/tax-consultant-johar-town-lahore-area,blog,57,140,972,Best Tax Consultant in Johar Town Lahore,1,1,1,1,1,1,1
blogs/tax-consultant-johar-town-p-block-lahore,blog,58,199,650,Best Tax Consultant in Johar Town P-Block; Lahore — Income Tax; NTN &amp; FBR Fi,1,1,1,1,1,1,1
blogs/tax-consultant-johar-town-phase-1-lahore,blog,58,0,903,Best Tax Consultant in Johar Town Phase 1; Lahore — Income Tax; NTN &amp; FBR Fi,1,1,1,1,1,1,1
blogs/tax-consultant-johar-town-phase-2-lahore,blog,58,0,903,Best Tax Consultant in Johar Town Phase 2; Lahore — Income Tax; NTN &amp; FBR Fi,1,1,1,1,1,1,1
blogs/tax-consultant-johar-town-phase-3-lahore,blog,58,199,912,Best Tax Consultant in Johar Town Phase 3; Lahore — Income Tax; NTN &amp; FBR Fi,1,1,1,1,1,1,1
blogs/tax-consultant-johar-town-q-block-lahore,blog,58,199,650,Best Tax Consultant in Johar Town Q-Block; Lahore — Income Tax; NTN &amp; FBR Fi,1,1,1,1,1,1,1
blogs/tax-consultant-joharabad,blog,57,186,822,Best Tax Consultant in Joharabad — Income Tax; NTN &amp; FBR Filing 2026,1,1,1,1,1,1,1
blogs/tax-consultant-jubilee-town-lahore,blog,56,181,952,Best Tax Consultant in Jubilee Town; Lahore — Income Tax; NTN &amp; FBR Filing 2,1,1,1,1,1,1,1
blogs/tax-consultant-kabirwala,blog,50,166,701,Best Tax Consultant in Kabirwala 2026 - Online FBR Filing,1,1,1,1,1,1,1
blogs/tax-consultant-kahna-lahore,blog,57,190,869,Best Tax Consultant in Kahna; Lahore — Income Tax; NTN &amp; FBR Filing 2026,1,1,1,1,1,1,1
blogs/tax-consultant-kahuta-rawalpindi,blog,47,165,702,Best Tax Consultant in Kahuta 2026 - Online FBR Filing,1,1,1,1,1,1,1
blogs/tax-consultant-kala-shah-kaku,blog,55,174,731,Best Tax Consultant in Kala Shah Kaku 2026 - Online FBR Filing,1,1,1,1,1,1,1
blogs/tax-consultant-kala-shah-kaku-lahore,blog,58,195,909,Best Tax Consultant in Kala Shah Kaku; Lahore — Income Tax; NTN &amp; FBR Filing,1,1,1,1,1,1,1
blogs/tax-consultant-kalat,blog,46,165,701,Best Tax Consultant in Kalat 2026 - Online FBR Filing,1,1,1,1,1,1,1
blogs/tax-consultant-kallar-syedan-rawalpindi,blog,52,165,530,Best Tax Consultant in Kallar Syedan Rawalpindi 2026,1,1,1,1,1,1,1
blogs/tax-consultant-kalur-kot,blog,57,186,843,Best Tax Consultant in Kalur Kot — Income Tax; NTN &amp; FBR Filing 2026,1,1,1,1,1,1,1
blogs/tax-consultant-kamahan-lahore,blog,59,188,874,Best Tax Consultant in Kamahan; Lahore — Income Tax; NTN &amp; FBR Filing 2026,1,1,1,1,1,1,1
blogs/tax-consultant-kamahan-road-lahore,blog,56,193,633,Best Tax Consultant in Kamahan Road; Lahore — Income Tax; NTN &amp; FBR Filing 2,1,1,1,1,1,1,1
blogs/tax-consultant-kamalia,blog,48,170,705,Best Tax Consultant in Kamalia 2026 - Online FBR Filing,1,1,1,1,1,1,1
blogs/tax-consultant-kamalia-city,blog,50,165,622,Best Tax Consultant in Kamalia Toba Tek Singh 2026,1,1,1,1,1,1,1
blogs/tax-consultant-kamoke,blog,47,165,701,Best Tax Consultant in Kamoke 2026 - Online FBR Filing,1,1,1,1,1,1,1
blogs/tax-consultant-kamoke-road-gwl-gujranwala,blog,50,165,531,Best Tax Consultant in Kamoke Road Gujranwala 2026,1,1,1,1,1,1,1
blogs/tax-consultant-kamonke,blog,55,184,822,Best Tax Consultant in Kamonke — Income Tax; NTN &amp; FBR Filing 2026,1,1,1,1,1,1,1
blogs/tax-consultant-kandhkot,blog,49,165,701,Best Tax Consultant in Kandhkot 2026 - Online FBR Filing,1,1,1,1,1,1,1
blogs/tax-consultant-karachi,blog,55,156,689,Best Tax Consultant in Karachi 2026,1,1,1,1,1,1,1
blogs/tax-consultant-karak,blog,59,182,823,Best Tax Consultant in Karak — Income Tax; NTN &amp; FBR Filing 2026,1,1,1,1,1,1,1
blogs/tax-consultant-karak-city,blog,53,165,917,Best Tax Consultant in Karak,1,1,1,1,1,1,1
blogs/tax-consultant-karim-block-lahore,blog,55,196,884,Best Tax Consultant in Karim Block; Lahore — Income Tax; NTN &amp; FBR Filing 20,1,1,1,1,1,1,1
blogs/tax-consultant-kashmiri-gate-lahore,blog,57,182,952,Best Tax Consultant in Kashmiri Gate; Lahore — Income Tax; NTN &amp; FBR Filing ,1,1,1,1,1,1,1
blogs/tax-consultant-kashmor,blog,55,184,822,Best Tax Consultant in Kashmor — Income Tax; NTN &amp; FBR Filing 2026,1,1,1,1,1,1,1
blogs/tax-consultant-kashmore,blog,49,162,701,Best Tax Consultant in Kashmore 2026 - Online FBR Filing,1,1,1,1,1,1,1
blogs/tax-consultant-kasur,blog,54,191,915,Best Tax Consultant in Kasur — Income Tax; NTN &amp; Company Registration 2026,1,1,1,1,1,1,1
blogs/tax-consultant-kasur-city,blog,53,165,917,Best Tax Consultant in Kasur,1,1,1,1,1,1,1
blogs/tax-consultant-kasur-city-centre,blog,45,165,526,Best Tax Consultant in City Centre Kasur 2026,1,1,1,1,1,1,1
blogs/tax-consultant-katchery-road-faisalabad,blog,52,165,530,Best Tax Consultant in Katchery Road Faisalabad 2026,1,1,1,1,1,1,1
blogs/tax-consultant-keamari-karachi,blog,52,193,835,Best Tax Consultant in Keamari; Karachi — Income Tax; NTN &amp; FBR Filing 2026,1,1,1,1,1,1,1
blogs/tax-consultant-kemari-karachi,blog,42,165,918,Best Tax Consultant in Kemari Karachi,1,1,1,1,1,1,1
blogs/tax-consultant-khairpur,blog,56,185,822,Best Tax Consultant in Khairpur — Income Tax; NTN &amp; FBR Filing 2026,1,1,1,1,1,1,1
blogs/tax-consultant-khairpur-city,blog,56,165,917,Best Tax Consultant in Khairpur,1,1,1,1,1,1,1
blogs/tax-consultant-khanewal,blog,57,194,915,Best Tax Consultant in Khanewal — Income Tax; NTN &amp; Company Registration 202,1,1,1,1,1,1,1
blogs/tax-consultant-khanewal-city,blog,56,165,917,Best Tax Consultant in Khanewal,1,1,1,1,1,1,1
blogs/tax-consultant-khanewal-road-multan,blog,54,168,717,Best Tax Consultant in Khanewal Road 2026 - Online FBR Filing,1,1,1,1,1,1,1
blogs/tax-consultant-khanpur,blog,55,184,822,Best Tax Consultant in Khanpur — Income Tax; NTN &amp; FBR Filing 2026,1,1,1,1,1,1,1
blogs/tax-consultant-khanpur-ryk,blog,48,170,706,Best Tax Consultant in Khanpur 2026 - Online FBR Filing,1,1,1,1,1,1,1
blogs/tax-consultant-kharadar-karachi,blog,49,164,702,Best Tax Consultant in Kharadar 2026 - Online FBR Filing,1,1,1,1,1,1,1
blogs/tax-consultant-kharan-city,blog,54,165,917,Best Tax Consultant in Kharan,1,1,1,1,1,1,1
blogs/tax-consultant-kharian,blog,48,162,701,Best Tax Consultant in Kharian 2026 - Online FBR Filing,1,1,1,1,1,1,1
blogs/tax-consultant-khayaban-e-amin-lahore,blog,59,196,874,Best Tax Consultant in Khayaban-e-Amin; Lahore — Income Tax; NTN &amp; FBR Filin,1,1,1,1,1,1,1
blogs/tax-consultant-khayaban-e-iqbal-islamabad,blog,54,165,520,Best Tax Consultant in Khayaban-e-Iqbal Islamabad 2026,1,1,1,1,1,1,1
blogs/tax-consultant-khayaban-e-jinnah-lahore,blog,55,191,950,Best Tax Consultant in Khayaban-e-Jinnah Road; Lahore — Income Tax; NTN &amp; FB,1,1,1,1,1,1,1
blogs/tax-consultant-khayaban-e-mujahid-lahore,blog,58,199,615,Best Tax Consultant in Khayaban-e-Mujahid; Lahore — Income Tax; NTN &amp; FBR Fi,1,1,1,1,1,1,1
blogs/tax-consultant-khayaban-e-rahat-lahore,blog,56,197,615,Best Tax Consultant in Khayaban-e-Rahat; Lahore — Income Tax; NTN &amp; FBR Fili,1,1,1,1,1,1,1
blogs/tax-consultant-khayaban-e-sir-syed-lahore,blog,59,188,952,Best Tax Consultant in Khayaban-e-Sir Syed; Lahore — Income Tax; NTN &amp; FBR F,1,1,1,1,1,1,1
blogs/tax-consultant-khiali-gujranwala,blog,45,165,519,Best Tax Consultant in Khiali Gujranwala 2026,1,1,1,1,1,1,1
blogs/tax-consultant-khushab,blog,55,184,822,Best Tax Consultant in Khushab — Income Tax; NTN &amp; FBR Filing 2026,1,1,1,1,1,1,1
blogs/tax-consultant-khushab-city,blog,55,165,917,Best Tax Consultant in Khushab,1,1,1,1,1,1,1
blogs/tax-consultant-khuzdar,blog,55,184,822,Best Tax Consultant in Khuzdar — Income Tax; NTN &amp; FBR Filing 2026,1,1,1,1,1,1,1
blogs/tax-consultant-khuzdar-city,blog,55,165,917,Best Tax Consultant in Khuzdar,1,1,1,1,1,1,1
blogs/tax-consultant-kirani-road-quetta,blog,46,165,530,Best Tax Consultant in Kirani Road Quetta 2026,1,1,1,1,1,1,1
blogs/tax-consultant-kohat,blog,54,191,915,Best Tax Consultant in Kohat — Income Tax; NTN &amp; Company Registration 2026,1,1,1,1,1,1,1
blogs/tax-consultant-kohat-city,blog,53,165,917,Best Tax Consultant in Kohat,1,1,1,1,1,1,1
blogs/tax-consultant-kohat-road-psh-peshawar,blog,47,165,531,Best Tax Consultant in Kohat Road Peshawar 2026,1,1,1,1,1,1,1
blogs/tax-consultant-kohat-road-rwp-rawalpindi,blog,49,165,531,Best Tax Consultant in Kohat Road Rawalpindi 2026,1,1,1,1,1,1,1
blogs/tax-consultant-kohinoor-city-faisalabad,blog,57,0,850,Best Tax Consultant in Kohinoor City; Faisalabad — Income Tax; NTN &amp; FBR Fil,1,1,1,1,1,1,1
blogs/tax-consultant-kohsar-market-islamabad,blog,56,172,604,Best Tax Consultant in Kohsar Market; Islamabad — Income Tax; NTN &amp; FBR Fili,1,1,1,1,1,1,1
blogs/tax-consultant-koral-town-islamabad,blog,48,143,936,Best Tax Consultant in Koral Town Islamabad,1,1,1,1,1,1,1
blogs/tax-consultant-korangi-industrial-karachi,blog,59,179,730,Best Tax Consultant in Korangi Industrial Area 2026 - Online FBR Filing,1,1,1,1,1,1,1
blogs/tax-consultant-korangi-karachi,blog,43,165,918,Best Tax Consultant in Korangi Karachi,1,1,1,1,1,1,1
blogs/tax-consultant-korangi-township-karachi,blog,52,165,530,Best Tax Consultant in Korangi Township Karachi 2026,1,1,1,1,1,1,1
blogs/tax-consultant-kot-abdul-malik-lahore,blog,59,196,909,Best Tax Consultant in Kot Abdul Malik; Lahore — Income Tax; NTN &amp; FBR Filin,1,1,1,1,1,1,1
blogs/tax-consultant-kot-addu,blog,49,165,619,Best Tax Consultant in Kot Addu Muzaffargarh 2026,1,1,1,1,1,1,1
blogs/tax-consultant-kot-khawaja-lahore,blog,57,198,649,Best Tax Consultant in Kot Khawaja Saeed; Lahore — Income Tax; NTN &amp; FBR Fil,1,1,1,1,1,1,1
blogs/tax-consultant-kot-khawaja-saeed-lahore,blog,57,198,908,Best Tax Consultant in Kot Khawaja Saeed; Lahore — Income Tax; NTN &amp; FBR Fil,1,1,1,1,1,1,1
blogs/tax-consultant-kot-lakhpat-industrial-lahore,blog,53,0,923,Best Tax Consultant in Kot Lakhpat Industrial Area; Lahore — Income Tax; NTN &am,1,1,1,1,1,1,1
blogs/tax-consultant-kot-lakhpat-lahore,blog,46,141,969,Best Tax Consultant in Kot Lakhpat Lahore,1,1,1,1,1,1,1
blogs/tax-consultant-kot-momin,blog,57,186,843,Best Tax Consultant in Kot Momin — Income Tax; NTN &amp; FBR Filing 2026,1,1,1,1,1,1,1
blogs/tax-consultant-kot-radha-kishan,blog,52,193,862,Best Tax Consultant in Kot Radha Kishan — Income Tax; NTN &amp; FBR Filing 2026,1,1,1,1,1,1,1
blogs/tax-consultant-kotli,blog,59,182,823,Best Tax Consultant in Kotli — Income Tax; NTN &amp; FBR Filing 2026,1,1,1,1,1,1,1
blogs/tax-consultant-kotli-city,blog,53,165,917,Best Tax Consultant in Kotli,1,1,1,1,1,1,1
blogs/tax-consultant-kotri,blog,46,162,701,Best Tax Consultant in Kotri 2026 - Online FBR Filing,1,1,1,1,1,1,1
blogs/tax-consultant-krishan-nagar-lahore,blog,48,143,969,Best Tax Consultant in Krishan Nagar Lahore,1,1,1,1,1,1,1
blogs/tax-consultant-kuchlak-road-quetta,blog,47,165,530,Best Tax Consultant in Kuchlak Road Quetta 2026,1,1,1,1,1,1,1
blogs/tax-consultant-kunjah,blog,54,183,822,Best Tax Consultant in Kunjah — Income Tax; NTN &amp; FBR Filing 2026,1,1,1,1,1,1,1
blogs/tax-consultant-lahore,blog,54,158,1217,Best Tax Consultant in Lahore 2026FBR + PRA Experts &mdash; NTN; Income Tax; Com,1,1,1,1,1,1,1
blogs/tax-consultant-lahore-smart-city,blog,57,186,970,Best Tax Consultant in Lahore Smart City; Lahore — Income Tax; NTN &amp; FBR Fil,1,1,1,1,1,1,1
blogs/tax-consultant-lahori-gate-lahore,blog,55,192,891,Best Tax Consultant in Lahori Gate; Lahore — Income Tax; NTN &amp; FBR Filing 20,1,1,1,1,1,1,1
blogs/tax-consultant-lake-city-lahore,blog,53,190,891,Best Tax Consultant in Lake City; Lahore — Income Tax; NTN &amp; FBR Filing 2026,1,1,1,1,1,1,1
blogs/tax-consultant-lakki-marwat,blog,56,189,842,Best Tax Consultant in Lakki Marwat — Income Tax; NTN &amp; FBR Filing 2026,1,1,1,1,1,1,1
blogs/tax-consultant-lakki-marwat-city,blog,60,164,941,Best Tax Consultant in Lakki Marwat,1,1,1,1,1,1,1
blogs/tax-consultant-lakshmi-chowk-lahore,blog,57,198,884,Best Tax Consultant in Lakshmi Chowk; Lahore — Income Tax; NTN &amp; FBR Filing ,1,1,1,1,1,1,1
blogs/tax-consultant-lalamusa,blog,49,163,701,Best Tax Consultant in Lalamusa 2026 - Online FBR Filing,1,1,1,1,1,1,1
blogs/tax-consultant-landhi-industrial-karachi,blog,58,153,953,Best Tax Consultant in Landhi Industrial Area Karachi,1,1,1,1,1,1,1
blogs/tax-consultant-landhi-karachi,blog,42,165,918,Best Tax Consultant in Landhi Karachi,1,1,1,1,1,1,1
blogs/tax-consultant-larkana,blog,56,193,915,Best Tax Consultant in Larkana — Income Tax; NTN &amp; Company Registration 2026,1,1,1,1,1,1,1
blogs/tax-consultant-larkana-city,blog,47,142,935,Best Tax Consultant in City Centre Larkana,1,1,1,1,1,1,1
blogs/tax-consultant-lasbela,blog,48,167,701,Best Tax Consultant in Lasbela 2026 - Online FBR Filing,1,1,1,1,1,1,1
blogs/tax-consultant-latifabad-hyderabad,blog,47,142,918,Best Tax Consultant in Latifabad Hyderabad,1,1,1,1,1,1,1
blogs/tax-consultant-lawrence-road-lahore,blog,57,182,952,Best Tax Consultant in Lawrence Road; Lahore — Income Tax; NTN &amp; FBR Filing ,1,1,1,1,1,1,1
blogs/tax-consultant-lawyers-pakistan,blog,43,180,765,Tax Consultant for Lawyers in Pakistan 2026,1,1,1,1,1,1,1
blogs/tax-consultant-layyah,blog,55,192,915,Best Tax Consultant in Layyah — Income Tax; NTN &amp; Company Registration 2026,1,1,1,1,1,1,1
blogs/tax-consultant-layyah-city,blog,54,165,917,Best Tax Consultant in Layyah,1,1,1,1,1,1,1
blogs/tax-consultant-layyah-city-centre,blog,46,165,614,Best Tax Consultant in City Centre Layyah 2026,1,1,1,1,1,1,1
blogs/tax-consultant-lda-avenue-1-lahore,blog,56,193,633,Best Tax Consultant in LDA Avenue 1; Lahore — Income Tax; NTN &amp; FBR Filing 2,1,1,1,1,1,1,1
blogs/tax-consultant-lda-avenue-2-lahore,blog,56,193,633,Best Tax Consultant in LDA Avenue 2; Lahore — Income Tax; NTN &amp; FBR Filing 2,1,1,1,1,1,1,1
blogs/tax-consultant-lda-avenue-lahore,blog,45,165,563,Best Tax Consultant in LDA Avenue Lahore 2026,1,1,1,1,1,1,1
blogs/tax-consultant-leeds-pakistanis,blog,51,164,972,Best Tax Consultant for Pakistanis in Leeds,1,1,1,1,1,1,1
blogs/tax-consultant-liaquat-bagh-rawalpindi,blog,51,165,530,Best Tax Consultant in Liaquat Bagh Rawalpindi 2026,1,1,1,1,1,1,1
blogs/tax-consultant-liaquat-colony-lahore,blog,58,195,891,Best Tax Consultant in Liaquat Colony; Lahore — Income Tax; NTN &amp; FBR Filing,1,1,1,1,1,1,1
blogs/tax-consultant-liaquatabad-karachi,blog,47,142,918,Best Tax Consultant in Liaquatabad Karachi,1,1,1,1,1,1,1
blogs/tax-consultant-liaquatpur,blog,51,173,705,Best Tax Consultant in Liaquatpur 2026 - Online FBR Filing,1,1,1,1,1,1,1
blogs/tax-consultant-liberty-chowk-lahore,blog,57,182,952,Best Tax Consultant in Liberty Chowk; Lahore — Income Tax; NTN &amp; FBR Filing ,1,1,1,1,1,1,1
blogs/tax-consultant-liberty-market-lahore,blog,55,169,750,Best Tax Consultant in Liberty Market 2026 - Online FBR Filing,1,1,1,1,1,1,1
blogs/tax-consultant-link-road-lahore,blog,53,190,891,Best Tax Consultant in Link Road; Lahore — Income Tax; NTN &amp; FBR Filing 2026,1,1,1,1,1,1,1
blogs/tax-consultant-lodhran,blog,56,193,915,Best Tax Consultant in Lodhran — Income Tax; NTN &amp; Company Registration 2026,1,1,1,1,1,1,1
blogs/tax-consultant-lodhran-city,blog,55,165,917,Best Tax Consultant in Lodhran,1,1,1,1,1,1,1
blogs/tax-consultant-lohari-gate-lahore,blog,55,192,891,Best Tax Consultant in Lohari Gate; Lahore — Income Tax; NTN &amp; FBR Filing 20,1,1,1,1,1,1,1
blogs/tax-consultant-london-east-pakistanis,blog,57,141,997,Best Tax Consultant for Pakistanis in East London,1,1,1,1,1,1,1
blogs/tax-consultant-loralai,blog,55,184,822,Best Tax Consultant in Loralai — Income Tax; NTN &amp; FBR Filing 2026,1,1,1,1,1,1,1
blogs/tax-consultant-loralai-city,blog,55,165,917,Best Tax Consultant in Loralai,1,1,1,1,1,1,1
blogs/tax-consultant-los-angeles-pakistanis,blog,58,142,1000,Best Tax Consultant for Pakistanis in Los Angeles,1,1,1,1,1,1,1
blogs/tax-consultant-low-income-scheme-multan,blog,59,0,974,Best Tax Consultant in LDA Low Income Scheme; Multan — Income Tax; NTN &amp; Com,1,1,1,1,1,1,1
blogs/tax-consultant-lower-dir,blog,50,161,716,Best Tax Consultant in Lower Dir 2026 - Online FBR Filing,1,1,1,1,1,1,1
blogs/tax-consultant-lower-haripur-abbottabad,blog,52,147,936,Best Tax Consultant in Lower Haripur Abbottabad,1,1,1,1,1,1,1
blogs/tax-consultant-luton-pakistanis,blog,51,164,975,Best Tax Consultant for Pakistanis in Luton,1,1,1,1,1,1,1
blogs/tax-consultant-lyari-karachi,blog,41,165,918,Best Tax Consultant in Lyari Karachi,1,1,1,1,1,1,1
blogs/tax-consultant-madina-town-faisalabad,blog,50,145,936,Best Tax Consultant in Madina Town Faisalabad,1,1,1,1,1,1,1
blogs/tax-consultant-mailsi,blog,47,161,701,Best Tax Consultant in Mailsi 2026 - Online FBR Filing,1,1,1,1,1,1,1
blogs/tax-consultant-main-boulevard-gulberg-lahore,blog,55,0,904,Best Tax Consultant in Main Boulevard Gulberg; Lahore — Income Tax; NTN &amp; FB,1,1,1,1,1,1,1
blogs/tax-consultant-main-boulevard-lahore,blog,58,195,891,Best Tax Consultant in Main Boulevard; Lahore — Income Tax; NTN &amp; FBR Filing,1,1,1,1,1,1,1
blogs/tax-consultant-malakand,blog,56,185,822,Best Tax Consultant in Malakand — Income Tax; NTN &amp; FBR Filing 2026,1,1,1,1,1,1,1
blogs/tax-consultant-malakand-city,blog,49,160,702,Best Tax Consultant in Malakand 2026 - Online FBR Filing,1,1,1,1,1,1,1
blogs/tax-consultant-malakwal,blog,49,172,703,Best Tax Consultant in Malakwal 2026 - Online FBR Filing,1,1,1,1,1,1,1
blogs/tax-consultant-malikwal,blog,56,185,822,Best Tax Consultant in Malikwal — Income Tax; NTN &amp; FBR Filing 2026,1,1,1,1,1,1,1
blogs/tax-consultant-malir-city-karachi,blog,46,141,936,Best Tax Consultant in Malir City Karachi,1,1,1,1,1,1,1
blogs/tax-consultant-malir-halt-karachi,blog,51,166,717,Best Tax Consultant in Malir Halt 2026 - Online FBR Filing,1,1,1,1,1,1,1
blogs/tax-consultant-malir-karachi,blog,41,165,918,Best Tax Consultant in Malir Karachi,1,1,1,1,1,1,1
blogs/tax-consultant-mall-road-lahore,blog,53,0,977,Best Tax Consultant in Mall Road; Lahore — Income Tax; NTN &amp; Company Registr,1,1,1,1,1,1,1
blogs/tax-consultant-manchester-pakistanis,blog,56,140,972,Best Tax Consultant for Pakistanis in Manchester,1,1,1,1,1,1,1
blogs/tax-consultant-mandi-bahauddin,blog,59,0,935,Best Tax Consultant in Mandi Bahauddin — Income Tax; NTN &amp; Company Registrat,1,1,1,1,1,1,1
blogs/tax-consultant-mandi-bahauddin-city,blog,43,165,939,Best Tax Consultant in Mandi Bahauddin,1,1,1,1,1,1,1
blogs/tax-consultant-manga-mandi-lahore,blog,46,141,969,Best Tax Consultant in Manga Mandi Lahore,1,1,1,1,1,1,1
blogs/tax-consultant-manga-road-lahore,blog,54,179,952,Best Tax Consultant in Manga Road; Lahore — Income Tax; NTN &amp; FBR Filing 202,1,1,1,1,1,1,1
blogs/tax-consultant-manghopir-karachi,blog,45,140,918,Best Tax Consultant in Manghopir Karachi,1,1,1,1,1,1,1
blogs/tax-consultant-mankera,blog,55,184,822,Best Tax Consultant in Mankera — Income Tax; NTN &amp; FBR Filing 2026,1,1,1,1,1,1,1
blogs/tax-consultant-mansehra,blog,57,194,915,Best Tax Consultant in Mansehra — Income Tax; NTN &amp; Company Registration 202,1,1,1,1,1,1,1
blogs/tax-consultant-mansehra-city,blog,56,165,917,Best Tax Consultant in Mansehra,1,1,1,1,1,1,1
blogs/tax-consultant-mardan,blog,55,192,915,Best Tax Consultant in Mardan — Income Tax; NTN &amp; Company Registration 2026,1,1,1,1,1,1,1
blogs/tax-consultant-mardan-cantt,blog,60,164,920,Best Tax Consultant in Cantt Mardan,1,1,1,1,1,1,1
blogs/tax-consultant-mardan-city,blog,52,141,937,Best Tax Consultant in City Centre Mardan,1,1,1,1,1,1,1
blogs/tax-consultant-mardan-city-centre,blog,46,165,530,Best Tax Consultant in City Centre Mardan 2026,1,1,1,1,1,1,1
blogs/tax-consultant-mardan-industrial-estate,blog,52,165,526,Best Tax Consultant in Industrial Estate Mardan 2026,1,1,1,1,1,1,1
blogs/tax-consultant-margalla-hills-islamabad,blog,55,0,864,Best Tax Consultant in Margalla Hills Area; Islamabad — Income Tax; NTN &amp; FB,1,1,1,1,1,1,1
blogs/tax-consultant-margalla-town-islamabad,blog,51,146,936,Best Tax Consultant in Margalla Town Islamabad,1,1,1,1,1,1,1
blogs/tax-consultant-maripur-karachi,blog,43,165,515,Best Tax Consultant in Maripur Karachi 2026,1,1,1,1,1,1,1
blogs/tax-consultant-market-quarter-hyderabad,blog,52,165,530,Best Tax Consultant in Market Quarter Hyderabad 2026,1,1,1,1,1,1,1
blogs/tax-consultant-mastung,blog,48,162,701,Best Tax Consultant in Mastung 2026 - Online FBR Filing,1,1,1,1,1,1,1
blogs/tax-consultant-matiari,blog,55,184,822,Best Tax Consultant in Matiari — Income Tax; NTN &amp; FBR Filing 2026,1,1,1,1,1,1,1
blogs/tax-consultant-matiari-city,blog,55,165,917,Best Tax Consultant in Matiari,1,1,1,1,1,1,1
blogs/tax-consultant-mattni-peshawar,blog,43,165,519,Best Tax Consultant in Mattni Peshawar 2026,1,1,1,1,1,1,1
blogs/tax-consultant-mauripur-karachi,blog,53,194,835,Best Tax Consultant in Mauripur; Karachi — Income Tax; NTN &amp; FBR Filing 2026,1,1,1,1,1,1,1
blogs/tax-consultant-mcleod-road-lahore,blog,55,192,891,Best Tax Consultant in McLeod Road; Lahore — Income Tax; NTN &amp; FBR Filing 20,1,1,1,1,1,1,1
blogs/tax-consultant-mda-chowk-multan,blog,44,165,530,Best Tax Consultant in MDA Chowk Multan 2026,1,1,1,1,1,1,1
blogs/tax-consultant-media-town-islamabad,blog,48,165,530,Best Tax Consultant in Media Town Islamabad 2026,1,1,1,1,1,1,1
blogs/tax-consultant-medical-housing-society-lahore,blog,56,0,907,Best Tax Consultant in Medical Housing Society; Lahore — Income Tax; NTN &amp; F,1,1,1,1,1,1,1
blogs/tax-consultant-mehmoodabad-karachi,blog,52,167,702,Best Tax Consultant in Mehmoodabad 2026 - Online FBR Filing,1,1,1,1,1,1,1
blogs/tax-consultant-mehrabpur,blog,50,174,703,Best Tax Consultant in Mehrabpur 2026 - Online FBR Filing,1,1,1,1,1,1,1
blogs/tax-consultant-melbourne-pakistanis,blog,59,146,974,Best Tax Consultant for Pakistanis in Melbourne,1,1,1,1,1,1,1
blogs/tax-consultant-mian-channu,blog,52,168,716,Best Tax Consultant in Mian Channu 2026 - Online FBR Filing,1,1,1,1,1,1,1
blogs/tax-consultant-mian-channu-city,blog,48,165,620,Best Tax Consultant in Mian Channu Khanewal 2026,1,1,1,1,1,1,1
blogs/tax-consultant-mianwali,blog,57,194,915,Best Tax Consultant in Mianwali — Income Tax; NTN &amp; Company Registration 202,1,1,1,1,1,1,1
blogs/tax-consultant-millat-road-faisalabad,blog,59,200,851,Best Tax Consultant in Millat Road; Faisalabad — Income Tax; NTN &amp; FBR Filin,1,1,1,1,1,1,1
blogs/tax-consultant-millat-town-faisalabad,blog,52,170,717,Best Tax Consultant in Millat Town 2026 - Online FBR Filing,1,1,1,1,1,1,1
blogs/tax-consultant-mingora-swat,blog,52,147,952,Best Tax Consultant in City Centre Mingora Swat,1,1,1,1,1,1,1
blogs/tax-consultant-minhaj-town-lahore,blog,55,192,891,Best Tax Consultant in Minhaj Town; Lahore — Income Tax; NTN &amp; FBR Filing 20,1,1,1,1,1,1,1
blogs/tax-consultant-mirpur-ajk,blog,55,192,916,Best Tax Consultant in Mirpur — Income Tax; NTN &amp; Company Registration 2026,1,1,1,1,1,1,1
blogs/tax-consultant-mirpur-ajk-city,blog,50,145,945,Best Tax Consultant in City Centre Mirpur AJK,1,1,1,1,1,1,1
blogs/tax-consultant-mirpur-mathelo,blog,55,169,716,Best Tax Consultant in Mirpur Mathelo 2026 - Online FBR Filing,1,1,1,1,1,1,1
blogs/tax-consultant-mirpurkhas,blog,55,197,934,Best Tax Consultant in Mirpur Khas — Income Tax; NTN &amp; Company Registration ,1,1,1,1,1,1,1
blogs/tax-consultant-mirpurkhas-city,blog,58,165,917,Best Tax Consultant in Mirpurkhas,1,1,1,1,1,1,1
blogs/tax-consultant-mississauga-pakistanis,blog,58,145,979,Best Tax Consultant for Pakistanis in Mississauga,1,1,1,1,1,1,1
blogs/tax-consultant-mm-alam-road-lahore,blog,58,195,905,Best Tax Consultant in M.M. Alam Road; Lahore — Income Tax; NTN &amp; FBR Filing,1,1,1,1,1,1,1
blogs/tax-consultant-mochi-gate-lahore,blog,54,179,952,Best Tax Consultant in Mochi Gate; Lahore — Income Tax; NTN &amp; FBR Filing 202,1,1,1,1,1,1,1
blogs/tax-consultant-model-colony-karachi,blog,48,143,936,Best Tax Consultant in Model Colony Karachi,1,1,1,1,1,1,1
blogs/tax-consultant-model-town-a-lahore,blog,58,199,909,Best Tax Consultant in Model Town Block A; Lahore — Income Tax; NTN &amp; FBR Fi,1,1,1,1,1,1,1
blogs/tax-consultant-model-town-b-lahore,blog,58,199,909,Best Tax Consultant in Model Town Block B; Lahore — Income Tax; NTN &amp; FBR Fi,1,1,1,1,1,1,1
blogs/tax-consultant-model-town-bahawalpur,blog,49,144,936,Best Tax Consultant in Model Town Bahawalpur,1,1,1,1,1,1,1
blogs/tax-consultant-model-town-block-d-lahore,blog,58,187,972,Best Tax Consultant in Model Town Block D; Lahore — Income Tax; NTN &amp; FBR Fi,1,1,1,1,1,1,1
blogs/tax-consultant-model-town-block-e-lahore,blog,58,187,972,Best Tax Consultant in Model Town Block E; Lahore — Income Tax; NTN &amp; FBR Fi,1,1,1,1,1,1,1
blogs/tax-consultant-model-town-block-f-lahore,blog,58,187,972,Best Tax Consultant in Model Town Block F; Lahore — Income Tax; NTN &amp; FBR Fi,1,1,1,1,1,1,1
blogs/tax-consultant-model-town-block-g-lahore,blog,58,187,972,Best Tax Consultant in Model Town Block G; Lahore — Income Tax; NTN &amp; FBR Fi,1,1,1,1,1,1,1
blogs/tax-consultant-model-town-block-h-lahore,blog,58,187,972,Best Tax Consultant in Model Town Block H; Lahore — Income Tax; NTN &amp; FBR Fi,1,1,1,1,1,1,1
blogs/tax-consultant-model-town-block-i-lahore,blog,58,187,972,Best Tax Consultant in Model Town Block I; Lahore — Income Tax; NTN &amp; FBR Fi,1,1,1,1,1,1,1
blogs/tax-consultant-model-town-block-j-lahore,blog,58,187,972,Best Tax Consultant in Model Town Block J; Lahore — Income Tax; NTN &amp; FBR Fi,1,1,1,1,1,1,1
blogs/tax-consultant-model-town-block-k-lahore,blog,58,187,972,Best Tax Consultant in Model Town Block K; Lahore — Income Tax; NTN &amp; FBR Fi,1,1,1,1,1,1,1
blogs/tax-consultant-model-town-block-l-lahore,blog,58,187,972,Best Tax Consultant in Model Town Block L; Lahore — Income Tax; NTN &amp; FBR Fi,1,1,1,1,1,1,1
blogs/tax-consultant-model-town-block-m-lahore,blog,58,199,650,Best Tax Consultant in Model Town Block M; Lahore — Income Tax; NTN &amp; FBR Fi,1,1,1,1,1,1,1
blogs/tax-consultant-model-town-block-n-lahore,blog,58,199,650,Best Tax Consultant in Model Town Block N; Lahore — Income Tax; NTN &amp; FBR Fi,1,1,1,1,1,1,1
blogs/tax-consultant-model-town-c-lahore,blog,58,199,909,Best Tax Consultant in Model Town Block C; Lahore — Income Tax; NTN &amp; FBR Fi,1,1,1,1,1,1,1
blogs/tax-consultant-model-town-commercial-lahore,blog,54,197,989,Best Tax Consultant in Model Town Commercial Market; Lahore — Income Tax; NTN &a,1,1,1,1,1,1,1
blogs/tax-consultant-model-town-extension-lahore,blog,58,0,909,Best Tax Consultant in Model Town Extension; Lahore — Income Tax; NTN &amp; FBR ,1,1,1,1,1,1,1
blogs/tax-consultant-model-town-gujranwala,blog,49,144,936,Best Tax Consultant in Model Town Gujranwala,1,1,1,1,1,1,1
blogs/tax-consultant-mori-gate-lahore,blog,53,178,952,Best Tax Consultant in Mori Gate; Lahore — Income Tax; NTN &amp; FBR Filing 2026,1,1,1,1,1,1,1
blogs/tax-consultant-moro,blog,45,169,703,Best Tax Consultant in Moro 2026 - Online FBR Filing,1,1,1,1,1,1,1
blogs/tax-consultant-mozang-lahore,blog,41,165,951,Best Tax Consultant in Mozang Lahore,1,1,1,1,1,1,1
blogs/tax-consultant-mughalpura-lahore,blog,45,140,951,Best Tax Consultant in Mughalpura Lahore,1,1,1,1,1,1,1
blogs/tax-consultant-multan,blog,54,170,743,Best Tax Consultant in Multan 2026,1,1,1,1,1,1,1
blogs/tax-consultant-multan-garden-town-multan,blog,46,165,531,Best Tax Consultant in Garden Town Multan 2026,1,1,1,1,1,1,1
blogs/tax-consultant-multan-nishatabad-multan,blog,45,165,520,Best Tax Consultant in Nishatabad Multan 2026,1,1,1,1,1,1,1
blogs/tax-consultant-multan-road-lahore,blog,55,192,891,Best Tax Consultant in Multan Road; Lahore — Income Tax; NTN &amp; FBR Filing 20,1,1,1,1,1,1,1
blogs/tax-consultant-multan-road-q-block-lahore,blog,59,200,650,Best Tax Consultant in Multan Road Q-Block; Lahore — Income Tax; NTN &amp; FBR F,1,1,1,1,1,1,1
blogs/tax-consultant-muridke,blog,48,167,701,Best Tax Consultant in Muridke 2026 - Online FBR Filing,1,1,1,1,1,1,1
blogs/tax-consultant-muridke-lahore,blog,59,188,874,Best Tax Consultant in Muridke; Lahore — Income Tax; NTN &amp; FBR Filing 2026,1,1,1,1,1,1,1
blogs/tax-consultant-murree,blog,47,165,701,Best Tax Consultant in Murree 2026 - Online FBR Filing,1,1,1,1,1,1,1
blogs/tax-consultant-murree-road-rawalpindi,blog,50,165,530,Best Tax Consultant in Murree Road Rawalpindi 2026,1,1,1,1,1,1,1
blogs/tax-consultant-muslim-park-lahore,blog,55,192,891,Best Tax Consultant in Muslim Park; Lahore — Income Tax; NTN &amp; FBR Filing 20,1,1,1,1,1,1,1
blogs/tax-consultant-muslim-town-lahore,blog,46,165,563,Best Tax Consultant in Muslim Town Lahore 2026,1,1,1,1,1,1,1
blogs/tax-consultant-mustafa-town-lahore,blog,47,142,970,Best Tax Consultant in Mustafa Town Lahore,1,1,1,1,1,1,1
blogs/tax-consultant-muzaffarabad,blog,56,198,914,Best Tax Consultant in Muzaffarabad — Income Tax; NTN &amp; Company Registration,1,1,1,1,1,1,1
blogs/tax-consultant-muzaffarabad-city,blog,52,147,935,Best Tax Consultant in City Centre Muzaffarabad,1,1,1,1,1,1,1
blogs/tax-consultant-muzaffargarh,blog,56,198,914,Best Tax Consultant in Muzaffargarh — Income Tax; NTN &amp; Company Registration,1,1,1,1,1,1,1
blogs/tax-consultant-muzaffargarh-city,blog,60,164,917,Best Tax Consultant in Muzaffargarh,1,1,1,1,1,1,1
blogs/tax-consultant-nagan-chowrangi-karachi,blog,56,171,717,Best Tax Consultant in Nagan Chowrangi 2026 - Online FBR Filing,1,1,1,1,1,1,1
blogs/tax-consultant-nagar-valley,blog,53,177,715,Best Tax Consultant in Nagar Valley 2026 - Online FBR Filing,1,1,1,1,1,1,1
blogs/tax-consultant-nankana-sahib,blog,54,173,716,Best Tax Consultant in Nankana Sahib 2026 - Online FBR Filing,1,1,1,1,1,1,1
blogs/tax-consultant-narowal,blog,56,193,915,Best Tax Consultant in Narowal — Income Tax; NTN &amp; Company Registration 2026,1,1,1,1,1,1,1
blogs/tax-consultant-narowal-city,blog,55,165,917,Best Tax Consultant in Narowal,1,1,1,1,1,1,1
blogs/tax-consultant-narowal-city-centre,blog,47,165,526,Best Tax Consultant in City Centre Narowal 2026,1,1,1,1,1,1,1
blogs/tax-consultant-naseerabad-lahore,blog,54,191,873,Best Tax Consultant in Naseerabad; Lahore — Income Tax; NTN &amp; FBR Filing 202,1,1,1,1,1,1,1
blogs/tax-consultant-nasheman-e-iqbal-lahore,blog,56,185,932,Best Tax Consultant in Nasheman-e-Iqbal; Lahore — Income Tax; NTN &amp; FBR Fili,1,1,1,1,1,1,1
blogs/tax-consultant-naushahro-feroze,blog,57,170,716,Best Tax Consultant in Naushahro Feroze 2026 - Online FBR Filing,1,1,1,1,1,1,1
blogs/tax-consultant-naval-anchorage-islamabad,blog,58,174,604,Best Tax Consultant in Naval Anchorage; Islamabad — Income Tax; NTN &amp; FBR Fi,1,1,1,1,1,1,1
blogs/tax-consultant-nawab-town-lahore,blog,54,195,884,Best Tax Consultant in Nawab Town; Lahore — Income Tax; NTN &amp; FBR Filing 202,1,1,1,1,1,1,1
blogs/tax-consultant-nawabshah,blog,58,195,915,Best Tax Consultant in Nawabshah — Income Tax; NTN &amp; Company Registration 20,1,1,1,1,1,1,1
blogs/tax-consultant-nawabshah-city,blog,49,144,935,Best Tax Consultant in City Centre Nawabshah,1,1,1,1,1,1,1
blogs/tax-consultant-naya-karachi-karachi,blog,48,165,530,Best Tax Consultant in Naya Karachi Karachi 2026,1,1,1,1,1,1,1
blogs/tax-consultant-nazimabad-4-karachi,blog,47,165,515,Best Tax Consultant in Nazimabad 4 Karachi 2026,1,1,1,1,1,1,1
blogs/tax-consultant-nazimabad-5-karachi,blog,47,165,515,Best Tax Consultant in Nazimabad 5 Karachi 2026,1,1,1,1,1,1,1
blogs/tax-consultant-nazimabad-karachi,blog,45,140,918,Best Tax Consultant in Nazimabad Karachi,1,1,1,1,1,1,1
blogs/tax-consultant-near-airport-lahore,blog,56,193,891,Best Tax Consultant in Near Airport; Lahore — Income Tax; NTN &amp; FBR Filing 2,1,1,1,1,1,1,1
blogs/tax-consultant-near-comsats-lahore,blog,59,188,970,Best Tax Consultant in Near COMSATS Lahore; Lahore — Income Tax; NTN &amp; FBR F,1,1,1,1,1,1,1
blogs/tax-consultant-near-doctors-hospital-lahore,blog,59,190,971,Best Tax Consultant in Near Doctors Hospital; Lahore — Income Tax; NTN &amp; FBR,1,1,1,1,1,1,1
blogs/tax-consultant-near-fast-nuces-lahore,blog,59,184,972,Best Tax Consultant in Near FAST NUCES; Lahore — Income Tax; NTN &amp; FBR Filin,1,1,1,1,1,1,1
blogs/tax-consultant-near-ganga-ram-lahore,blog,56,192,989,Best Tax Consultant in Near Ganga Ram Hospital; Lahore — Income Tax; NTN &amp; F,1,1,1,1,1,1,1
blogs/tax-consultant-near-gcu-lahore,blog,55,198,987,Best Tax Consultant in Near GCU (Government College); Lahore — Income Tax; NTN &,1,1,1,1,1,1,1
blogs/tax-consultant-near-high-court-lahore,blog,59,196,909,Best Tax Consultant in Near High Court; Lahore — Income Tax; NTN &amp; FBR Filin,1,1,1,1,1,1,1
blogs/tax-consultant-near-ittefaq-hospital-lahore,blog,59,190,971,Best Tax Consultant in Near Ittefaq Hospital; Lahore — Income Tax; NTN &amp; FBR,1,1,1,1,1,1,1
blogs/tax-consultant-near-jinnah-hospital-lahore,blog,58,189,971,Best Tax Consultant in Near Jinnah Hospital; Lahore — Income Tax; NTN &amp; FBR ,1,1,1,1,1,1,1
blogs/tax-consultant-near-lums-lahore,blog,53,190,891,Best Tax Consultant in Near LUMS; Lahore — Income Tax; NTN &amp; FBR Filing 2026,1,1,1,1,1,1,1
blogs/tax-consultant-near-mayo-hospital-lahore,blog,58,199,908,Best Tax Consultant in Near Mayo Hospital; Lahore — Income Tax; NTN &amp; FBR Fi,1,1,1,1,1,1,1
blogs/tax-consultant-near-pu-lahore,blog,55,0,905,Best Tax Consultant in Near Punjab University; Lahore — Income Tax; NTN &amp; FB,1,1,1,1,1,1,1
blogs/tax-consultant-near-services-hospital-lahore,blog,55,0,907,Best Tax Consultant in Near Services Hospital; Lahore — Income Tax; NTN &amp; FB,1,1,1,1,1,1,1
blogs/tax-consultant-near-shalamar-hospital-lahore,blog,55,191,970,Best Tax Consultant in Near Shalamar Hospital; Lahore — Income Tax; NTN &amp; FB,1,1,1,1,1,1,1
blogs/tax-consultant-near-sheikh-zayed-lahore,blog,59,195,989,Best Tax Consultant in Near Sheikh Zayed Hospital; Lahore — Income Tax; NTN &amp,1,1,1,1,1,1,1
blogs/tax-consultant-near-ucp-lahore,blog,59,188,970,Best Tax Consultant in Near UCP University; Lahore — Income Tax; NTN &amp; FBR F,1,1,1,1,1,1,1
blogs/tax-consultant-near-uet-lahore,blog,52,189,891,Best Tax Consultant in Near UET; Lahore — Income Tax; NTN &amp; FBR Filing 2026,1,1,1,1,1,1,1
blogs/tax-consultant-neelum-ajk,blog,54,165,716,Best Tax Consultant in Neelum Valley 2026 - Online FBR Filing,1,1,1,1,1,1,1
blogs/tax-consultant-nespak-housing-lahore,blog,55,0,906,Best Tax Consultant in NESPAK Housing Society; Lahore — Income Tax; NTN &amp; FB,1,1,1,1,1,1,1
blogs/tax-consultant-new-city-paradise-lahore,blog,57,198,650,Best Tax Consultant in New City Paradise; Lahore — Income Tax; NTN &amp; FBR Fil,1,1,1,1,1,1,1
blogs/tax-consultant-new-garden-town-lahore,blog,50,165,574,Best Tax Consultant in New Garden Town Lahore 2026,1,1,1,1,1,1,1
blogs/tax-consultant-new-jersey-pakistanis,blog,57,141,1003,Best Tax Consultant for Pakistanis in New Jersey,1,1,1,1,1,1,1
blogs/tax-consultant-new-karachi,blog,59,165,920,Best Tax Consultant in New Karachi,1,1,1,1,1,1,1
blogs/tax-consultant-new-lahore-city,blog,59,184,971,Best Tax Consultant in New Lahore City; Lahore — Income Tax; NTN &amp; FBR Filin,1,1,1,1,1,1,1
blogs/tax-consultant-new-lalazar-rawalpindi,blog,50,165,530,Best Tax Consultant in New Lalazar Rawalpindi 2026,1,1,1,1,1,1,1
blogs/tax-consultant-new-multan,blog,58,165,920,Best Tax Consultant in New Multan,1,1,1,1,1,1,1
blogs/tax-consultant-new-muslim-town-lahore,blog,59,196,909,Best Tax Consultant in New Muslim Town; Lahore — Income Tax; NTN &amp; FBR Filin,1,1,1,1,1,1,1
blogs/tax-consultant-new-sariab-quetta,blog,45,165,530,Best Tax Consultant in New Sariab Quetta 2026,1,1,1,1,1,1,1
blogs/tax-consultant-new-york-pakistanis,blog,55,165,1003,Best Tax Consultant for Pakistanis in New York,1,1,1,1,1,1,1
blogs/tax-consultant-nfc-housing-society-lahore,blog,59,200,650,Best Tax Consultant in NFC Housing Society; Lahore — Income Tax; NTN &amp; FBR F,1,1,1,1,1,1,1
blogs/tax-consultant-ngo-pakistan,blog,55,168,590,Tax Consultant for NGOs and Non-Profit Organizations in Pakistan 2026,1,1,1,1,1,1,1
blogs/tax-consultant-nishat-colony-lahore,blog,57,182,952,Best Tax Consultant in Nishat Colony; Lahore — Income Tax; NTN &amp; FBR Filing ,1,1,1,1,1,1,1
blogs/tax-consultant-nishatabad-faisalabad,blog,49,165,519,Best Tax Consultant in Nishatabad Faisalabad 2026,1,1,1,1,1,1,1
blogs/tax-consultant-nishtar-colony-block-a-lahore,blog,55,191,970,Best Tax Consultant in Nishtar Colony Block A; Lahore — Income Tax; NTN &amp; FB,1,1,1,1,1,1,1
blogs/tax-consultant-nishtar-colony-block-b-lahore,blog,55,191,970,Best Tax Consultant in Nishtar Colony Block B; Lahore — Income Tax; NTN &amp; FB,1,1,1,1,1,1,1
blogs/tax-consultant-nishtar-colony-lahore,blog,49,144,969,Best Tax Consultant in Nishtar Colony Lahore,1,1,1,1,1,1,1
blogs/tax-consultant-nishtar-town-lahore,blog,56,193,891,Best Tax Consultant in Nishtar Town; Lahore — Income Tax; NTN &amp; FBR Filing 2,1,1,1,1,1,1,1
blogs/tax-consultant-noor-colony-lahore,blog,55,180,952,Best Tax Consultant in Noor Colony; Lahore — Income Tax; NTN &amp; FBR Filing 20,1,1,1,1,1,1,1
blogs/tax-consultant-noor-pur-town-lahore,blog,57,194,651,Best Tax Consultant in Noor Pur Town; Lahore — Income Tax; NTN &amp; FBR Filing ,1,1,1,1,1,1,1
blogs/tax-consultant-noorpur-thal,blog,56,189,842,Best Tax Consultant in Noorpur Thal — Income Tax; NTN &amp; FBR Filing 2026,1,1,1,1,1,1,1
blogs/tax-consultant-north-karachi-karachi,blog,49,144,936,Best Tax Consultant in North Karachi Karachi,1,1,1,1,1,1,1
blogs/tax-consultant-north-nazimabad-karachi,blog,51,146,936,Best Tax Consultant in North Nazimabad Karachi,1,1,1,1,1,1,1
blogs/tax-consultant-nowshera,blog,57,194,915,Best Tax Consultant in Nowshera — Income Tax; NTN &amp; Company Registration 202,1,1,1,1,1,1,1
blogs/tax-consultant-nowshera-city,blog,56,165,917,Best Tax Consultant in Nowshera,1,1,1,1,1,1,1
blogs/tax-consultant-nowshera-virkan-gujranwala,blog,54,165,530,Best Tax Consultant in Nowshera Virkan Gujranwala 2026,1,1,1,1,1,1,1
blogs/tax-consultant-nushki,blog,47,166,701,Best Tax Consultant in Nushki 2026 - Online FBR Filing,1,1,1,1,1,1,1
blogs/tax-consultant-officers-colony-lahore,blog,59,200,884,Best Tax Consultant in Officers Colony; Lahore — Income Tax; NTN &amp; FBR Filin,1,1,1,1,1,1,1
blogs/tax-consultant-okara,blog,54,191,915,Best Tax Consultant in Okara — Income Tax; NTN &amp; Company Registration 2026,1,1,1,1,1,1,1
blogs/tax-consultant-okara-city,blog,53,165,917,Best Tax Consultant in Okara,1,1,1,1,1,1,1
blogs/tax-consultant-oldham-pakistanis,blog,52,165,974,Best Tax Consultant for Pakistanis in Oldham,1,1,1,1,1,1,1
blogs/tax-consultant-orangi-town-karachi,blog,47,142,936,Best Tax Consultant in Orangi Town Karachi,1,1,1,1,1,1,1
blogs/tax-consultant-packages-mall-lahore,blog,58,199,907,Best Tax Consultant in Packages Mall Area; Lahore — Income Tax; NTN &amp; FBR Fi,1,1,1,1,1,1,1
blogs/tax-consultant-paf-colony-lahore,blog,54,179,952,Best Tax Consultant in PAF Colony; Lahore — Income Tax; NTN &amp; FBR Filing 202,1,1,1,1,1,1,1
blogs/tax-consultant-pak-arab-housing-lahore,blog,57,193,989,Best Tax Consultant in Pak Arab Housing Society; Lahore — Income Tax; NTN &amp; ,1,1,1,1,1,1,1
blogs/tax-consultant-pak-colony-karachi,blog,46,141,936,Best Tax Consultant in Pak Colony Karachi,1,1,1,1,1,1,1
blogs/tax-consultant-pak-kisan-town-lahore,blog,58,183,972,Best Tax Consultant in Pak Kisan Town; Lahore — Income Tax; NTN &amp; FBR Filing,1,1,1,1,1,1,1
blogs/tax-consultant-pak-mount-lahore,blog,53,190,633,Best Tax Consultant in Pak Mount; Lahore — Income Tax; NTN &amp; FBR Filing 2026,1,1,1,1,1,1,1
blogs/tax-consultant-pak-town-islamabad,blog,55,196,851,Best Tax Consultant in Pak Town; Islamabad — Income Tax; NTN &amp; FBR Filing 20,1,1,1,1,1,1,1
blogs/tax-consultant-pak-town-lahore,blog,52,0,977,Best Tax Consultant in Pak Town; Lahore — Income Tax; NTN &amp; Company Registra,1,1,1,1,1,1,1
blogs/tax-consultant-pakistan-town-lahore,blog,57,198,884,Best Tax Consultant in Pakistan Town; Lahore — Income Tax; NTN &amp; FBR Filing ,1,1,1,1,1,1,1
blogs/tax-consultant-pakpattan,blog,58,195,915,Best Tax Consultant in Pakpattan — Income Tax; NTN &amp; Company Registration 20,1,1,1,1,1,1,1
blogs/tax-consultant-pakpattan-city,blog,57,165,917,Best Tax Consultant in Pakpattan,1,1,1,1,1,1,1
blogs/tax-consultant-panjgur,blog,48,167,701,Best Tax Consultant in Panjgur 2026 - Online FBR Filing,1,1,1,1,1,1,1
blogs/tax-consultant-paragon-city-lahore,blog,47,165,563,Best Tax Consultant in Paragon City Lahore 2026,1,1,1,1,1,1,1
blogs/tax-consultant-paragon-city-phase-1-lahore,blog,58,0,650,Best Tax Consultant in Paragon City Phase 1; Lahore — Income Tax; NTN &amp; FBR ,1,1,1,1,1,1,1
blogs/tax-consultant-paragon-city-phase-2-lahore,blog,58,0,908,Best Tax Consultant in Paragon City Phase 2; Lahore — Income Tax; NTN &amp; FBR ,1,1,1,1,1,1,1
blogs/tax-consultant-paragon-city-phase-3-lahore,blog,58,189,971,Best Tax Consultant in Paragon City Phase 3; Lahore — Income Tax; NTN &amp; FBR ,1,1,1,1,1,1,1
blogs/tax-consultant-paris-road-sialkot,blog,46,141,936,Best Tax Consultant in Paris Road Sialkot,1,1,1,1,1,1,1
blogs/tax-consultant-park-view-city-islamabad,blog,57,173,620,Best Tax Consultant in Park View City; Islamabad — Income Tax; NTN &amp; FBR Fil,1,1,1,1,1,1,1
blogs/tax-consultant-pasrur,blog,47,162,701,Best Tax Consultant in Pasrur 2026 - Online FBR Filing,1,1,1,1,1,1,1
blogs/tax-consultant-pattoki,blog,48,161,701,Best Tax Consultant in Pattoki 2026 - Online FBR Filing,1,1,1,1,1,1,1
blogs/tax-consultant-pattoki-lahore,blog,59,188,874,Best Tax Consultant in Pattoki; Lahore — Income Tax; NTN &amp; FBR Filing 2026,1,1,1,1,1,1,1
blogs/tax-consultant-pcsir-lahore,blog,59,0,897,Best Tax Consultant in PCSIR Housing Society; Lahore — Income Tax; NTN &amp; FBR,1,1,1,1,1,1,1
blogs/tax-consultant-pechs-karachi,blog,41,165,918,Best Tax Consultant in PECHS Karachi,1,1,1,1,1,1,1
blogs/tax-consultant-peoples-colony-faisalabad,blog,53,148,936,Best Tax Consultant in Peoples Colony Faisalabad,1,1,1,1,1,1,1
blogs/tax-consultant-peoples-colony-gujranwala,blog,53,148,936,Best Tax Consultant in Peoples Colony Gujranwala,1,1,1,1,1,1,1
blogs/tax-consultant-peoples-colony-lahore,blog,58,183,952,Best Tax Consultant in Peoples Colony; Lahore — Income Tax; NTN &amp; FBR Filing,1,1,1,1,1,1,1
blogs/tax-consultant-peoples-colony-sargodha,blog,51,146,936,Best Tax Consultant in Peoples Colony Sargodha,1,1,1,1,1,1,1
blogs/tax-consultant-perth-pakistanis,blog,58,142,980,Best Tax Consultant for Pakistanis in Perth,1,1,1,1,1,1,1
blogs/tax-consultant-peshawar,blog,52,159,745,Best Tax Consultant in Peshawar 2026 &mdash; KPK Tax,1,1,1,1,1,1,1
blogs/tax-consultant-phalia,blog,47,170,703,Best Tax Consultant in Phalia 2026 - Online FBR Filing,1,1,1,1,1,1,1
blogs/tax-consultant-phase-4-hayatabad-peshawar,blog,54,149,936,Best Tax Consultant in Phase 4 Hayatabad Peshawar,1,1,1,1,1,1,1
blogs/tax-consultant-phase-4-peshawar,blog,53,0,928,Best Tax Consultant in Phase 4; Peshawar — Income Tax; NTN &amp; Company Registr,1,1,1,1,1,1,1
blogs/tax-consultant-pib-colony-karachi,blog,51,166,717,Best Tax Consultant in PIB Colony 2026 - Online FBR Filing,1,1,1,1,1,1,1
blogs/tax-consultant-pindigheb,blog,58,187,842,Best Tax Consultant in Pindi Gheb — Income Tax; NTN &amp; FBR Filing 2026,1,1,1,1,1,1,1
blogs/tax-consultant-pindora-rawalpindi,blog,46,165,519,Best Tax Consultant in Pindora Rawalpindi 2026,1,1,1,1,1,1,1
blogs/tax-consultant-piplan,blog,54,183,822,Best Tax Consultant in Piplan — Income Tax; NTN &amp; FBR Filing 2026,1,1,1,1,1,1,1
blogs/tax-consultant-pishin,blog,47,161,701,Best Tax Consultant in Pishin 2026 - Online FBR Filing,1,1,1,1,1,1,1
blogs/tax-consultant-pishtakhara-peshawar,blog,48,165,519,Best Tax Consultant in Pishtakhara Peshawar 2026,1,1,1,1,1,1,1
blogs/tax-consultant-police-foundation-islamabad,blog,55,165,530,Best Tax Consultant in Police Foundation Islamabad 2026,1,1,1,1,1,1,1
blogs/tax-consultant-poonch-ajk,blog,47,158,702,Best Tax Consultant in Poonch 2026 - Online FBR Filing,1,1,1,1,1,1,1
blogs/tax-consultant-private-job-pakistan,blog,53,168,761,Income Tax for Private Sector Employees Pakistan 2026,1,1,1,1,1,1,1
blogs/tax-consultant-punjab-govt-employees-lahore,blog,54,0,1006,Best Tax Consultant in Punjab Govt Employees Housing Society; Lahore — Income Ta,1,1,1,1,1,1,1
blogs/tax-consultant-punjab-small-industries-lahore,blog,56,0,923,Best Tax Consultant in Punjab Small Industries Colony; Lahore — Income Tax; NTN ,1,1,1,1,1,1,1
blogs/tax-consultant-pwd-islamabad,blog,55,0,863,Best Tax Consultant in PWD Housing Society; Islamabad — Income Tax; NTN &amp; FB,1,1,1,1,1,1,1
blogs/tax-consultant-pwd-islamabad-islamabad,blog,48,165,526,Best Tax Consultant in PWD Colony Islamabad 2026,1,1,1,1,1,1,1
blogs/tax-consultant-qaddafi-stadium-lahore,blog,58,0,907,Best Tax Consultant in Qaddafi Stadium Area; Lahore — Income Tax; NTN &amp; FBR ,1,1,1,1,1,1,1
blogs/tax-consultant-qainchi-lahore,blog,42,165,552,Best Tax Consultant in Qainchi Lahore 2026,1,1,1,1,1,1,1
blogs/tax-consultant-qamber,blog,47,160,701,Best Tax Consultant in Qamber 2026 - Online FBR Filing,1,1,1,1,1,1,1
blogs/tax-consultant-qasba-colony-karachi,blog,53,168,717,Best Tax Consultant in Qasba Colony 2026 - Online FBR Filing,1,1,1,1,1,1,1
blogs/tax-consultant-qasim-bela-multan,blog,45,140,936,Best Tax Consultant in Qasim Bela Multan,1,1,1,1,1,1,1
blogs/tax-consultant-qasimabad-hyderabad,blog,47,142,918,Best Tax Consultant in Qasimabad Hyderabad,1,1,1,1,1,1,1
blogs/tax-consultant-qila-abdullah,blog,54,173,716,Best Tax Consultant in Qila Abdullah 2026 - Online FBR Filing,1,1,1,1,1,1,1
blogs/tax-consultant-qila-saifullah,blog,55,174,716,Best Tax Consultant in Qila Saifullah 2026 - Online FBR Filing,1,1,1,1,1,1,1
blogs/tax-consultant-queens-road-lahore,blog,55,180,952,Best Tax Consultant in Queens Road; Lahore — Income Tax; NTN &amp; FBR Filing 20,1,1,1,1,1,1,1
blogs/tax-consultant-quetta,blog,58,155,705,Best Tax Consultant in Quetta 2026 &mdash; Balochistan Tax,1,1,1,1,1,1,1
blogs/tax-consultant-quetta-city-centre-quetta,blog,46,165,531,Best Tax Consultant in City Centre Quetta 2026,1,1,1,1,1,1,1
blogs/tax-consultant-rahim-yar-khan,blog,58,200,956,Best Tax Consultant in Rahim Yar Khan — Income Tax; NTN &amp; Company Registrati,1,1,1,1,1,1,1
blogs/tax-consultant-rahim-yar-khan-cantt,blog,48,143,938,Best Tax Consultant in Cantt Rahim Yar Khan,1,1,1,1,1,1,1
blogs/tax-consultant-rahim-yar-khan-city,blog,54,149,955,Best Tax Consultant in City Centre Rahim Yar Khan,1,1,1,1,1,1,1
blogs/tax-consultant-rahwali-gujranwala,blog,46,165,519,Best Tax Consultant in Rahwali Gujranwala 2026,1,1,1,1,1,1,1
blogs/tax-consultant-railway-road-fsd-faisalabad,blog,51,165,531,Best Tax Consultant in Railway Road Faisalabad 2026,1,1,1,1,1,1,1
blogs/tax-consultant-railways-colony-lahore,blog,59,184,952,Best Tax Consultant in Railways Colony; Lahore — Income Tax; NTN &amp; FBR Filin,1,1,1,1,1,1,1
blogs/tax-consultant-raiwind-lahore,blog,42,165,951,Best Tax Consultant in Raiwind Lahore,1,1,1,1,1,1,1
blogs/tax-consultant-raiwind-road-lahore,blog,56,197,884,Best Tax Consultant in Raiwind Road; Lahore — Income Tax; NTN &amp; FBR Filing 2,1,1,1,1,1,1,1
blogs/tax-consultant-raja-jang-lahore,blog,53,190,891,Best Tax Consultant in Raja Jang; Lahore — Income Tax; NTN &amp; FBR Filing 2026,1,1,1,1,1,1,1
blogs/tax-consultant-rajanpur-city,blog,56,165,917,Best Tax Consultant in Rajanpur,1,1,1,1,1,1,1
blogs/tax-consultant-ranchore-lines-karachi,blog,50,165,530,Best Tax Consultant in Ranchore Lines Karachi 2026,1,1,1,1,1,1,1
blogs/tax-consultant-rang-mahal-lahore,blog,54,191,891,Best Tax Consultant in Rang Mahal; Lahore — Income Tax; NTN &amp; FBR Filing 202,1,1,1,1,1,1,1
blogs/tax-consultant-ravi-road-lahore,blog,44,165,563,Best Tax Consultant in Ravi Road Lahore 2026,1,1,1,1,1,1,1
blogs/tax-consultant-ravi-town-lahore,blog,53,178,952,Best Tax Consultant in Ravi Town; Lahore — Income Tax; NTN &amp; FBR Filing 2026,1,1,1,1,1,1,1
blogs/tax-consultant-rawalakot,blog,57,186,822,Best Tax Consultant in Rawalakot — Income Tax; NTN &amp; FBR Filing 2026,1,1,1,1,1,1,1
blogs/tax-consultant-rawalakot-city,blog,57,165,917,Best Tax Consultant in Rawalakot,1,1,1,1,1,1,1
blogs/tax-consultant-rawalpindi,blog,58,162,753,Best Tax Consultant in Rawalpindi 2026,1,1,1,1,1,1,1
blogs/tax-consultant-rawalpindi-commercial,blog,54,149,935,Best Tax Consultant in Commercial Area Rawalpindi,1,1,1,1,1,1,1
blogs/tax-consultant-rawalpindi-dha,blog,42,165,918,Best Tax Consultant in DHA Rawalpindi,1,1,1,1,1,1,1
blogs/tax-consultant-rawalpindi-saddar,blog,45,140,918,Best Tax Consultant in Saddar Rawalpindi,1,1,1,1,1,1,1
blogs/tax-consultant-rawat-islamabad,blog,59,164,590,Best Tax Consultant in Rawat; Islamabad — Income Tax; NTN &amp; FBR Filing 2026,1,1,1,1,1,1,1
blogs/tax-consultant-real-estate-agents-pakistan,blog,54,175,600,Tax Consultant for Real Estate Agents and Property Dealers in Pakistan 2026,1,1,1,1,1,1,1
blogs/tax-consultant-regi-model-town-peshawar,blog,52,147,954,Best Tax Consultant in Regi Model Town Peshawar,1,1,1,1,1,1,1
blogs/tax-consultant-rehmanpura-lahore,blog,51,165,735,Best Tax Consultant in Rehmanpura 2026 - Online FBR Filing,1,1,1,1,1,1,1
blogs/tax-consultant-renala-khurd,blog,53,166,716,Best Tax Consultant in Renala Khurd 2026 - Online FBR Filing,1,1,1,1,1,1,1
blogs/tax-consultant-restaurants-pakistan,blog,53,160,589,Tax Consultant for Restaurant and Food Business Owners in Pakistan 2026,1,1,1,1,1,1,1
blogs/tax-consultant-revenue-society-lahore,blog,56,0,897,Best Tax Consultant in Revenue Housing Society; Lahore — Income Tax; NTN &amp; F,1,1,1,1,1,1,1
blogs/tax-consultant-ring-road-lahore,blog,53,190,891,Best Tax Consultant in Ring Road; Lahore — Income Tax; NTN &amp; FBR Filing 2026,1,1,1,1,1,1,1
blogs/tax-consultant-ring-road-peshawar,blog,55,196,851,Best Tax Consultant in Ring Road; Peshawar — Income Tax; NTN &amp; FBR Filing 20,1,1,1,1,1,1,1
blogs/tax-consultant-ring-road-psh-peshawar,blog,46,165,531,Best Tax Consultant in Ring Road Peshawar 2026,1,1,1,1,1,1,1
blogs/tax-consultant-river-garden-lahore,blog,54,197,987,Best Tax Consultant in River Garden Housing Society; Lahore — Income Tax; NTN &a,1,1,1,1,1,1,1
blogs/tax-consultant-rohri,blog,59,182,823,Best Tax Consultant in Rohri — Income Tax; NTN &amp; FBR Filing 2026,1,1,1,1,1,1,1
blogs/tax-consultant-roshnai-gate-lahore,blog,56,181,952,Best Tax Consultant in Roshnai Gate; Lahore — Income Tax; NTN &amp; FBR Filing 2,1,1,1,1,1,1,1
blogs/tax-consultant-rwp-airport-rawalpindi,blog,51,165,530,Best Tax Consultant in Airport Area Rawalpindi 2026,1,1,1,1,1,1,1
blogs/tax-consultant-rwp-civil-lines-rawalpindi,blog,50,165,531,Best Tax Consultant in Civil Lines Rawalpindi 2026,1,1,1,1,1,1,1
blogs/tax-consultant-sa-gardens-lahore,blog,54,179,932,Best Tax Consultant in SA Gardens; Lahore — Income Tax; NTN &amp; FBR Filing 202,1,1,1,1,1,1,1
blogs/tax-consultant-saadi-town-karachi,blog,51,166,717,Best Tax Consultant in Saadi Town 2026 - Online FBR Filing,1,1,1,1,1,1,1
blogs/tax-consultant-sabzazar-block-a-lahore,blog,56,185,951,Best Tax Consultant in Sabzazar Block A; Lahore — Income Tax; NTN &amp; FBR Fili,1,1,1,1,1,1,1
blogs/tax-consultant-sabzazar-block-b-lahore,blog,56,185,951,Best Tax Consultant in Sabzazar Block B; Lahore — Income Tax; NTN &amp; FBR Fili,1,1,1,1,1,1,1
blogs/tax-consultant-sabzazar-block-c-lahore,blog,56,185,951,Best Tax Consultant in Sabzazar Block C; Lahore — Income Tax; NTN &amp; FBR Fili,1,1,1,1,1,1,1
blogs/tax-consultant-sabzazar-lahore,blog,43,165,952,Best Tax Consultant in Sabzazar Lahore,1,1,1,1,1,1,1
blogs/tax-consultant-sabzazar-multan,blog,43,165,519,Best Tax Consultant in Sabzazar Multan 2026,1,1,1,1,1,1,1
blogs/tax-consultant-saddar-bahawalpur,blog,45,165,519,Best Tax Consultant in Saddar Bahawalpur 2026,1,1,1,1,1,1,1
blogs/tax-consultant-saddar-karachi,blog,42,165,918,Best Tax Consultant in Saddar Karachi,1,1,1,1,1,1,1
blogs/tax-consultant-saddar-karachi-karachi,blog,54,165,518,Best Tax Consultant in Saddar Karachi 2026,1,1,1,1,1,1,1
blogs/tax-consultant-saddar-peshawar,blog,43,165,918,Best Tax Consultant in Saddar Peshawar,1,1,1,1,1,1,1
blogs/tax-consultant-saddar-rawalpindi,blog,54,0,928,Best Tax Consultant in Saddar; Rawalpindi — Income Tax; NTN &amp; Company Regist,1,1,1,1,1,1,1
blogs/tax-consultant-sadiqabad,blog,57,186,822,Best Tax Consultant in Sadiqabad — Income Tax; NTN &amp; FBR Filing 2026,1,1,1,1,1,1,1
blogs/tax-consultant-sadiqabad-ryk,blog,50,172,706,Best Tax Consultant in Sadiqabad 2026 - Online FBR Filing,1,1,1,1,1,1,1
blogs/tax-consultant-saeed-park-lahore,blog,54,179,952,Best Tax Consultant in Saeed Park; Lahore — Income Tax; NTN &amp; FBR Filing 202,1,1,1,1,1,1,1
blogs/tax-consultant-safari-garden-lahore,blog,57,0,977,Best Tax Consultant in Safari Garden; Lahore — Income Tax; NTN &amp; Company Reg,1,1,1,1,1,1,1
blogs/tax-consultant-safari-garden-phase-2-lahore,blog,59,190,971,Best Tax Consultant in Safari Garden Phase 2; Lahore — Income Tax; NTN &amp; FBR,1,1,1,1,1,1,1
blogs/tax-consultant-saggian-lahore,blog,59,192,869,Best Tax Consultant in Saggian; Lahore — Income Tax; NTN &amp; FBR Filing 2026,1,1,1,1,1,1,1
blogs/tax-consultant-sahiwal,blog,56,193,915,Best Tax Consultant in Sahiwal — Income Tax; NTN &amp; Company Registration 2026,1,1,1,1,1,1,1
blogs/tax-consultant-sahiwal-cantt,blog,41,165,918,Best Tax Consultant in Cantt Sahiwal,1,1,1,1,1,1,1
blogs/tax-consultant-sahiwal-city,blog,47,142,935,Best Tax Consultant in City Centre Sahiwal,1,1,1,1,1,1,1
blogs/tax-consultant-sahiwal-model-colony,blog,48,165,526,Best Tax Consultant in Model Colony Sahiwal 2026,1,1,1,1,1,1,1
blogs/tax-consultant-saleem-town-lahore,blog,55,192,891,Best Tax Consultant in Saleem Town; Lahore — Income Tax; NTN &amp; FBR Filing 20,1,1,1,1,1,1,1
blogs/tax-consultant-samanabad-block-a-lahore,blog,57,198,890,Best Tax Consultant in Samanabad Block A; Lahore — Income Tax; NTN &amp; FBR Fil,1,1,1,1,1,1,1
blogs/tax-consultant-samanabad-block-b-lahore,blog,57,198,890,Best Tax Consultant in Samanabad Block B; Lahore — Income Tax; NTN &amp; FBR Fil,1,1,1,1,1,1,1
blogs/tax-consultant-samanabad-block-c-lahore,blog,57,186,951,Best Tax Consultant in Samanabad Block C; Lahore — Income Tax; NTN &amp; FBR Fil,1,1,1,1,1,1,1
blogs/tax-consultant-samanabad-block-d-lahore,blog,57,198,890,Best Tax Consultant in Samanabad Block D; Lahore — Income Tax; NTN &amp; FBR Fil,1,1,1,1,1,1,1
blogs/tax-consultant-samanabad-block-e-lahore,blog,57,186,951,Best Tax Consultant in Samanabad Block E; Lahore — Income Tax; NTN &amp; FBR Fil,1,1,1,1,1,1,1
blogs/tax-consultant-samanabad-block-f-lahore,blog,57,186,951,Best Tax Consultant in Samanabad Block F; Lahore — Income Tax; NTN &amp; FBR Fil,1,1,1,1,1,1,1
blogs/tax-consultant-samanabad-block-g-lahore,blog,57,186,951,Best Tax Consultant in Samanabad Block G; Lahore — Income Tax; NTN &amp; FBR Fil,1,1,1,1,1,1,1
blogs/tax-consultant-samanabad-block-h-lahore,blog,57,186,951,Best Tax Consultant in Samanabad Block H; Lahore — Income Tax; NTN &amp; FBR Fil,1,1,1,1,1,1,1
blogs/tax-consultant-samanabad-block-j-lahore,blog,57,186,951,Best Tax Consultant in Samanabad Block J; Lahore — Income Tax; NTN &amp; FBR Fil,1,1,1,1,1,1,1
blogs/tax-consultant-samanabad-faisalabad,blog,48,143,918,Best Tax Consultant in Samanabad Faisalabad,1,1,1,1,1,1,1
blogs/tax-consultant-samanabad-lahore-area,blog,44,165,952,Best Tax Consultant in Samanabad Lahore,1,1,1,1,1,1,1
blogs/tax-consultant-sambrial,blog,49,164,701,Best Tax Consultant in Sambrial 2026 - Online FBR Filing,1,1,1,1,1,1,1
blogs/tax-consultant-sammundri,blog,50,168,701,Best Tax Consultant in Sammundri 2026 - Online FBR Filing,1,1,1,1,1,1,1
blogs/tax-consultant-samnabad-lahore,blog,43,165,548,Best Tax Consultant in Samnabad Lahore 2026,1,1,1,1,1,1,1
blogs/tax-consultant-sanda-lahore,blog,60,165,554,Best Tax Consultant in Sanda Lahore 2026,1,1,1,1,1,1,1
blogs/tax-consultant-sanghar,blog,55,184,822,Best Tax Consultant in Sanghar — Income Tax; NTN &amp; FBR Filing 2026,1,1,1,1,1,1,1
blogs/tax-consultant-sanghar-city,blog,55,165,917,Best Tax Consultant in Sanghar,1,1,1,1,1,1,1
blogs/tax-consultant-sargodha,blog,57,186,642,Tax Consultant in SargodhaNTN; Income Tax & Sales Tax Filing Services,1,1,1,1,1,1,1
blogs/tax-consultant-sargodha-cantt,blog,42,165,918,Best Tax Consultant in Cantt Sargodha,1,1,1,1,1,1,1
blogs/tax-consultant-sargodha-lyon-colony,blog,48,165,526,Best Tax Consultant in Lyon Colony Sargodha 2026,1,1,1,1,1,1,1
blogs/tax-consultant-sargodha-road-fsd-faisalabad,blog,52,165,531,Best Tax Consultant in Sargodha Road Faisalabad 2026,1,1,1,1,1,1,1
blogs/tax-consultant-sargodha-university-road,blog,58,165,527,Best Tax Consultant in University Road Sargodha 2026,1,1,1,1,1,1,1
blogs/tax-consultant-sariab-road-quetta,blog,46,141,936,Best Tax Consultant in Sariab Road Quetta,1,1,1,1,1,1,1
blogs/tax-consultant-satellite-town-gujranwala,blog,53,148,936,Best Tax Consultant in Satellite Town Gujranwala,1,1,1,1,1,1,1
blogs/tax-consultant-satellite-town-quetta,blog,49,144,936,Best Tax Consultant in Satellite Town Quetta,1,1,1,1,1,1,1
blogs/tax-consultant-satellite-town-rawalpindi,blog,53,148,936,Best Tax Consultant in Satellite Town Rawalpindi,1,1,1,1,1,1,1
blogs/tax-consultant-scheme-33-karachi,blog,45,140,922,Best Tax Consultant in Scheme 33 Karachi,1,1,1,1,1,1,1
blogs/tax-consultant-scheme-45-karachi,blog,45,140,922,Best Tax Consultant in Scheme 45 Karachi,1,1,1,1,1,1,1
blogs/tax-consultant-seaview-karachi,blog,44,165,529,Best Tax Consultant in Sea View Karachi 2026,1,1,1,1,1,1,1
blogs/tax-consultant-sector-c-bahria-lahore,blog,58,0,909,Best Tax Consultant in Sector C Bahria Town; Lahore — Income Tax; NTN &amp; FBR ,1,1,1,1,1,1,1
blogs/tax-consultant-sector-e-bahria-lahore,blog,58,0,909,Best Tax Consultant in Sector E Bahria Town; Lahore — Income Tax; NTN &amp; FBR ,1,1,1,1,1,1,1
blogs/tax-consultant-sector-f-bahria-lahore,blog,58,0,909,Best Tax Consultant in Sector F Bahria Town; Lahore — Income Tax; NTN &amp; FBR ,1,1,1,1,1,1,1
blogs/tax-consultant-sehwan,blog,47,163,701,Best Tax Consultant in Sehwan 2026 - Online FBR Filing,1,1,1,1,1,1,1
blogs/tax-consultant-shad-bagh-lahore,blog,44,165,563,Best Tax Consultant in Shad Bagh Lahore 2026,1,1,1,1,1,1,1
blogs/tax-consultant-shad-bagh-west-lahore,blog,58,195,909,Best Tax Consultant in Shad Bagh West; Lahore — Income Tax; NTN &amp; FBR Filing,1,1,1,1,1,1,1
blogs/tax-consultant-shadbagh-east-lahore,blog,48,165,559,Best Tax Consultant in Shadbagh East Lahore 2026,1,1,1,1,1,1,1
blogs/tax-consultant-shadman-colony-lahore,blog,58,195,633,Best Tax Consultant in Shadman Colony; Lahore — Income Tax; NTN &amp; FBR Filing,1,1,1,1,1,1,1
blogs/tax-consultant-shadman-lahore,blog,59,188,616,Best Tax Consultant in Shadman; Lahore — Income Tax; NTN &amp; FBR Filing 2026,1,1,1,1,1,1,1
blogs/tax-consultant-shadman-lahore-area,blog,42,165,952,Best Tax Consultant in Shadman Lahore,1,1,1,1,1,1,1
blogs/tax-consultant-shafiqabad-lahore,blog,54,191,873,Best Tax Consultant in Shafiqabad; Lahore — Income Tax; NTN &amp; FBR Filing 202,1,1,1,1,1,1,1
blogs/tax-consultant-shah-alam-market-lahore,blog,56,197,908,Best Tax Consultant in Shah Alam Market; Lahore — Income Tax; NTN &amp; FBR Fili,1,1,1,1,1,1,1
blogs/tax-consultant-shah-faisal-colony-karachi,blog,54,149,954,Best Tax Consultant in Shah Faisal Colony Karachi,1,1,1,1,1,1,1
blogs/tax-consultant-shah-latif-town-karachi,blog,51,146,954,Best Tax Consultant in Shah Latif Town Karachi,1,1,1,1,1,1,1
blogs/tax-consultant-shah-rukn-e-alam-multan,blog,51,146,937,Best Tax Consultant in Shah Rukn-e-Alam Multan,1,1,1,1,1,1,1
blogs/tax-consultant-shahabpura-sialkot,blog,46,165,519,Best Tax Consultant in Shahabpura Sialkot 2026,1,1,1,1,1,1,1
blogs/tax-consultant-shahdadkot,blog,51,164,701,Best Tax Consultant in Shahdadkot 2026 - Online FBR Filing,1,1,1,1,1,1,1
blogs/tax-consultant-shahdadpur,blog,51,166,701,Best Tax Consultant in Shahdadpur 2026 - Online FBR Filing,1,1,1,1,1,1,1
blogs/tax-consultant-shahdara-lahore,blog,43,165,951,Best Tax Consultant in Shahdara Lahore,1,1,1,1,1,1,1
blogs/tax-consultant-shaheen-park-lahore,blog,56,181,952,Best Tax Consultant in Shaheen Park; Lahore — Income Tax; NTN &amp; FBR Filing 2,1,1,1,1,1,1,1
blogs/tax-consultant-shaheenabad-gujranwala,blog,50,165,519,Best Tax Consultant in Shaheenabad Gujranwala 2026,1,1,1,1,1,1,1
blogs/tax-consultant-shahi-bazar-hyd-hyderabad,blog,49,165,531,Best Tax Consultant in Shahi Bazar Hyderabad 2026,1,1,1,1,1,1,1
blogs/tax-consultant-shahpur,blog,55,184,822,Best Tax Consultant in Shahpur — Income Tax; NTN &amp; FBR Filing 2026,1,1,1,1,1,1,1
blogs/tax-consultant-shahrah-e-faisal-karachi,blog,52,165,520,Best Tax Consultant in Shahrah-e-Faisal Karachi 2026,1,1,1,1,1,1,1
blogs/tax-consultant-shakargarh,blog,51,166,701,Best Tax Consultant in Shakargarh 2026 - Online FBR Filing,1,1,1,1,1,1,1
blogs/tax-consultant-shalamar-lahore,blog,43,165,951,Best Tax Consultant in Shalamar Lahore,1,1,1,1,1,1,1
blogs/tax-consultant-shalimar-lahore,blog,57,198,883,Best Tax Consultant in Shalimar Town; Lahore — Income Tax; NTN &amp; FBR Filing ,1,1,1,1,1,1,1
blogs/tax-consultant-shalimar-link-road-lahore,blog,58,199,908,Best Tax Consultant in Shalimar Link Road; Lahore — Income Tax; NTN &amp; FBR Fi,1,1,1,1,1,1,1
blogs/tax-consultant-shalimar-town-lahore,blog,54,168,750,Best Tax Consultant in Shalimar Town 2026 - Online FBR Filing,1,1,1,1,1,1,1
blogs/tax-consultant-shangla,blog,55,184,822,Best Tax Consultant in Shangla — Income Tax; NTN &amp; FBR Filing 2026,1,1,1,1,1,1,1
blogs/tax-consultant-shangla-city,blog,48,159,702,Best Tax Consultant in Shangla 2026 - Online FBR Filing,1,1,1,1,1,1,1
blogs/tax-consultant-sharaqpur-lahore,blog,53,190,873,Best Tax Consultant in Sharaqpur; Lahore — Income Tax; NTN &amp; FBR Filing 2026,1,1,1,1,1,1,1
blogs/tax-consultant-sharjah-pakistanis,blog,54,165,981,Best Tax Consultant for Pakistanis in Sharjah,1,1,1,1,1,1,1
blogs/tax-consultant-shaukat-town-lahore,blog,56,0,977,Best Tax Consultant in Shaukat Town; Lahore — Income Tax; NTN &amp; Company Regi,1,1,1,1,1,1,1
blogs/tax-consultant-sheffield-pakistanis,blog,55,165,971,Best Tax Consultant for Pakistanis in Sheffield,1,1,1,1,1,1,1
blogs/tax-consultant-shehzad-town-islamabad,blog,53,170,717,Best Tax Consultant in Shehzad Town 2026 - Online FBR Filing,1,1,1,1,1,1,1
blogs/tax-consultant-sheikhupura,blog,55,197,914,Best Tax Consultant in Sheikhupura — Income Tax; NTN &amp; Company Registration ,1,1,1,1,1,1,1
blogs/tax-consultant-sheikhupura-city,blog,59,165,917,Best Tax Consultant in Sheikhupura,1,1,1,1,1,1,1
blogs/tax-consultant-sheikhupura-city-centre,blog,51,165,526,Best Tax Consultant in City Centre Sheikhupura 2026,1,1,1,1,1,1,1
blogs/tax-consultant-sheikhupura-road-lahore,blog,56,185,951,Best Tax Consultant in Sheikhupura Road; Lahore — Income Tax; NTN &amp; FBR Fili,1,1,1,1,1,1,1
blogs/tax-consultant-sheranwala-gate-lahore,blog,59,184,952,Best Tax Consultant in Sheranwala Gate; Lahore — Income Tax; NTN &amp; FBR Filin,1,1,1,1,1,1,1
blogs/tax-consultant-shershah-multan,blog,43,165,519,Best Tax Consultant in Shershah Multan 2026,1,1,1,1,1,1,1
blogs/tax-consultant-shikarpur,blog,57,186,822,Best Tax Consultant in Shikarpur — Income Tax; NTN &amp; FBR Filing 2026,1,1,1,1,1,1,1
blogs/tax-consultant-shikarpur-city,blog,57,165,917,Best Tax Consultant in Shikarpur,1,1,1,1,1,1,1
blogs/tax-consultant-shimla-hill-lahore,blog,55,180,952,Best Tax Consultant in Shimla Hill; Lahore — Income Tax; NTN &amp; FBR Filing 20,1,1,1,1,1,1,1
blogs/tax-consultant-shopkeepers-pakistan,blog,57,163,594,Tax Consultant for Shopkeepers and Small Retailers in Pakistan 2026,1,1,1,1,1,1,1
blogs/tax-consultant-shujabad,blog,49,163,701,Best Tax Consultant in Shujabad 2026 - Online FBR Filing,1,1,1,1,1,1,1
blogs/tax-consultant-sialkot,blog,56,166,747,Best Tax Consultant in Sialkot 2026 &mdash; Exports &amp; WHT,1,1,1,1,1,1,1
blogs/tax-consultant-sibi,blog,58,181,823,Best Tax Consultant in Sibi — Income Tax; NTN &amp; FBR Filing 2026,1,1,1,1,1,1,1
blogs/tax-consultant-sibi-city,blog,52,165,917,Best Tax Consultant in Sibi,1,1,1,1,1,1,1
blogs/tax-consultant-sillanwali,blog,58,187,822,Best Tax Consultant in Sillanwali — Income Tax; NTN &amp; FBR Filing 2026,1,1,1,1,1,1,1
blogs/tax-consultant-sindhi-muslim-colony-hyderabad,blog,58,140,541,Best Tax Consultant in Sindhi Muslim Colony Hyderabad 2026,1,1,1,1,1,1,1
blogs/tax-consultant-sir-syed-town-lahore,blog,57,194,909,Best Tax Consultant in Sir Syed Town; Lahore — Income Tax; NTN &amp; FBR Filing ,1,1,1,1,1,1,1
blogs/tax-consultant-site-area-karachi,blog,45,140,936,Best Tax Consultant in SITE Area Karachi,1,1,1,1,1,1,1
blogs/tax-consultant-site-industrial-karachi,blog,56,165,536,Best Tax Consultant in SITE Industrial Area Karachi 2026,1,1,1,1,1,1,1
blogs/tax-consultant-site-karachi,blog,54,0,943,Best Tax Consultant in SITE Area; Karachi — Income Tax; NTN &amp; Company Regist,1,1,1,1,1,1,1
blogs/tax-consultant-skardu,blog,54,183,822,Best Tax Consultant in Skardu — Income Tax; NTN &amp; FBR Filing 2026,1,1,1,1,1,1,1
blogs/tax-consultant-skardu-city,blog,54,165,917,Best Tax Consultant in Skardu,1,1,1,1,1,1,1
blogs/tax-consultant-soan-garden-islamabad,blog,58,199,851,Best Tax Consultant in Soan Garden; Islamabad — Income Tax; NTN &amp; FBR Filing,1,1,1,1,1,1,1
blogs/tax-consultant-sohawa,blog,54,183,822,Best Tax Consultant in Sohawa — Income Tax; NTN &amp; FBR Filing 2026,1,1,1,1,1,1,1
blogs/tax-consultant-soldier-bazaar-karachi,blog,55,170,717,Best Tax Consultant in Soldier Bazaar 2026 - Online FBR Filing,1,1,1,1,1,1,1
blogs/tax-consultant-southall-pakistanis,blog,54,165,973,Best Tax Consultant for Pakistanis in Southall,1,1,1,1,1,1,1
blogs/tax-consultant-spini-road-quetta,blog,45,165,530,Best Tax Consultant in Spini Road Quetta 2026,1,1,1,1,1,1,1
blogs/tax-consultant-state-life-housing-lahore,blog,59,0,913,Best Tax Consultant in State Life Housing Society; Lahore — Income Tax; NTN &amp,1,1,1,1,1,1,1
blogs/tax-consultant-state-life-phase-2-lahore,blog,59,195,989,Best Tax Consultant in State Life Housing Phase 2; Lahore — Income Tax; NTN &amp,1,1,1,1,1,1,1
blogs/tax-consultant-sudhnati-ajk,blog,49,160,702,Best Tax Consultant in Sudhnati 2026 - Online FBR Filing,1,1,1,1,1,1,1
blogs/tax-consultant-sui-gas-society-lahore,blog,56,0,913,Best Tax Consultant in Sui Gas Housing Society; Lahore — Income Tax; NTN &amp; F,1,1,1,1,1,1,1
blogs/tax-consultant-sujawal,blog,48,161,701,Best Tax Consultant in Sujawal 2026 - Online FBR Filing,1,1,1,1,1,1,1
blogs/tax-consultant-sukh-chain-lahore,blog,54,191,633,Best Tax Consultant in Sukh Chain; Lahore — Income Tax; NTN &amp; FBR Filing 202,1,1,1,1,1,1,1
blogs/tax-consultant-sukkur,blog,55,184,642,Tax Consultant in SukkurNTN; Income Tax & SRB Compliance,1,1,1,1,1,1,1
blogs/tax-consultant-sukkur-civil-lines,blog,46,141,936,Best Tax Consultant in Civil Lines Sukkur,1,1,1,1,1,1,1
blogs/tax-consultant-sukkur-new-city,blog,43,165,936,Best Tax Consultant in New City Sukkur,1,1,1,1,1,1,1
blogs/tax-consultant-sukkur-new-sukkur,blog,45,165,526,Best Tax Consultant in New Sukkur Sukkur 2026,1,1,1,1,1,1,1
blogs/tax-consultant-sundar-industrial-lahore,blog,57,0,906,Best Tax Consultant in Sundar Industrial Estate; Lahore — Income Tax; NTN &amp; ,1,1,1,1,1,1,1
blogs/tax-consultant-sundar-lahore,blog,41,165,951,Best Tax Consultant in Sundar Lahore,1,1,1,1,1,1,1
blogs/tax-consultant-sundar-road-lahore,blog,55,192,891,Best Tax Consultant in Sundar Road; Lahore — Income Tax; NTN &amp; FBR Filing 20,1,1,1,1,1,1,1
blogs/tax-consultant-superhighway-karachi,blog,53,164,529,Best Tax Consultant in Superhighway Area Karachi 2026,1,1,1,1,1,1,1
blogs/tax-consultant-surjani-town-karachi,blog,48,143,936,Best Tax Consultant in Surjani Town Karachi,1,1,1,1,1,1,1
blogs/tax-consultant-susan-road-faisalabad,blog,49,144,936,Best Tax Consultant in Susan Road Faisalabad,1,1,1,1,1,1,1
blogs/tax-consultant-swabi,blog,59,182,823,Best Tax Consultant in Swabi — Income Tax; NTN &amp; FBR Filing 2026,1,1,1,1,1,1,1
blogs/tax-consultant-swabi-city,blog,53,165,917,Best Tax Consultant in Swabi,1,1,1,1,1,1,1
blogs/tax-consultant-swat,blog,53,190,915,Best Tax Consultant in Swat — Income Tax; NTN &amp; Company Registration 2026,1,1,1,1,1,1,1
blogs/tax-consultant-swat-mingora-road,blog,45,165,526,Best Tax Consultant in Mingora Road Swat 2026,1,1,1,1,1,1,1
blogs/tax-consultant-sydney-pakistanis,blog,59,143,979,Best Tax Consultant for Pakistanis in Sydney,1,1,1,1,1,1,1
blogs/tax-consultant-tajpura-lahore,blog,59,188,874,Best Tax Consultant in Tajpura; Lahore — Income Tax; NTN &amp; FBR Filing 2026,1,1,1,1,1,1,1
blogs/tax-consultant-talagang,blog,49,164,701,Best Tax Consultant in Talagang 2026 - Online FBR Filing,1,1,1,1,1,1,1
blogs/tax-consultant-tandlianwala,blog,53,171,701,Best Tax Consultant in Tandlianwala 2026 - Online FBR Filing,1,1,1,1,1,1,1
blogs/tax-consultant-tando-adam,blog,58,187,843,Best Tax Consultant in Tando Adam — Income Tax; NTN &amp; FBR Filing 2026,1,1,1,1,1,1,1
blogs/tax-consultant-tando-adam-city,blog,58,165,941,Best Tax Consultant in Tando Adam,1,1,1,1,1,1,1
blogs/tax-consultant-tando-allahyar,blog,58,191,842,Best Tax Consultant in Tando Allahyar — Income Tax; NTN &amp; FBR Filing 2026,1,1,1,1,1,1,1
blogs/tax-consultant-tando-allahyar-city,blog,42,165,939,Best Tax Consultant in Tando Allahyar,1,1,1,1,1,1,1
blogs/tax-consultant-tando-road-hyderabad,blog,48,165,530,Best Tax Consultant in Tando Road Hyderabad 2026,1,1,1,1,1,1,1
blogs/tax-consultant-tank,blog,58,181,823,Best Tax Consultant in Tank — Income Tax; NTN &amp; FBR Filing 2026,1,1,1,1,1,1,1
blogs/tax-consultant-tank-city,blog,52,165,917,Best Tax Consultant in Tank,1,1,1,1,1,1,1
blogs/tax-consultant-tariq-road-karachi,blog,51,166,717,Best Tax Consultant in Tariq Road 2026 - Online FBR Filing,1,1,1,1,1,1,1
blogs/tax-consultant-tarlai-islamabad,blog,44,165,918,Best Tax Consultant in Tarlai Islamabad,1,1,1,1,1,1,1
blogs/tax-consultant-tauheed-block-bahria-lahore,blog,58,0,926,Best Tax Consultant in Tauheed Block Bahria Town; Lahore — Income Tax; NTN &amp;,1,1,1,1,1,1,1
blogs/tax-consultant-taunsa-sharif,blog,57,165,623,Best Tax Consultant in Taunsa Sharif Dera Ghazi Khan 2026,1,1,1,1,1,1,1
blogs/tax-consultant-taxali-gate-lahore,blog,55,180,952,Best Tax Consultant in Taxali Gate; Lahore — Income Tax; NTN &amp; FBR Filing 20,1,1,1,1,1,1,1
blogs/tax-consultant-taxila,blog,54,183,822,Best Tax Consultant in Taxila — Income Tax; NTN &amp; FBR Filing 2026,1,1,1,1,1,1,1
blogs/tax-consultant-taxila-rawalpindi,blog,45,140,918,Best Tax Consultant in Taxila Rawalpindi,1,1,1,1,1,1,1
blogs/tax-consultant-teachers-pakistan,blog,44,181,655,Tax Consultant for Teachers in Pakistan 2026,1,1,1,1,1,1,1
blogs/tax-consultant-temple-road-lahore,blog,55,180,952,Best Tax Consultant in Temple Road; Lahore — Income Tax; NTN &amp; FBR Filing 20,1,1,1,1,1,1,1
blogs/tax-consultant-tharparkar,blog,59,196,915,Best Tax Consultant in Tharparkar — Income Tax; NTN &amp; Company Registration 2,1,1,1,1,1,1,1
blogs/tax-consultant-thatta,blog,54,183,822,Best Tax Consultant in Thatta — Income Tax; NTN &amp; FBR Filing 2026,1,1,1,1,1,1,1
blogs/tax-consultant-thatta-city,blog,54,165,917,Best Tax Consultant in Thatta,1,1,1,1,1,1,1
blogs/tax-consultant-thokar-niaz-baig-lahore,blog,57,171,765,Best Tax Consultant in Thokar Niaz Baig 2026 - Online FBR Filing,1,1,1,1,1,1,1
blogs/tax-consultant-thokar-niaz-baig-road-lahore,blog,59,190,991,Best Tax Consultant in Near Thokar Niaz Baig; Lahore — Income Tax; NTN &amp; FBR,1,1,1,1,1,1,1
blogs/tax-consultant-timber-market-karachi,blog,49,144,936,Best Tax Consultant in Timber Market Karachi,1,1,1,1,1,1,1
blogs/tax-consultant-timber-market-lahore,blog,57,194,891,Best Tax Consultant in Timber Market; Lahore — Income Tax; NTN &amp; FBR Filing ,1,1,1,1,1,1,1
blogs/tax-consultant-timergara,blog,50,167,703,Best Tax Consultant in Timergara 2026 - Online FBR Filing,1,1,1,1,1,1,1
blogs/tax-consultant-toba-tek-singh,blog,58,200,956,Best Tax Consultant in Toba Tek Singh — Income Tax; NTN &amp; Company Registrati,1,1,1,1,1,1,1
blogs/tax-consultant-toba-tek-singh-city,blog,42,165,963,Best Tax Consultant in Toba Tek Singh,1,1,1,1,1,1,1
blogs/tax-consultant-topi,blog,58,181,823,Best Tax Consultant in Topi — Income Tax; NTN &amp; FBR Filing 2026,1,1,1,1,1,1,1
blogs/tax-consultant-toronto-pakistanis,blog,57,141,977,Best Tax Consultant for Pakistanis in Toronto,1,1,1,1,1,1,1
blogs/tax-consultant-township-sector-a-lahore,blog,57,186,951,Best Tax Consultant in Township Sector A; Lahore — Income Tax; NTN &amp; FBR Fil,1,1,1,1,1,1,1
blogs/tax-consultant-township-sector-b1-lahore,blog,58,199,902,Best Tax Consultant in Township Sector B1; Lahore — Income Tax; NTN &amp; FBR Fi,1,1,1,1,1,1,1
blogs/tax-consultant-township-sector-b2-lahore,blog,58,199,643,Best Tax Consultant in Township Sector B2; Lahore — Income Tax; NTN &amp; FBR Fi,1,1,1,1,1,1,1
blogs/tax-consultant-township-sector-c-lahore,blog,57,198,890,Best Tax Consultant in Township Sector C; Lahore — Income Tax; NTN &amp; FBR Fil,1,1,1,1,1,1,1
blogs/tax-consultant-township-sector-d-lahore,blog,57,186,951,Best Tax Consultant in Township Sector D; Lahore — Income Tax; NTN &amp; FBR Fil,1,1,1,1,1,1,1
blogs/tax-consultant-traders-pakistan,blog,56,169,576,Tax Consultant for Traders in Pakistan 2026,1,1,1,1,1,1,1
blogs/tax-consultant-trust-colony-gujranwala,blog,51,165,530,Best Tax Consultant in Trust Colony Gujranwala 2026,1,1,1,1,1,1,1
blogs/tax-consultant-tulamba,blog,55,184,822,Best Tax Consultant in Tulamba — Income Tax; NTN &amp; FBR Filing 2026,1,1,1,1,1,1,1
blogs/tax-consultant-tulip-block-bahria-lahore,blog,56,0,926,Best Tax Consultant in Tulip Block Bahria Town; Lahore — Income Tax; NTN &amp; F,1,1,1,1,1,1,1
blogs/tax-consultant-turbat,blog,54,183,822,Best Tax Consultant in Turbat — Income Tax; NTN &amp; FBR Filing 2026,1,1,1,1,1,1,1
blogs/tax-consultant-turbat-city,blog,54,165,917,Best Tax Consultant in Turbat,1,1,1,1,1,1,1
blogs/tax-consultant-uch-sharif,blog,58,187,843,Best Tax Consultant in Uch Sharif — Income Tax; NTN &amp; FBR Filing 2026,1,1,1,1,1,1,1
blogs/tax-consultant-uet-housing-society-lahore,blog,59,0,899,Best Tax Consultant in UET Housing Society; Lahore — Income Tax; NTN &amp; FBR F,1,1,1,1,1,1,1
blogs/tax-consultant-umerkot,blog,55,184,822,Best Tax Consultant in Umerkot — Income Tax; NTN &amp; FBR Filing 2026,1,1,1,1,1,1,1
blogs/tax-consultant-umerkot-city,blog,55,165,917,Best Tax Consultant in Umerkot,1,1,1,1,1,1,1
blogs/tax-consultant-unit-1-hyd-hyderabad,blog,44,165,520,Best Tax Consultant in Unit 1 Hyderabad 2026,1,1,1,1,1,1,1
blogs/tax-consultant-unit-6-hyd-hyderabad,blog,44,165,520,Best Tax Consultant in Unit 6 Hyderabad 2026,1,1,1,1,1,1,1
blogs/tax-consultant-unit-9-hyd-hyderabad,blog,44,165,520,Best Tax Consultant in Unit 9 Hyderabad 2026,1,1,1,1,1,1,1
blogs/tax-consultant-university-road-sargodha,blog,52,147,936,Best Tax Consultant in University Road Sargodha,1,1,1,1,1,1,1
blogs/tax-consultant-university-town-peshawar,blog,52,147,936,Best Tax Consultant in University Town Peshawar,1,1,1,1,1,1,1
blogs/tax-consultant-upper-dir,blog,50,161,716,Best Tax Consultant in Upper Dir 2026 - Online FBR Filing,1,1,1,1,1,1,1
blogs/tax-consultant-upper-mall-lahore,blog,45,165,563,Best Tax Consultant in Upper Mall Lahore 2026,1,1,1,1,1,1,1
blogs/tax-consultant-urdu-bazaar-lahore,blog,55,192,891,Best Tax Consultant in Urdu Bazaar; Lahore — Income Tax; NTN &amp; FBR Filing 20,1,1,1,1,1,1,1
blogs/tax-consultant-valencia-block-a-lahore,blog,56,185,951,Best Tax Consultant in Valencia Block A; Lahore — Income Tax; NTN &amp; FBR Fili,1,1,1,1,1,1,1
blogs/tax-consultant-valencia-block-b-lahore,blog,56,185,951,Best Tax Consultant in Valencia Block B; Lahore — Income Tax; NTN &amp; FBR Fili,1,1,1,1,1,1,1
blogs/tax-consultant-valencia-block-c-lahore,blog,56,185,951,Best Tax Consultant in Valencia Block C; Lahore — Income Tax; NTN &amp; FBR Fili,1,1,1,1,1,1,1
blogs/tax-consultant-valencia-block-d-lahore,blog,56,185,951,Best Tax Consultant in Valencia Block D; Lahore — Income Tax; NTN &amp; FBR Fili,1,1,1,1,1,1,1
blogs/tax-consultant-valencia-block-e-lahore,blog,56,185,951,Best Tax Consultant in Valencia Block E; Lahore — Income Tax; NTN &amp; FBR Fili,1,1,1,1,1,1,1
blogs/tax-consultant-valencia-block-f-lahore,blog,56,185,951,Best Tax Consultant in Valencia Block F; Lahore — Income Tax; NTN &amp; FBR Fili,1,1,1,1,1,1,1
blogs/tax-consultant-valencia-lahore,blog,57,0,976,Best Tax Consultant in Valencia Town; Lahore — Income Tax; NTN &amp; Company Reg,1,1,1,1,1,1,1
blogs/tax-consultant-valencia-phase-2-lahore,blog,56,185,951,Best Tax Consultant in Valencia Phase 2; Lahore — Income Tax; NTN &amp; FBR Fili,1,1,1,1,1,1,1
blogs/tax-consultant-valencia-town-lahore,blog,48,143,971,Best Tax Consultant in Valencia Town Lahore,1,1,1,1,1,1,1
blogs/tax-consultant-vancouver-pakistanis,blog,59,143,978,Best Tax Consultant for Pakistanis in Vancouver,1,1,1,1,1,1,1
blogs/tax-consultant-vehari,blog,55,192,915,Best Tax Consultant in Vehari — Income Tax; NTN &amp; Company Registration 2026,1,1,1,1,1,1,1
blogs/tax-consultant-vehari-city,blog,54,165,917,Best Tax Consultant in Vehari,1,1,1,1,1,1,1
blogs/tax-consultant-vehari-road-multan,blog,46,165,530,Best Tax Consultant in Vehari Road Multan 2026,1,1,1,1,1,1,1
blogs/tax-consultant-wah-cantt,blog,57,186,843,Best Tax Consultant in Wah Cantt — Income Tax; NTN &amp; FBR Filing 2026,1,1,1,1,1,1,1
blogs/tax-consultant-wah-cantt-rawalpindi,blog,48,143,936,Best Tax Consultant in Wah Cantt Rawalpindi,1,1,1,1,1,1,1
blogs/tax-consultant-wahdat-road-lahore,blog,46,165,563,Best Tax Consultant in Wahdat Road Lahore 2026,1,1,1,1,1,1,1
blogs/tax-consultant-walled-city-lahore,blog,46,165,563,Best Tax Consultant in Walled City Lahore 2026,1,1,1,1,1,1,1
blogs/tax-consultant-walton-lahore,blog,41,165,952,Best Tax Consultant in Walton Lahore,1,1,1,1,1,1,1
blogs/tax-consultant-walton-road-lahore,blog,55,180,952,Best Tax Consultant in Walton Road; Lahore — Income Tax; NTN &amp; FBR Filing 20,1,1,1,1,1,1,1
blogs/tax-consultant-wapda-city-multan,blog,54,0,944,Best Tax Consultant in Wapda City; Multan — Income Tax; NTN &amp; Company Regist,1,1,1,1,1,1,1
blogs/tax-consultant-wapda-officers-colony-lahore,blog,59,190,971,Best Tax Consultant in WAPDA Officers Colony; Lahore — Income Tax; NTN &amp; FBR,1,1,1,1,1,1,1
blogs/tax-consultant-wapda-town-gujranwala,blog,49,144,936,Best Tax Consultant in Wapda Town Gujranwala,1,1,1,1,1,1,1
blogs/tax-consultant-wapda-town-lahore-lahore,blog,45,165,560,Best Tax Consultant in Wapda Town Lahore 2026,1,1,1,1,1,1,1
blogs/tax-consultant-wapda-town-phase-1-lahore,blog,58,199,650,Best Tax Consultant in Wapda Town Phase 1; Lahore — Income Tax; NTN &amp; FBR Fi,1,1,1,1,1,1,1
blogs/tax-consultant-wapda-town-phase-2-lahore,blog,58,199,908,Best Tax Consultant in Wapda Town Phase 2; Lahore — Income Tax; NTN &amp; FBR Fi,1,1,1,1,1,1,1
blogs/tax-consultant-war-memorial-faisalabad,blog,59,200,851,Best Tax Consultant in Ghanta Ghar; Faisalabad — Income Tax; NTN &amp; FBR Filin,1,1,1,1,1,1,1
blogs/tax-consultant-warsak-road-peshawar,blog,48,165,530,Best Tax Consultant in Warsak Road Peshawar 2026,1,1,1,1,1,1,1
blogs/tax-consultant-washington-dc-pakistanis,blog,60,144,985,Best Tax Consultant for Pakistanis in Washington DC,1,1,1,1,1,1,1
blogs/tax-consultant-washuk,blog,47,166,701,Best Tax Consultant in Washuk 2026 - Online FBR Filing,1,1,1,1,1,1,1
blogs/tax-consultant-wazirabad,blog,50,168,701,Best Tax Consultant in Wazirabad 2026 - Online FBR Filing,1,1,1,1,1,1,1
blogs/tax-consultant-westridge-rawalpindi,blog,48,143,918,Best Tax Consultant in Westridge Rawalpindi,1,1,1,1,1,1,1
blogs/tax-consultant-yakki-gate-lahore,blog,54,179,952,Best Tax Consultant in Yakki Gate; Lahore — Income Tax; NTN &amp; FBR Filing 202,1,1,1,1,1,1,1
blogs/tax-consultant-yazman,blog,47,165,701,Best Tax Consultant in Yazman 2026 - Online FBR Filing,1,1,1,1,1,1,1
blogs/tax-consultant-younas-colony-lahore,blog,48,165,559,Best Tax Consultant in Younas Colony Lahore 2026,1,1,1,1,1,1,1
blogs/tax-consultant-zafar-ali-road-lahore,blog,58,183,972,Best Tax Consultant in Zafar Ali Road; Lahore — Income Tax; NTN &amp; FBR Filing,1,1,1,1,1,1,1
blogs/tax-consultant-zafarwal,blog,49,164,701,Best Tax Consultant in Zafarwal 2026 - Online FBR Filing,1,1,1,1,1,1,1
blogs/tax-consultant-zahoor-elahi-road-lahore,blog,57,0,899,Best Tax Consultant in Zahoor Elahi Road; Lahore — Income Tax; NTN &amp; FBR Fil,1,1,1,1,1,1,1
blogs/tax-consultant-zamzama-karachi,blog,43,165,519,Best Tax Consultant in Zamzama Karachi 2026,1,1,1,1,1,1,1
blogs/tax-consultant-zarghoon-road-quetta,blog,48,165,530,Best Tax Consultant in Zarghoon Road Quetta 2026,1,1,1,1,1,1,1
blogs/tax-consultant-zero-point-islamabad,blog,48,165,530,Best Tax Consultant in Zero Point Islamabad 2026,1,1,1,1,1,1,1
blogs/tax-consultant-zhob,blog,58,181,823,Best Tax Consultant in Zhob — Income Tax; NTN &amp; FBR Filing 2026,1,1,1,1,1,1,1
blogs/tax-consultant-zhob-city,blog,52,165,917,Best Tax Consultant in Zhob,1,1,1,1,1,1,1
blogs/tax-consultant-ziarat,blog,47,166,701,Best Tax Consultant in Ziarat 2026 - Online FBR Filing,1,1,1,1,1,1,1
blogs/tax-filing-pensioners-pakistan,blog,49,196,709,Income Tax Return for Pensioners in Pakistan 2026,1,1,1,1,1,1,1
blogs/tax-for-commission-agents-pakistan,blog,57,159,547,Tax for Commission Agents in Pakistan 2026 - Commission Income Tax,1,1,1,1,1,1,1
blogs/tax-for-contractors-pakistan-2026,blog,56,164,562,Tax for Contractors and Sub-Contractors in Pakistan 2026,1,1,1,1,1,1,1
blogs/tax-for-doctors-pakistan-2026,blog,58,165,642,Tax for Doctors in Pakistan 2026 — Income Tax Filing Guide,1,1,1,1,1,1,1
blogs/tax-for-ecommerce-sellers-pakistan,blog,53,165,618,Tax for E-Commerce Sellers in Pakistan 2026 — Daraz Amazon Guide,1,1,1,1,1,1,1
blogs/tax-for-engineers-pakistan-2026,blog,59,165,638,Tax for Engineers in Pakistan 2026 — Professional Tax Guide,1,1,1,1,1,1,1
blogs/tax-for-farmers-agriculture-pakistan,blog,55,167,589,Income Tax for Farmers and Agriculture in Pakistan 2026,1,1,1,1,1,1,1
blogs/tax-for-freelancers-guide-pakistan,blog,59,165,621,Complete Tax Guide for Freelancers in Pakistan 2026 — FBR Filing,1,1,1,1,1,1,1
blogs/tax-for-housewives-homemakers-pakistan,blog,50,147,587,Tax for Housewives and Homemakers in Pakistan 2026,1,1,1,1,1,1,1
blogs/tax-for-it-professionals-pakistan,blog,55,165,636,Tax for IT Professionals in Pakistan 2026 — Developer &amp; Tech Tax,1,1,1,1,1,1,1
blogs/tax-for-lawyers-pakistan-2026,blog,59,165,641,Tax for Lawyers in Pakistan 2026 — Legal Professional Tax Guide,1,1,1,1,1,1,1
blogs/tax-for-property-investors-pakistan-2026,blog,56,163,747,Tax for Property Investors in Pakistan 2026 - Buy Sell and Rent Tax,1,1,1,1,1,1,1
blogs/tax-for-smes-pakistan-2026,blog,56,165,641,Tax for SMEs in Pakistan 2026 — Small Business Tax Guide,1,1,1,1,1,1,1
blogs/tax-for-social-media-influencers-pakistan,blog,46,165,633,Tax for Social Media Influencers Pakistan 2026,1,1,1,1,1,1,1
blogs/tax-for-startups-pakistan-2026,blog,54,165,638,Tax for Startups in Pakistan 2026 — FBR Registration &amp; Incentives,1,1,1,1,1,1,1
blogs/tax-for-stock-investors-pakistan-2026,blog,59,164,835,Tax for Stock Market Investors in Pakistan 2026 - CGT and Dividend Tax,1,1,1,1,1,1,1
blogs/tax-for-teachers-pakistan-2026,blog,56,165,644,Tax for Teachers in Pakistan 2026 — 25% Tax Credit Guide,1,1,1,1,1,1,1
blogs/tax-for-transporters-pakistan-2026,blog,54,147,563,Tax for Transporters and Truck Owners in Pakistan 2026,1,1,1,1,1,1,1
blogs/tax-for-youtube-content-creators-pakistan-2026,blog,53,166,579,Tax for YouTube Content Creators in Pakistan 2026 - AdSense Income Tax,1,1,1,1,1,1,1
blogs/tax-for-youtubers-pakistan-2026,blog,57,165,639,Tax for YouTubers in Pakistan 2026 — YouTube Income Tax Guide,1,1,1,1,1,1,1
blogs/tax-on-agriculture-income-pakistan,blog,57,165,630,Tax on Agriculture Income in Pakistan 2026 — Provincial Guide,1,1,1,1,1,1,1
blogs/tax-on-bank-profit-pakistan,blog,57,175,571,Tax on Bank Profit in Pakistan 2026Profit on Debt Withholding Tax Guide,1,1,1,1,1,1,1
blogs/tax-on-bank-profit-pakistan-2026,blog,55,151,750,Tax on Bank Profit in Pakistan 2026 - Savings Account Interest Tax,1,1,1,1,1,1,1
blogs/tax-on-bonus-income-pakistan,blog,57,165,641,Tax on Bonus Income Pakistan 2026 — How Bonuses Are Taxed,1,1,1,1,1,1,1
blogs/tax-on-car-purchase-pakistan,blog,54,165,638,Advance Tax on Car Purchase Pakistan 2026 — Filer vs Non-Filer,1,1,1,1,1,1,1
blogs/tax-on-cryptocurrency-pakistan-2026,blog,54,151,899,Tax on Cryptocurrency in Pakistan 2026 - Bitcoin and Crypto Tax Guide,1,1,1,1,1,1,1
blogs/tax-on-dividend-income-pakistan,blog,57,183,575,Tax on Dividend Income in Pakistan 2026Rates; Filer Status & Filing Guide,1,1,1,1,1,1,1
blogs/tax-on-foreign-income-pakistan,blog,54,165,632,Tax on Foreign Income in Pakistan 2026 — Resident vs Non-Resident,1,1,1,1,1,1,1
blogs/tax-on-foreign-remittance-pakistan,blog,59,175,568,Tax on Foreign Remittance Pakistan 2026Exemption Rules & Banking Channel Require,1,1,1,1,1,1,1
blogs/tax-on-foreign-remittance-pakistan-2026,blog,55,146,564,Tax on Foreign Remittance in Pakistan 2026 - Overseas Income Guide,1,1,1,1,1,1,1
blogs/tax-on-foreign-remittances-pakistan-2026,blog,40,165,629,Tax on Foreign Remittances Pakistan 2026 — Complete Guide,1,1,1,1,1,1,1
blogs/tax-on-gold-jewelry-pakistan,blog,51,165,640,Tax on Gold and Jewelry in Pakistan 2026 — Wealth Statement Guide,1,1,1,1,1,1,1
blogs/tax-on-inheritance-pakistan,blog,49,163,636,Tax on Inheritance Pakistan 2026Rules; Exemptions & Filing Guide,1,1,1,1,1,1,1
blogs/tax-on-prize-bonds-pakistan-2026,blog,56,178,661,Tax on Prize Bonds Pakistan 2026 - WHT on Winnings Guide,1,1,1,1,1,1,1
blogs/tax-on-property-sale-pakistan-2026,blog,58,0,750,Tax on Property Sale Pakistan 2026Capital Gains Tax Rates; FBR Rules & How to De,1,1,1,1,1,1,1
blogs/tax-on-rental-income-pakistan-2026,blog,55,165,623,Tax on Rental Income Pakistan 2026 — Landlord Tax Guide,1,1,1,1,1,1,1
blogs/tax-on-salary-pakistan-2026,blog,57,182,742,Tax on Salary Pakistan 2026Complete Guide for Salaried Persons,1,1,1,1,1,1,1
blogs/tax-on-savings-certificates-pakistan-2026,blog,50,172,635,Tax on National Savings Certificates Pakistan 2026,1,1,1,1,1,1,1
blogs/tax-on-shares-pakistan-2026,blog,47,164,634,Tax on Shares and Stock Market in Pakistan 2026,1,1,1,1,1,1,1
blogs/tax-on-software-exports-pakistan,blog,59,165,619,Tax on Software Exports Pakistan 2026 — IT Export Tax Guide,1,1,1,1,1,1,1
blogs/tax-on-vehicle-registration-pakistan,blog,57,164,571,Tax on Vehicle Registration Pakistan 2026Token Tax; 231B Advance Tax & Transfer ,1,1,1,1,1,1,1
blogs/tax-planning-tips-pakistan-2026,blog,54,165,994,Tax Planning Tips for Pakistan 2026 - How to Legally Reduce Tax,1,1,1,1,1,1,1
blogs/tax-refund-pakistan-2026,blog,58,178,688,Tax Refund Pakistan 2026How to Claim Your FBR Income Tax Refund,1,1,1,1,1,1,1
blogs/tax-return-deadline-extension-2026,blog,47,165,622,FBR Tax Return Deadline Extension Pakistan 2026,1,1,1,1,1,1,1
blogs/tax-return-for-freelancers-2026,blog,58,165,629,Tax Return for Freelancers Pakistan 2026 — Fiverr Upwork Guide,1,1,1,1,1,1,1
blogs/tax-return-salaried-employee-pakistan,blog,59,171,719,Tax Return for Salaried Employees in Pakistan 2026 — Complete IRIS Guide,1,1,1,1,1,1,1
blogs/tax-saving-tips-pakistan-2026,blog,53,165,854,Tax Saving Tips Pakistan 2026Legal Ways to Reduce Your Tax Bill,1,1,1,1,1,1,1
blogs/token-tax-pakistan-2026,blog,52,178,582,Token Tax Pakistan 2026 - Vehicle Registration Tax Complete Guide,1,1,1,1,1,1,1
blogs/turnover-tax-pakistan-2026,blog,52,164,636,Turnover Tax Pakistan 2026 — Minimum Tax Section 113,1,1,1,1,1,1,1
blogs/types-of-fbr-notices-pakistan,blog,37,165,690,Types of FBR Notices in Pakistan 2026 - Complete Guide,1,1,1,1,1,1,1
blogs/wealth-statement-guide-pakistan-2026,blog,56,167,903,Wealth Statement Pakistan 2026 - Complete Filing Guide,1,1,1,1,1,1,1
blogs/wht-on-dividends-pakistan-2026,blog,58,165,576,Withholding Tax on Dividends Pakistan 2026 — Section 150 Guide,1,1,1,1,1,1,1
blogs/wht-rate-filer-non-filer-pakistan,blog,47,165,567,WHT Rates — Filer vs Non-Filer in Pakistan 2026,1,1,1,1,1,1,1
blogs/why-kamboh-associates-best-tax-consultant-pakistan,blog,54,174,1101,Why 697+ Clients Trust Kamboh Associates — Pakistan's Top-Rated Tax Consultant,1,1,1,1,1,1,1
blogs/withholding-agent-responsibilities-pakistan,blog,56,165,573,Withholding Agent Responsibilities Pakistan 2026 — FBR Compliance,1,1,1,1,1,1,1
blogs/withholding-tax-agent-registration-pakistan,blog,48,166,618,Withholding Tax Agent Registration Pakistan 2026 - Complete Guide,1,1,1,1,1,1,1
blogs/withholding-tax-on-contracts-pakistan,blog,54,165,570,Withholding Tax on Contracts Pakistan 2026 — Section 153(1)(a),1,1,1,1,1,1,1
blogs/withholding-tax-on-services-pakistan,blog,57,165,578,Withholding Tax on Services Pakistan 2026 — Section 153 Guide,1,1,1,1,1,1,1
blogs/withholding-tax-pakistan-2026,blog,54,164,837,Withholding Tax in Pakistan 2026 - Rates for Filers & Non-Filers,1,1,1,1,1,1,1
blogs/withholding-tax-rates-pakistan-2026,blog,58,168,763,Withholding Tax Rates Pakistan 2026Complete FBR WHT Table for All Transactions,1,1,1,1,1,1,1
brand-name-registration-guide-pakistan,service,47,152,1076,Brand Name Registration Guide Pakistan 2026,1,1,1,1,1,1,1
business-advisory,service,41,147,309,Business Advisory & Tax Planning,1,1,1,1,1,1,1
business-compliance-checklist-pakistan,service,56,165,1070,Business Compliance Checklist Pakistan 2026,1,1,1,1,1,1,1
company-registration-consultant-lahore,service,59,145,759,Company Registration Consultant Lahore,1,1,1,1,1,1,1
contact,trust,58,195,538,Contact Kamboh Associates,1,1,1,1,1,1,1
corporate-tax-consultant-lahore,other,60,165,764,Corporate Tax Consultant Lahore,1,1,1,1,1,1,1
corporate-tax-return,service,41,157,1309,Corporate Tax Return Filing &mdash; Pvt Ltd; AOP &amp; Partnership,1,1,1,1,1,1,1
creator-economy-tax-pakistan,other,57,146,857,Creator Economy Tax Pakistan 2026 &mdash; Complete Digital Creator FBR Guide,1,1,1,1,1,1,1
crypto-tax-rules-pakistan-2026,other,54,188,1114,Crypto Tax Rules Pakistan 2026 &mdash; FBR Bitcoin &amp; Digital Assets Complete,1,1,1,1,1,1,1
digital-agency-compliance-pakistan,other,58,188,894,Digital Agency Compliance Pakistan &mdash; FBR Tax; SECP &amp; IT Export Guide 2,1,1,1,1,1,1,1
digital-marketing-agency-tax-pakistan,other,54,143,1088,Digital Marketing Agency Tax Guide Pakistan 2026 &mdash; Income Tax; WHT; GST &a,1,1,1,1,1,1,1
disclaimer,other,41,169,308,Tax Advice Disclaimer,1,1,1,1,1,1,1
documents-income-tax-return-pakistan,service,52,179,1141,Documents Required for Income Tax Return Filing in Pakistan 2026 &mdash; Complet,1,1,1,1,1,1,1
dropshipping-tax-pakistan,other,57,190,1056,Dropshipping Tax Pakistan 2026 &mdash; Complete FBR Compliance & Income Declarat,1,1,1,1,1,1,1
eobi-registration,service,52,171,642,EOBI Registration &amp; Monthly Compliance Service,1,1,1,1,1,1,1
eobi-registration-guide-pakistan,service,59,148,1069,EOBI Registration Guide Pakistan 2026,1,1,1,1,1,1,1
export-services-tax-exemption-pakistan,other,54,140,861,Export Services Tax Exemption Pakistan 2026 &mdash; SRO 1125 Complete Guide,1,1,1,1,1,1,1
fbr-consultant-near-me-lahore,other,54,141,762,FBR Consultant Near Me Lahore,1,1,1,1,1,1,1
fbr-notice-after-tax-return-pakistan,service,54,148,1080,FBR Notice After Tax Return Pakistan 2026,1,1,1,1,1,1,1
fbr-notice-defense,other,60,144,1343,FBR Notice Defense &amp; Response Service Pakistan,1,1,1,1,1,1,1
fbr-ntn-registration-guide,service,58,165,916,How to Become a Filer in Pakistan 2026: Complete FBR ATL Guide,1,1,1,1,1,1,1
fbr-registration-new-business-pakistan,service,52,166,1354,FBR Registration for New Business in Pakistan 2026 &mdash; NTN; STRN &amp; Tax C,1,1,1,1,1,1,1
filer-vs-nonfiler-pakistan,service,53,165,1617,Filer vs Non-Filer in Pakistan 2026: Complete Tax Rate Comparison,1,1,1,1,1,1,1
fiverr-income-tax-pakistan,service,54,140,988,Tax on Fiverr Income in Pakistan 2026 &mdash; Complete Guide for Pakistani Freel,1,1,1,1,1,1,1
fiverr-tax-guide-pakistan,other,51,173,1219,Fiverr Tax Guide Pakistan 2026 &mdash; Complete FBR Income Declaration for Fiver,1,1,1,1,1,1,1
freelancer-filer-pakistan,service,55,180,1107,How Freelancers Become Active Filers in Pakistan 2026 &mdash; Complete Tax Guide,1,1,1,1,1,1,1
freelancer-ntn-registration-pakistan,service,51,195,944,Freelancer NTN Registration Pakistan 2026 &mdash; Complete Step-by-Step IRIS Gui,1,1,1,1,1,1,1
freelancer-tax-pakistan,service,54,164,698,Freelancer Tax Filing in Pakistan — Complete FBR Guide 2026,1,1,1,1,1,1,1
freelancer-wealth-statement-guide,service,53,150,808,Freelancer Wealth Statement Guide Pakistan 2026 &mdash; FBR Complete Declaration,1,1,1,1,1,1,1
gst-calculator,calculator,50,160,329,GST / Sales TaxCalculator Pakistan 2025,1,1,1,1,1,1,1
gst-registration-lahore,service,49,144,761,GST Registration Lahore 2026,1,1,1,1,1,1,1
how-to-become-active-taxpayer-pakistan,other,57,185,2086,How to Become an Active Taxpayer in Pakistan 2026 &mdash; Complete FBR ATL Guide,1,1,1,1,1,1,1
how-to-check-atl-status-pakistan,other,54,165,1208,How to Check ATL Status Online in Pakistan 2026 &mdash; 3 Easy Methods,1,1,1,1,1,1,1
how-to-respond-to-tax-notices-pakistan,other,46,150,1067,How to Respond to Tax Notices Pakistan 2026,1,1,1,1,1,1,1
import-export-registration,service,52,162,737,Import Export Registration Pakistan &mdash; WeBOC &amp; NTN Linking,1,1,1,1,1,1,1
income-estimator,calculator,59,162,312,Income Tax EstimatorPakistan 2025â€&ldquo;26,1,1,1,1,1,1,1
income-tax-consultant-dha-lahore,service,59,165,778,Income Tax Consultant DHA Lahore,1,1,1,1,1,1,1
income-tax-filing,service,42,149,1004,Income Tax Filing Service Pakistan,1,1,1,1,1,1,1
income-tax-return-filing-cost-pakistan,service,56,174,1461,Income Tax Return Filing Cost in Pakistan 2026 &mdash; What Consultants Actually,1,1,1,1,1,1,1
income-tax-return-filing-lahore,service,58,165,767,Income Tax Return Filing Lahore 2026,1,1,1,1,1,1,1
income-tax-return-mistakes-pakistan,service,52,168,1598,10 Common Income Tax Return Mistakes to Avoid in Pakistan 2026,1,1,1,1,1,1,1
income-tax-return-pakistan,service,52,140,810,Who Should File Income Tax Return in Pakistan? Complete Guide for Lahore Taxpaye,1,1,1,1,1,1,1
index,home,56,189,3366,Pakistan's #1
        Tax Consultant,1,1,1,1,1,1,1
influencer-tax-guide-pakistan,other,53,148,835,Influencer Tax Guide Pakistan 2026 &mdash; Brand Deals; YouTube; TikTok Income,1,1,1,1,1,1,1
kpra-registration-guide-pakistan,service,48,143,1065,KPRA Registration Guide Pakistan 2026,1,1,1,1,1,1,1
logo-registration-process-pakistan,service,50,147,1081,Logo Registration Process Pakistan 2026,1,1,1,1,1,1,1
nft-tax-pakistan-2026,other,58,198,1016,NFT Tax Pakistan 2026 &mdash; FBR Income Declaration for NFT Creators & Traders,1,1,1,1,1,1,1
ntn-application-rejection-reasons-pakistan,service,48,146,1226,8 Common Reasons NTN Applications Get Rejected in Pakistan &mdash; And Exactly H,1,1,1,1,1,1,1
ntn-registration,service,49,146,1036,NTN Registration Pakistan — Same Day Service,1,1,1,1,1,1,1
ntn-registration-cost-pakistan,service,60,174,1049,NTN Registration Cost in Pakistan 2026 &mdash; FBR Portal is FREE; But Here's Wh,1,1,1,1,1,1,1
ntn-registration-gulberg-lahore,service,48,144,764,NTN Registration Services in Gulberg Lahore,1,1,1,1,1,1,1
ntn-registration-lahore,service,58,165,761,NTN Registration Lahore 2026,1,1,1,1,1,1,1
ntn-registration-time-pakistan,service,53,149,1008,How Long Does NTN Registration Take in Pakistan 2026? &mdash; Complete Timeline,1,1,1,1,1,1,1
online-business-registration-pakistan,service,55,164,1254,Online Business Registration in Pakistan 2026 &mdash; FBR; SECP &amp; STRN Compl,1,1,1,1,1,1,1
online-coaching-business-tax-pakistan,service,56,189,735,Online Coaching Business Tax Pakistan 2026 &mdash; FBR Registration &amp; Compli,1,1,1,1,1,1,1
online-course-creator-tax-pakistan,other,56,170,911,Online Course Creator Tax Pakistan 2026 &mdash; Udemy; Teachable; Thinkific FBR ,1,1,1,1,1,1,1
payoneer-tax-pakistan,other,59,187,880,Payoneer Tax Pakistan 2026 &mdash; WHT Rates; FBR Income Declaration & Wealth St,1,1,1,1,1,1,1
pra-registration-guide-pakistan,service,55,147,1074,PRA Registration Guide Pakistan 2026,1,1,1,1,1,1,1
pricing,other,53,0,1141,Service Packages &Pricing &mdash; Pakistan 2026,1,1,1,1,1,1,1
privacy,trust,34,164,311,Privacy Policy,1,1,1,1,1,1,1
regulatory-compliance-requirements-2026,other,58,174,2043,New Regulatory Compliance Requirements for Businesses in Pakistan 2026,1,1,1,1,1,1,1
remote-worker-tax-guide-pakistan,other,57,174,1103,Remote Worker Tax Guide Pakistan 2026 &mdash; FBR Rules; Salary Declaration &amp,1,1,1,1,1,1,1
rental-income-tax-calculator-pakistan,calculator,56,165,1074,Rental Income Tax Calculator Pakistan 2026,1,1,1,1,1,1,1
saas-company-tax-pakistan,service,51,147,1117,Tax Rules for SaaS Companies in Pakistan 2026 &mdash; Complete FBR Guide,1,1,1,1,1,1,1
salaried-person-tax-return-pakistan,service,53,155,1628,How Salaried Persons Can File Tax Returns Online in Pakistan 2026 &mdash; Step-b,1,1,1,1,1,1,1
salary-calculator,calculator,56,145,342,Salary CalculatorPakistan 2025â€&ldquo;26,1,1,1,1,1,1,1
sales-tax-consultant-lahore,other,58,140,764,Sales Tax Consultant Lahore 2026,1,1,1,1,1,1,1
sales-tax-registration,service,56,146,1075,Sales Tax Registration (STRN) Service,1,1,1,1,1,1,1
sales-tax-return,service,53,173,683,Monthly Sales Tax Return Filing &mdash; Never Miss the 18th,1,1,1,1,1,1,1
secp-company-registration-guide-2026,service,49,176,2362,SECP Company Registration in Pakistan 2026 &mdash; Complete Step-by-Step Guide,1,1,1,1,1,1,1
secp-vs-sole-proprietorship-pakistan,service,59,147,1286,SECP Company vs Sole Proprietorship Pakistan 2026 &mdash; Complete Comparison Gu,1,1,1,1,1,1,1
shopify-business-registration-pakistan,service,59,171,933,Shopify Business Registration Pakistan 2026 &mdash; Tax & Legal Setup Guide,1,1,1,1,1,1,1
shopify-seller-tax-pakistan,other,55,144,999,Shopify Seller Tax Guide Pakistan 2026 &mdash; Complete Compliance Handbook,1,1,1,1,1,1,1
social-security-registration-pakistan,service,59,149,1074,Social Security Registration Pakistan 2026,1,1,1,1,1,1,1
software-house-tax-pakistan,other,55,141,1101,Software House Tax Filing in Pakistan 2026 &mdash; PSEB; IT Export Exemption &am,1,1,1,1,1,1,1
srb-registration-guide-pakistan,service,54,148,1065,SRB Registration Guide Pakistan 2026,1,1,1,1,1,1,1
startup-registration-pakistan,service,53,165,1323,How to Register a Startup in Pakistan 2026 &mdash; Complete Step-by-Step Guide,1,1,1,1,1,1,1
stripe-income-tax-pakistan,service,58,182,965,Stripe Income Tax Pakistan 2026 &mdash; How to Declare; File &amp; Stay Complian,1,1,1,1,1,1,1
subscription-business-tax-pakistan,service,58,167,776,Tax on Subscription Businesses Pakistan 2026 &mdash; FBR Guide for SaaS &amp; Re,1,1,1,1,1,1,1
tax-audit-consultant-lahore,other,52,165,873,Tax Audit Consultant Lahore 2026 - FBR Audit Defence,1,1,1,1,1,1,1
tax-audit-preparation-checklist,other,45,142,1077,Tax Audit Preparation Checklist Pakistan 2026,1,1,1,1,1,1,1
tax-audit-preparation-checklist-pakistan,other,55,178,1077,Tax Audit Preparation Checklist Pakistan 2026 &mdash; Complete FBR Guide,1,1,1,1,1,1,1
tax-benefits-filer-pakistan,service,58,156,590,Tax Benefits of Being a Filer in Pakistan 2026 â€&rdquo; Complete Guide,1,1,1,1,1,1,1
tax-calculator,calculator,58,159,301,Income Tax CalculatorPakistan 2025â€&ldquo;26,1,1,1,1,1,1,1
tax-consultant-allama-iqbal-town-lahore,other,47,165,797,Tax Consultant in Allama Iqbal Town Lahore,1,1,1,1,1,1,1
tax-consultant-cavalry-ground-lahore,other,44,162,831,Tax Consultant in Cavalry Ground Lahore 2026,1,1,1,1,1,1,1
tax-consultant-faisal-town-lahore,other,41,165,780,Tax Consultant in Faisal Town Lahore,1,1,1,1,1,1,1
tax-consultant-garden-town-lahore,other,41,165,780,Tax Consultant in Garden Town Lahore,1,1,1,1,1,1,1
tax-consultant-gulshan-ravi-lahore,other,42,167,836,Tax Consultant in Gulshan Ravi Lahore 2026,1,1,1,1,1,1,1
tax-consultant-johar-town-lahore,other,45,140,781,Best Tax Consultant in Johar Town Lahore,1,1,1,1,1,1,1
tax-consultant-lahore-cantt,other,55,165,765,Tax Consultant in Lahore Cantt,1,1,1,1,1,1,1
tax-consultant-model-town-lahore,other,60,164,782,Tax Consultant in Model Town Lahore,1,1,1,1,1,1,1
tax-consultant-samanabad-lahore,other,59,155,949,Tax Consultant in Samanabad Lahore 2026,1,1,1,1,1,1,1
tax-consultant-shadman-lahore,other,57,156,878,Tax Consultant in Shadman Lahore 2026,1,1,1,1,1,1,1
tax-consultant-township-lahore,other,58,165,765,Tax Consultant in Township Lahore,1,1,1,1,1,1,1
tax-consultant-wapda-town-lahore,other,60,165,782,Tax Consultant in Wapda Town Lahore,1,1,1,1,1,1,1
tax-deductions-business-pakistan-2026,service,56,189,1568,Essential Tax Deductions for Businesses in Pakistan 2026 &mdash; Complete FBR Gu,1,1,1,1,1,1,1
tax-exemption-certificate,other,57,169,690,Tax Exemption Certificate Pakistan &mdash; Section 159 FBR,1,1,1,1,1,1,1
tax-filing-architects-pakistan,service,54,165,585,Tax Filing for Architects in Pakistan 2026 â€&rdquo; Complete FBR Guide,1,1,1,1,1,1,1
tax-filing-bahria-town-lahore,service,43,141,783,Tax Filing Services Bahria Town Lahore,1,1,1,1,1,1,1
tax-filing-consultants-pakistan,service,53,169,662,Tax Filing for Consultants in Pakistan 2026 &mdash; Complete FBR Guide,1,1,1,1,1,1,1
tax-filing-doctors-pakistan,service,57,146,854,Tax Filing for Doctors in Pakistan 2026 &mdash; Complete FBR Guide,1,1,1,1,1,1,1
tax-filing-engineers-pakistan,service,53,188,593,Tax Filing for Engineers in Pakistan 2026 â€&rdquo; Complete FBR Guide,1,1,1,1,1,1,1
tax-filing-exporters-pakistan,service,55,147,589,Tax Filing for Exporters in Pakistan 2026 â€&rdquo; Complete FBR Guide,1,1,1,1,1,1,1
tax-filing-importers-pakistan,service,53,161,592,Tax Filing for Importers in Pakistan 2026 â€&rdquo; Complete FBR Guide,1,1,1,1,1,1,1
tax-filing-lawyers-pakistan,service,53,140,752,Tax Filing for Lawyers in Pakistan 2026 &mdash; Complete FBR Guide,1,1,1,1,1,1,1
tax-filing-traders-pakistan,service,57,141,588,Tax Filing for Traders in Pakistan 2026 â€&rdquo; Complete FBR Guide,1,1,1,1,1,1,1
tax-for-ai-agencies-pakistan,other,49,143,885,Tax for AI Agencies Pakistan 2026 &mdash; FBR Compliance Complete Guide,1,1,1,1,1,1,1
tax-for-automation-businesses-pakistan,service,52,143,925,Tax for Automation Businesses Pakistan 2026 &mdash; No-Code; RPA & Zapier Agency,1,1,1,1,1,1,1
tax-on-agricultural-income-pakistan,other,59,145,1061,Tax on Agricultural Income Pakistan 2026,1,1,1,1,1,1,1
tax-on-commercial-property-pakistan,service,40,152,1063,Tax on Commercial Property Pakistan 2026,1,1,1,1,1,1,1
tax-on-international-clients-pakistan,other,56,172,816,Tax on International Clients Pakistan 2026 &mdash; FBR Rules for Foreign Income ,1,1,1,1,1,1,1
tax-penalties-in-pakistan,other,56,150,1069,Tax Penalties in Pakistan 2026,1,1,1,1,1,1,1
terms,trust,36,165,298,Terms of Service,1,1,1,1,1,1,1
testimonials,trust,19,174,9347,What Our Clients Say,1,1,1,1,1,1,1
tiktok-creator-tax-pakistan,other,51,165,1052,TikTok Creator Tax Guide Pakistan 2026 &mdash; Brand Deals; LIVE Gifts; Affiliat,1,1,1,1,1,1,1
trademark-registration-cost-pakistan,service,54,143,1074,Trademark Registration Cost Pakistan 2026,1,1,1,1,1,1,1
uae-remote-job-tax-pakistan,other,58,167,948,UAE Remote Job Tax Guide Pakistan 2026 &mdash; FBR Rules for UAE Salary Income,1,1,1,1,1,1,1
upwork-income-tax-pakistan,service,60,156,956,Tax on Upwork Income in Pakistan 2026 &mdash; Everything a Pakistani Freelancer ,1,1,1,1,1,1,1
upwork-tax-guide-pakistan,other,51,180,964,Upwork Tax Guide Pakistan 2026 &mdash; Complete FBR Income Declaration for Freel,1,1,1,1,1,1,1
wealth-statement,other,45,189,662,Wealth Statement Filing &mdash; Accurate &amp; FBR-Compliant,1,1,1,1,1,1,1
wealth-statement-consultant-lahore,other,59,165,764,Wealth Statement Consultant Lahore,1,1,1,1,1,1,1
wealth-statement-mistakes-pakistan,other,53,149,1644,Common Wealth Statement Mistakes in Pakistan 2026 &mdash; FBR Errors to Avoid,1,1,1,1,1,1,1
wise-business-account-tax-pakistan,service,53,168,966,Wise Business Account Tax Guide Pakistan 2026 &mdash; FBR Declaration &amp; Comp,1,1,1,1,1,1,1
withholding-tax,other,48,151,660,Withholding Tax Compliance &amp; Monthly Filing Pakistan,1,1,1,1,1,1,1
youtube-monetization-tax-pakistan,other,53,143,1148,YouTube Monetization Tax in Pakistan 2026 &mdash; What Every Pakistani Creator M,1,1,1,1,1,1,1